file,inclination_exist,damper_exist,frequency_exist
G0_P1_case_perfect.mat,false,true,true
G0_P1_case_perfect.mat,false,false,false
G0_P1_case_perfect.mat,false,false,false
G0_P1_case_perfect.mat,false,false,false
G0_P1_case_perfect.mat,false,false,false
G0_P1_case_perfect.mat,false,false,true
G0_P1_case_perfect.mat,false,false,false
G0_P1_case_perfect.mat,false,false,false
G0_P1_case_perfect.mat,false,false,false
G0_P1_case_perfect.mat,false,false,false
G0_P1_case_perfect.mat,false,false,false
G0_P1_case_perfect.mat,false,false,false
G0_P1_case_perfect.mat,false,false,false
G0_P1_case_perfect.mat,false,false,false
G0_P1_case_perfect.mat,false,false,false
G0_P1_case_perfect.mat,false,false,false
G0_P1_case_perfect.mat,false,false,false
G0_P1_case_perfect.mat,false,false,false
G0_P1_case_perfect.mat,false,false,false
G0_P1_case_perfect.mat,false,false,false
G0_P1_case_perfect.mat,false,false,false
G0_P1_case_perfect.mat,false,false,false
G0_P1_case_perfect.mat,false,false,false
G0_P2_case_perfect.mat,false,false,false
G0_P2_case_perfect.mat,false,false,false
G0_P2_case_perfect.mat,false,false,false
G0_P2_case_perfect.mat,false,false,false
G0_P2_case_perfect.mat,false,false,false
G0_P2_case_perfect.mat,false,false,false
G0_P2_case_perfect.mat,false,false,false
G0_P2_case_perfect.mat,false,false,false
G0_P2_case_perfect.mat,false,false,false
G0_P2_case_perfect.mat,false,false,false
G0_P2_case_perfect.mat,false,false,false
G0_P2_case_perfect.mat,false,false,false
G0_P2_case_perfect.mat,false,false,false
G0_P2_case_perfect.mat,false,false,false
G0_P2_case_perfect.mat,false,false,false
G0_P2_case_perfect.mat,false,false,false
G0_P2_case_perfect.mat,false,false,false
G0_P2_case_perfect.mat,false,false,false
G0_P2_case_perfect.mat,false,false,false
G0_P2_case_perfect.mat,false,false,false
G0_P2_case_perfect.mat,false,false,false
G0_P2_case_perfect.mat,false,false,false
G0_P2_case_perfect.mat,false,false,false
G0_P3_case_perfect.mat,false,false,false
G0_P3_case_perfect.mat,false,false,false
G0_P3_case_perfect.mat,false,false,false
G0_P3_case_perfect.mat,false,false,false
G0_P3_case_perfect.mat,false,false,false
G0_P3_case_perfect.mat,false,false,false
G0_P3_case_perfect.mat,false,false,false
G0_P3_case_perfect.mat,false,false,false
G0_P3_case_perfect.mat,false,false,false
G0_P3_case_perfect.mat,false,false,false
G0_P3_case_perfect.mat,false,false,false
G0_P3_case_perfect.mat,false,false,false
G0_P3_case_perfect.mat,false,false,false
G0_P3_case_perfect.mat,false,false,false
G0_P3_case_perfect.mat,false,false,false
G0_P3_case_perfect.mat,false,false,false
G0_P3_case_perfect.mat,false,false,false
G0_P3_case_perfect.mat,false,false,false
G0_P3_case_perfect.mat,false,false,false
G0_P3_case_perfect.mat,false,false,false
G0_P3_case_perfect.mat,false,false,false
G0_P3_case_perfect.mat,false,false,false
G0_P3_case_perfect.mat,false,false,false
G0_P3_case_perfect.mat,false,false,false
G0_P4_case_perfect.mat,false,false,false
G0_P4_case_perfect.mat,false,false,false
G0_P4_case_perfect.mat,false,false,false
G0_P4_case_perfect.mat,false,false,false
G0_P4_case_perfect.mat,false,false,false
G0_P4_case_perfect.mat,true,false,false
G0_P4_case_perfect.mat,false,false,false
G0_P4_case_perfect.mat,false,false,false
G0_P4_case_perfect.mat,false,false,false
G0_P4_case_perfect.mat,false,false,false
G0_P4_case_perfect.mat,false,false,false
G0_P4_case_perfect.mat,false,false,false
G0_P4_case_perfect.mat,false,false,false
G0_P4_case_perfect.mat,false,false,false
G0_P4_case_perfect.mat,false,false,false
G0_P4_case_perfect.mat,true,false,false
G0_P4_case_perfect.mat,false,true,false
G0_P4_case_perfect.mat,false,false,false
G0_P4_case_perfect.mat,false,false,false
G0_P4_case_perfect.mat,false,false,false
G0_P4_case_perfect.mat,false,false,false
G0_P4_case_perfect.mat,false,false,false
G0_P4_case_perfect.mat,false,false,false
G0_P4_case_perfect.mat,false,false,false
G0_P5_case_perfect.mat,false,false,false
G0_P5_case_perfect.mat,false,false,false
G0_P5_case_perfect.mat,false,false,false
G0_P5_case_perfect.mat,false,false,false
G0_P5_case_perfect.mat,false,false,false
G0_P5_case_perfect.mat,false,false,false
G0_P5_case_perfect.mat,false,false,false
G0_P5_case_perfect.mat,false,false,false
G0_P5_case_perfect.mat,false,false,false
G0_P5_case_perfect.mat,false,false,false
G0_P5_case_perfect.mat,false,false,false
G0_P5_case_perfect.mat,false,false,false
G0_P5_case_perfect.mat,false,false,false
G0_P5_case_perfect.mat,false,false,false
G0_P5_case_perfect.mat,false,false,false
G0_P5_case_perfect.mat,false,false,false
G0_P5_case_perfect.mat,false,false,false
G0_P5_case_perfect.mat,false,false,false
G0_P5_case_perfect.mat,false,true,false
G1_P1_case11.mat,false,false,true
G1_P1_case11.mat,false,false,true
G1_P1_case11.mat,false,false,true
G1_P1_case11.mat,false,false,true
G1_P1_case11.mat,false,false,true
G1_P1_case11.mat,false,false,true
G1_P1_case11.mat,false,false,true
G1_P1_case11.mat,false,false,true
G1_P1_case11.mat,false,false,true
G1_P1_case11.mat,false,false,true
G1_P1_case11.mat,false,false,true
G1_P1_case11.mat,false,false,true
G1_P1_case11.mat,false,false,true
G1_P1_case11.mat,false,false,true
G1_P1_case11.mat,false,false,true
G1_P1_case11.mat,false,false,true
G1_P1_case11.mat,false,false,true
G1_P1_case11.mat,false,false,true
G1_P1_case11.mat,false,false,true
G1_P1_case11.mat,false,false,true
G1_P1_case11.mat,false,false,true
G1_P1_case11.mat,false,false,true
G1_P1_case11.mat,false,false,true
G1_P1_case11.mat,false,false,true
G1_P1_case12.mat,true,false,false
G1_P1_case12.mat,true,false,false
G1_P1_case12.mat,true,false,false
G1_P1_case12.mat,true,false,false
G1_P1_case12.mat,true,false,false
G1_P1_case12.mat,true,false,false
G1_P1_case12.mat,true,false,false
G1_P1_case12.mat,true,false,false
G1_P1_case12.mat,true,false,false
G1_P1_case12.mat,true,false,false
G1_P1_case12.mat,true,false,false
G1_P1_case12.mat,true,false,false
G1_P1_case12.mat,true,false,false
G1_P1_case12.mat,true,false,false
G1_P1_case12.mat,true,false,false
G1_P1_case12.mat,true,false,false
G1_P1_case12.mat,true,false,false
G1_P1_case12.mat,true,false,false
G1_P1_case12.mat,true,false,false
G1_P1_case12.mat,true,false,false
G1_P1_case12.mat,true,false,false
G1_P1_case12.mat,true,false,false
G1_P1_case12.mat,false,true,false
G1_P1_case12.mat,false,true,false
G1_P1_case13.mat,false,true,false
G1_P1_case13.mat,true,true,false
G1_P1_case13.mat,false,false,false
G1_P1_case13.mat,false,true,false
G1_P1_case13.mat,false,true,false
G1_P1_case13.mat,true,true,false
G1_P1_case13.mat,false,true,false
G1_P1_case13.mat,false,true,false
G1_P1_case13.mat,false,true,false
G1_P1_case13.mat,true,true,false
G1_P1_case13.mat,false,true,false
G1_P1_case13.mat,false,true,false
G1_P1_case13.mat,false,true,false
G1_P1_case13.mat,false,true,false
G1_P1_case13.mat,true,true,false
G1_P1_case13.mat,false,true,false
G1_P1_case13.mat,false,true,false
G1_P1_case13.mat,false,false,false
G1_P1_case13.mat,false,true,false
G1_P1_case13.mat,false,true,false
G1_P1_case13.mat,false,true,false
G1_P1_case13.mat,false,true,false
G1_P1_case13.mat,false,true,false
G1_P1_case13.mat,false,true,false
G1_P1_case13.mat,false,false,false
G1_P1_case15.mat,true,false,true
G1_P1_case15.mat,true,false,true
G1_P1_case15.mat,true,false,true
G1_P1_case15.mat,true,false,true
G1_P1_case15.mat,true,false,true
G1_P1_case15.mat,true,false,true
G1_P1_case15.mat,true,false,true
G1_P1_case15.mat,true,false,true
G1_P1_case15.mat,true,false,true
G1_P1_case15.mat,true,false,true
G1_P1_case15.mat,true,false,true
G1_P1_case15.mat,true,false,true
G1_P1_case15.mat,true,false,true
G1_P1_case15.mat,true,false,true
G1_P1_case15.mat,true,false,true
G1_P1_case15.mat,true,false,true
G1_P1_case15.mat,true,false,true
G1_P1_case15.mat,true,false,true
G1_P1_case15.mat,true,false,true
G1_P1_case15.mat,true,false,true
G1_P1_case15.mat,true,false,true
G1_P1_case15.mat,true,false,true
G1_P1_case15.mat,true,false,true
G1_P1_case16.mat,false,true,true
G1_P1_case16.mat,false,true,true
G1_P1_case16.mat,false,true,true
G1_P1_case16.mat,false,true,true
G1_P1_case16.mat,false,true,true
G1_P1_case16.mat,false,true,true
G1_P1_case16.mat,false,true,true
G1_P1_case16.mat,false,true,true
G1_P1_case16.mat,false,true,true
G1_P1_case16.mat,false,true,true
G1_P1_case16.mat,false,true,true
G1_P1_case16.mat,false,true,true
G1_P1_case16.mat,false,true,true
G1_P1_case16.mat,false,true,true
G1_P1_case16.mat,false,true,true
G1_P1_case16.mat,false,true,true
G1_P1_case16.mat,false,true,true
G1_P1_case16.mat,false,true,true
G1_P1_case16.mat,false,true,true
G1_P1_case16.mat,false,true,true
G1_P1_case16.mat,false,true,true
G1_P1_case16.mat,false,true,true
G1_P1_case16.mat,false,true,true
G1_P2_case11.mat,false,false,true
G1_P2_case11.mat,false,false,true
G1_P2_case11.mat,false,false,true
G1_P2_case11.mat,false,false,true
G1_P2_case11.mat,false,false,true
G1_P2_case11.mat,false,false,true
G1_P2_case11.mat,false,false,true
G1_P2_case11.mat,false,false,true
G1_P2_case11.mat,false,false,true
G1_P2_case11.mat,false,false,true
G1_P2_case11.mat,false,false,true
G1_P2_case11.mat,false,false,true
G1_P2_case11.mat,false,false,true
G1_P2_case11.mat,false,false,true
G1_P2_case11.mat,false,false,true
G1_P2_case11.mat,false,false,true
G1_P2_case11.mat,false,false,true
G1_P2_case11.mat,false,false,true
G1_P2_case11.mat,false,false,true
G1_P2_case11.mat,false,false,true
G1_P2_case11.mat,false,false,true
G1_P2_case11.mat,false,false,true
G1_P2_case11.mat,false,false,true
G1_P2_case11.mat,false,false,true
G1_P2_case12.mat,true,false,false
G1_P2_case12.mat,true,true,false
G1_P2_case12.mat,true,false,false
G1_P2_case12.mat,true,false,false
G1_P2_case12.mat,true,false,false
G1_P2_case12.mat,true,false,false
G1_P2_case12.mat,true,false,false
G1_P2_case12.mat,true,false,false
G1_P2_case12.mat,true,false,false
G1_P2_case12.mat,true,false,false
G1_P2_case12.mat,true,false,false
G1_P2_case12.mat,true,false,false
G1_P2_case12.mat,true,false,false
G1_P2_case12.mat,true,false,false
G1_P2_case12.mat,true,false,false
G1_P2_case12.mat,true,false,false
G1_P2_case12.mat,true,false,false
G1_P2_case12.mat,true,false,false
G1_P2_case12.mat,true,false,false
G1_P2_case12.mat,true,false,false
G1_P2_case12.mat,false,false,false
G1_P2_case12.mat,true,true,false
G1_P2_case12.mat,true,false,false
G1_P2_case12.mat,true,false,false
G1_P2_case13.mat,false,true,false
G1_P2_case13.mat,false,false,false
G1_P2_case13.mat,false,true,false
G1_P2_case13.mat,false,true,false
G1_P2_case13.mat,false,false,true
G1_P2_case13.mat,false,true,false
G1_P2_case13.mat,false,true,false
G1_P2_case13.mat,false,true,false
G1_P2_case13.mat,false,true,false
G1_P2_case13.mat,false,false,false
G1_P2_case13.mat,false,true,false
G1_P2_case13.mat,false,false,false
G1_P2_case13.mat,false,false,false
G1_P2_case13.mat,false,true,false
G1_P2_case13.mat,false,true,false
G1_P2_case13.mat,false,true,false
G1_P2_case13.mat,false,true,false
G1_P2_case13.mat,false,true,false
G1_P2_case13.mat,false,true,false
G1_P2_case13.mat,false,true,false
G1_P2_case13.mat,false,true,false
G1_P2_case13.mat,false,true,false
G1_P2_case13.mat,false,true,false
G1_P2_case15.mat,true,false,true
G1_P2_case15.mat,true,false,true
G1_P2_case15.mat,true,false,true
G1_P2_case15.mat,true,false,true
G1_P2_case15.mat,true,false,true
G1_P2_case15.mat,true,false,true
G1_P2_case15.mat,true,false,true
G1_P2_case15.mat,true,false,true
G1_P2_case15.mat,true,false,true
G1_P2_case15.mat,true,false,true
G1_P2_case15.mat,true,false,true
G1_P2_case15.mat,true,false,true
G1_P2_case15.mat,true,false,true
G1_P2_case15.mat,true,false,true
G1_P2_case15.mat,true,false,true
G1_P2_case15.mat,true,false,true
G1_P2_case15.mat,true,false,true
G1_P2_case15.mat,true,false,true
G1_P2_case15.mat,true,false,true
G1_P2_case15.mat,true,false,true
G1_P2_case15.mat,true,false,true
G1_P2_case15.mat,true,false,true
G1_P2_case15.mat,true,false,true
G1_P2_case16.mat,false,true,true
G1_P2_case16.mat,false,true,true
G1_P2_case16.mat,false,true,true
G1_P2_case16.mat,false,true,true
G1_P2_case16.mat,false,true,true
G1_P2_case16.mat,false,true,true
G1_P2_case16.mat,false,true,true
G1_P2_case16.mat,false,true,true
G1_P2_case16.mat,false,true,true
G1_P2_case16.mat,false,true,false
G1_P2_case16.mat,false,true,true
G1_P2_case16.mat,false,true,true
G1_P2_case16.mat,false,true,true
G1_P2_case16.mat,false,true,true
G1_P2_case16.mat,false,true,true
G1_P2_case16.mat,false,true,true
G1_P2_case16.mat,false,true,true
G1_P2_case16.mat,false,true,true
G1_P2_case16.mat,false,true,true
G1_P2_case16.mat,false,true,true
G1_P2_case16.mat,false,true,true
G1_P2_case16.mat,false,true,true
G1_P2_case16.mat,false,true,true
G1_P3_case11.mat,false,false,true
G1_P3_case11.mat,false,false,true
G1_P3_case11.mat,false,false,true
G1_P3_case11.mat,false,false,true
G1_P3_case11.mat,false,false,true
G1_P3_case11.mat,false,false,true
G1_P3_case11.mat,false,false,true
G1_P3_case11.mat,false,false,true
G1_P3_case11.mat,false,false,true
G1_P3_case11.mat,false,false,true
G1_P3_case11.mat,false,false,true
G1_P3_case11.mat,false,false,true
G1_P3_case11.mat,false,false,true
G1_P3_case11.mat,false,false,true
G1_P3_case11.mat,false,false,true
G1_P3_case11.mat,false,false,true
G1_P3_case11.mat,false,false,true
G1_P3_case11.mat,false,false,true
G1_P3_case11.mat,false,false,true
G1_P3_case11.mat,false,false,true
G1_P3_case11.mat,false,false,true
G1_P3_case11.mat,false,false,true
G1_P3_case11.mat,false,false,true
G1_P3_case11.mat,false,false,true
G1_P3_case11.mat,false,false,true
G1_P3_case12.mat,true,false,false
G1_P3_case12.mat,true,false,false
G1_P3_case12.mat,true,false,false
G1_P3_case12.mat,false,false,false
G1_P3_case12.mat,true,false,false
G1_P3_case12.mat,true,false,false
G1_P3_case12.mat,true,false,false
G1_P3_case12.mat,true,false,false
G1_P3_case12.mat,true,false,false
G1_P3_case12.mat,true,false,false
G1_P3_case12.mat,false,false,false
G1_P3_case12.mat,true,false,false
G1_P3_case12.mat,true,false,false
G1_P3_case12.mat,false,false,false
G1_P3_case12.mat,true,false,false
G1_P3_case12.mat,true,false,false
G1_P3_case12.mat,false,false,false
G1_P3_case12.mat,true,false,false
G1_P3_case12.mat,true,false,false
G1_P3_case12.mat,true,false,false
G1_P3_case12.mat,true,false,false
G1_P3_case12.mat,true,false,false
G1_P3_case12.mat,true,false,false
G1_P3_case12.mat,true,false,false
G1_P3_case13.mat,false,true,false
G1_P3_case13.mat,false,true,false
G1_P3_case13.mat,false,true,false
G1_P3_case13.mat,false,true,false
G1_P3_case13.mat,false,true,false
G1_P3_case13.mat,false,true,false
G1_P3_case13.mat,false,true,false
G1_P3_case13.mat,false,true,false
G1_P3_case13.mat,false,true,false
G1_P3_case13.mat,false,true,false
G1_P3_case13.mat,false,true,false
G1_P3_case13.mat,false,true,false
G1_P3_case13.mat,true,true,false
G1_P3_case13.mat,false,true,false
G1_P3_case13.mat,true,true,false
G1_P3_case13.mat,false,false,false
G1_P3_case13.mat,false,true,false
G1_P3_case13.mat,false,true,false
G1_P3_case13.mat,false,true,false
G1_P3_case13.mat,false,true,false
G1_P3_case13.mat,false,true,false
G1_P3_case13.mat,false,true,false
G1_P3_case13.mat,false,false,false
G1_P3_case13.mat,false,true,false
G1_P3_case15.mat,true,true,true
G1_P3_case15.mat,true,false,true
G1_P3_case15.mat,true,false,true
G1_P3_case15.mat,true,false,true
G1_P3_case15.mat,true,false,true
G1_P3_case15.mat,true,false,true
G1_P3_case15.mat,true,false,true
G1_P3_case15.mat,true,false,true
G1_P3_case15.mat,true,false,true
G1_P3_case15.mat,true,true,true
G1_P3_case15.mat,true,false,true
G1_P3_case15.mat,false,false,true
G1_P3_case15.mat,true,false,true
G1_P3_case15.mat,true,false,true
G1_P3_case15.mat,true,false,true
G1_P3_case15.mat,true,false,true
G1_P3_case15.mat,true,false,true
G1_P3_case15.mat,true,false,true
G1_P3_case15.mat,true,false,true
G1_P3_case15.mat,true,false,true
G1_P3_case15.mat,true,false,true
G1_P3_case15.mat,true,false,true
G1_P3_case15.mat,true,false,true
G1_P3_case16.mat,false,true,true
G1_P3_case16.mat,false,true,true
G1_P3_case16.mat,false,true,true
G1_P3_case16.mat,false,true,true
G1_P3_case16.mat,false,true,true
G1_P3_case16.mat,false,true,true
G1_P3_case16.mat,false,true,true
G1_P3_case16.mat,false,true,true
G1_P3_case16.mat,false,true,true
G1_P3_case16.mat,false,true,true
G1_P3_case16.mat,false,true,true
G1_P3_case16.mat,false,true,true
G1_P3_case16.mat,false,true,true
G1_P3_case16.mat,false,true,true
G1_P3_case16.mat,false,true,true
G1_P3_case16.mat,false,true,true
G1_P3_case16.mat,false,true,true
G1_P3_case16.mat,false,true,true
G1_P3_case16.mat,false,true,true
G1_P3_case16.mat,false,true,true
G1_P3_case16.mat,false,true,true
G1_P3_case16.mat,false,true,true
G1_P3_case16.mat,false,true,true
G1_P4_case11.mat,false,false,true
G1_P4_case11.mat,false,false,true
G1_P4_case11.mat,false,false,true
G1_P4_case11.mat,false,false,true
G1_P4_case11.mat,false,false,true
G1_P4_case11.mat,false,false,true
G1_P4_case11.mat,false,false,true
G1_P4_case11.mat,false,false,true
G1_P4_case11.mat,false,false,true
G1_P4_case11.mat,false,false,true
G1_P4_case11.mat,false,false,true
G1_P4_case11.mat,false,false,true
G1_P4_case11.mat,false,false,true
G1_P4_case11.mat,false,false,true
G1_P4_case11.mat,false,false,true
G1_P4_case11.mat,false,false,true
G1_P4_case11.mat,false,false,true
G1_P4_case11.mat,false,false,true
G1_P4_case11.mat,false,false,true
G1_P4_case11.mat,false,false,true
G1_P4_case11.mat,false,false,true
G1_P4_case11.mat,false,false,true
G1_P4_case11.mat,false,false,true
G1_P4_case11.mat,false,false,true
G1_P4_case12.mat,true,false,false
G1_P4_case12.mat,true,false,false
G1_P4_case12.mat,true,false,false
G1_P4_case12.mat,true,false,false
G1_P4_case12.mat,true,false,false
G1_P4_case12.mat,true,false,false
G1_P4_case12.mat,true,false,false
G1_P4_case12.mat,true,false,false
G1_P4_case12.mat,true,false,false
G1_P4_case12.mat,true,false,false
G1_P4_case12.mat,true,false,false
G1_P4_case12.mat,true,false,false
G1_P4_case12.mat,true,false,false
G1_P4_case12.mat,true,false,false
G1_P4_case12.mat,true,false,false
G1_P4_case12.mat,true,false,false
G1_P4_case12.mat,false,false,false
G1_P4_case12.mat,true,false,false
G1_P4_case12.mat,true,false,false
G1_P4_case12.mat,true,false,false
G1_P4_case12.mat,true,false,false
G1_P4_case12.mat,true,false,false
G1_P4_case12.mat,true,false,false
G1_P4_case12.mat,true,true,false
G1_P4_case13.mat,false,true,false
G1_P4_case13.mat,false,true,false
G1_P4_case13.mat,true,true,false
G1_P4_case13.mat,false,true,false
G1_P4_case13.mat,false,false,false
G1_P4_case13.mat,false,true,false
G1_P4_case13.mat,false,true,false
G1_P4_case13.mat,false,true,false
G1_P4_case13.mat,true,true,false
G1_P4_case13.mat,false,true,false
G1_P4_case13.mat,false,true,false
G1_P4_case13.mat,false,true,false
G1_P4_case13.mat,false,true,false
G1_P4_case13.mat,false,true,false
G1_P4_case13.mat,true,true,false
G1_P4_case13.mat,false,false,false
G1_P4_case13.mat,false,true,false
G1_P4_case13.mat,false,true,false
G1_P4_case13.mat,false,true,false
G1_P4_case13.mat,false,true,false
G1_P4_case13.mat,false,false,false
G1_P4_case13.mat,false,true,false
G1_P4_case13.mat,false,true,false
G1_P4_case13.mat,false,true,false
G1_P4_case15.mat,true,false,true
G1_P4_case15.mat,true,false,true
G1_P4_case15.mat,true,false,true
G1_P4_case15.mat,true,false,true
G1_P4_case15.mat,true,false,true
G1_P4_case15.mat,true,false,true
G1_P4_case15.mat,true,false,true
G1_P4_case15.mat,true,false,true
G1_P4_case15.mat,true,false,true
G1_P4_case15.mat,true,false,true
G1_P4_case15.mat,true,false,true
G1_P4_case15.mat,true,false,true
G1_P4_case15.mat,true,false,true
G1_P4_case15.mat,true,false,true
G1_P4_case15.mat,true,false,true
G1_P4_case15.mat,true,false,true
G1_P4_case15.mat,true,false,true
G1_P4_case15.mat,true,false,true
G1_P4_case15.mat,true,false,true
G1_P4_case15.mat,true,false,true
G1_P4_case15.mat,true,false,true
G1_P4_case15.mat,true,false,true
G1_P4_case15.mat,true,false,true
G1_P4_case15.mat,true,false,true
G1_P4_case16.mat,false,true,true
G1_P4_case16.mat,false,true,true
G1_P4_case16.mat,false,true,true
G1_P4_case16.mat,false,true,true
G1_P4_case16.mat,false,true,true
G1_P4_case16.mat,false,false,true
G1_P4_case16.mat,false,true,true
G1_P4_case16.mat,false,true,true
G1_P4_case16.mat,false,false,true
G1_P4_case16.mat,false,true,true
G1_P4_case16.mat,true,true,true
G1_P4_case16.mat,false,true,true
G1_P4_case16.mat,false,true,true
G1_P4_case16.mat,true,true,true
G1_P4_case16.mat,false,true,true
G1_P4_case16.mat,false,true,true
G1_P4_case16.mat,false,true,true
G1_P4_case16.mat,false,true,true
G1_P4_case16.mat,false,false,true
G1_P4_case16.mat,false,true,true
G1_P4_case16.mat,false,true,true
G1_P4_case16.mat,false,false,true
G1_P4_case16.mat,false,false,true
G1_P5_case11.mat,false,false,true
G1_P5_case11.mat,false,false,true
G1_P5_case11.mat,false,false,true
G1_P5_case11.mat,false,false,true
G1_P5_case11.mat,false,false,true
G1_P5_case11.mat,false,false,true
G1_P5_case11.mat,false,false,true
G1_P5_case11.mat,false,false,true
G1_P5_case11.mat,false,true,true
G1_P5_case11.mat,false,false,true
G1_P5_case11.mat,false,false,true
G1_P5_case11.mat,false,false,true
G1_P5_case11.mat,false,false,true
G1_P5_case11.mat,false,false,true
G1_P5_case11.mat,false,false,true
G1_P5_case11.mat,false,false,true
G1_P5_case11.mat,false,false,true
G1_P5_case11.mat,false,false,true
G1_P5_case11.mat,false,false,true
G1_P5_case12.mat,true,true,false
G1_P5_case12.mat,true,false,false
G1_P5_case12.mat,true,false,false
G1_P5_case12.mat,false,false,false
G1_P5_case12.mat,true,false,false
G1_P5_case12.mat,true,false,false
G1_P5_case12.mat,true,false,false
G1_P5_case12.mat,false,false,true
G1_P5_case12.mat,true,false,false
G1_P5_case12.mat,true,false,false
G1_P5_case12.mat,true,false,false
G1_P5_case12.mat,true,false,false
G1_P5_case12.mat,true,true,false
G1_P5_case12.mat,true,false,false
G1_P5_case12.mat,true,false,false
G1_P5_case12.mat,true,false,false
G1_P5_case12.mat,true,false,false
G1_P5_case12.mat,true,false,false
G1_P5_case12.mat,true,false,false
G1_P5_case13.mat,false,true,false
G1_P5_case13.mat,false,true,false
G1_P5_case13.mat,false,true,false
G1_P5_case13.mat,false,true,false
G1_P5_case13.mat,false,true,false
G1_P5_case13.mat,false,true,false
G1_P5_case13.mat,false,true,false
G1_P5_case13.mat,false,true,false
G1_P5_case13.mat,false,true,false
G1_P5_case13.mat,false,true,false
G1_P5_case13.mat,false,true,false
G1_P5_case13.mat,false,true,false
G1_P5_case13.mat,false,true,false
G1_P5_case13.mat,false,true,false
G1_P5_case13.mat,false,true,false
G1_P5_case13.mat,false,true,false
G1_P5_case13.mat,false,true,false
G1_P5_case13.mat,false,true,false
G1_P5_case13.mat,false,true,false
G1_P5_case15.mat,true,false,true
G1_P5_case15.mat,true,false,true
G1_P5_case15.mat,true,false,true
G1_P5_case15.mat,true,false,true
G1_P5_case15.mat,true,false,true
G1_P5_case15.mat,true,false,true
G1_P5_case15.mat,true,false,true
G1_P5_case15.mat,true,false,true
G1_P5_case15.mat,true,false,true
G1_P5_case15.mat,true,false,true
G1_P5_case15.mat,true,false,true
G1_P5_case15.mat,true,false,true
G1_P5_case15.mat,true,false,true
G1_P5_case15.mat,true,false,true
G1_P5_case15.mat,true,false,true
G1_P5_case15.mat,true,false,true
G1_P5_case15.mat,true,false,true
G1_P5_case15.mat,true,false,true
G1_P5_case15.mat,true,false,true
G1_P5_case16.mat,false,true,true
G1_P5_case16.mat,false,true,true
G1_P5_case16.mat,false,false,true
G1_P5_case16.mat,false,false,true
G1_P5_case16.mat,false,true,false
G1_P5_case16.mat,false,true,false
G1_P5_case16.mat,false,true,true
G1_P5_case16.mat,true,true,true
G1_P5_case16.mat,false,true,true
G1_P5_case16.mat,false,true,false
G1_P5_case16.mat,false,true,true
G1_P5_case16.mat,false,true,true
G1_P5_case16.mat,false,true,true
G1_P5_case16.mat,false,true,true
G1_P5_case16.mat,false,true,false
G1_P5_case16.mat,false,true,true
G1_P5_case16.mat,false,true,true
G1_P5_case16.mat,false,true,true
G1_P5_case16.mat,false,true,true
G2_P1_case21.mat,false,false,true
G2_P1_case21.mat,false,false,true
G2_P1_case21.mat,false,false,true
G2_P1_case21.mat,false,false,true
G2_P1_case21.mat,false,false,true
G2_P1_case21.mat,false,false,true
G2_P1_case21.mat,false,false,true
G2_P1_case21.mat,false,false,true
G2_P1_case21.mat,false,false,true
G2_P1_case21.mat,false,false,true
G2_P1_case21.mat,false,false,true
G2_P1_case21.mat,false,false,true
G2_P1_case21.mat,false,false,true
G2_P1_case21.mat,false,false,true
G2_P1_case21.mat,false,false,true
G2_P1_case21.mat,false,false,true
G2_P1_case21.mat,false,false,true
G2_P1_case21.mat,false,false,true
G2_P1_case21.mat,false,false,true
G2_P1_case21.mat,false,false,true
G2_P1_case21.mat,false,false,true
G2_P1_case21.mat,false,false,true
G2_P1_case21.mat,false,false,true
G2_P1_case21.mat,false,false,true
G2_P1_case22.mat,true,false,false
G2_P1_case22.mat,true,false,false
G2_P1_case22.mat,true,false,false
G2_P1_case22.mat,true,false,false
G2_P1_case22.mat,true,false,false
G2_P1_case22.mat,true,false,false
G2_P1_case22.mat,true,false,false
G2_P1_case22.mat,true,false,false
G2_P1_case22.mat,true,false,false
G2_P1_case22.mat,true,false,false
G2_P1_case22.mat,true,false,false
G2_P1_case22.mat,true,false,false
G2_P1_case22.mat,true,false,false
G2_P1_case22.mat,true,false,false
G2_P1_case22.mat,true,false,false
G2_P1_case22.mat,true,false,false
G2_P1_case22.mat,true,false,false
G2_P1_case22.mat,true,false,false
G2_P1_case22.mat,true,false,false
G2_P1_case22.mat,true,false,false
G2_P1_case22.mat,true,false,false
G2_P1_case22.mat,false,false,false
G2_P1_case22.mat,true,false,false
G2_P1_case22.mat,true,false,false
G2_P1_case23.mat,false,true,false
G2_P1_case23.mat,true,true,false
G2_P1_case23.mat,false,true,false
G2_P1_case23.mat,false,false,false
G2_P1_case23.mat,false,true,false
G2_P1_case23.mat,false,true,false
G2_P1_case23.mat,false,true,false
G2_P1_case23.mat,false,false,false
G2_P1_case23.mat,false,true,false
G2_P1_case23.mat,true,true,false
G2_P1_case23.mat,false,true,false
G2_P1_case23.mat,false,true,false
G2_P1_case23.mat,false,false,false
G2_P1_case23.mat,false,true,false
G2_P1_case23.mat,false,true,false
G2_P1_case23.mat,false,true,false
G2_P1_case23.mat,true,true,false
G2_P1_case23.mat,false,true,false
G2_P1_case23.mat,false,true,false
G2_P1_case23.mat,true,false,false
G2_P1_case23.mat,false,true,false
G2_P1_case23.mat,false,true,false
G2_P1_case23.mat,false,true,false
G2_P1_case25.mat,true,false,true
G2_P1_case25.mat,true,false,true
G2_P1_case25.mat,true,false,true
G2_P1_case25.mat,true,false,true
G2_P1_case25.mat,true,false,true
G2_P1_case25.mat,true,false,true
G2_P1_case25.mat,true,false,true
G2_P1_case25.mat,true,false,true
G2_P1_case25.mat,true,false,true
G2_P1_case25.mat,true,true,true
G2_P1_case25.mat,true,false,true
G2_P1_case25.mat,true,false,true
G2_P1_case25.mat,true,false,true
G2_P1_case25.mat,true,false,true
G2_P1_case25.mat,true,false,true
G2_P1_case25.mat,true,false,true
G2_P1_case25.mat,true,false,true
G2_P1_case25.mat,true,false,true
G2_P1_case25.mat,true,false,true
G2_P1_case25.mat,true,false,true
G2_P1_case25.mat,true,false,true
G2_P1_case25.mat,true,false,true
G2_P1_case25.mat,true,false,true
G2_P1_case26.mat,false,true,true
G2_P1_case26.mat,false,true,true
G2_P1_case26.mat,false,true,true
G2_P1_case26.mat,false,true,true
G2_P1_case26.mat,false,true,true
G2_P1_case26.mat,false,true,true
G2_P1_case26.mat,false,true,true
G2_P1_case26.mat,false,true,true
G2_P1_case26.mat,false,true,true
G2_P1_case26.mat,false,true,true
G2_P1_case26.mat,false,true,true
G2_P1_case26.mat,false,true,true
G2_P1_case26.mat,false,true,true
G2_P1_case26.mat,false,true,true
G2_P1_case26.mat,false,true,true
G2_P1_case26.mat,false,true,true
G2_P1_case26.mat,false,true,true
G2_P1_case26.mat,false,true,true
G2_P1_case26.mat,false,true,true
G2_P1_case26.mat,false,true,true
G2_P1_case26.mat,false,true,true
G2_P1_case26.mat,false,true,true
G2_P1_case26.mat,false,true,true
G2_P2_case21.mat,false,false,true
G2_P2_case21.mat,false,false,true
G2_P2_case21.mat,false,false,true
G2_P2_case21.mat,false,false,true
G2_P2_case21.mat,false,false,true
G2_P2_case21.mat,false,false,true
G2_P2_case21.mat,false,false,true
G2_P2_case21.mat,false,false,true
G2_P2_case21.mat,false,false,true
G2_P2_case21.mat,false,false,true
G2_P2_case21.mat,false,false,true
G2_P2_case21.mat,false,false,true
G2_P2_case21.mat,false,false,true
G2_P2_case21.mat,false,false,true
G2_P2_case21.mat,false,false,true
G2_P2_case21.mat,false,false,true
G2_P2_case21.mat,false,false,true
G2_P2_case21.mat,false,false,true
G2_P2_case21.mat,false,false,true
G2_P2_case21.mat,false,false,true
G2_P2_case21.mat,false,false,true
G2_P2_case21.mat,false,false,true
G2_P2_case21.mat,false,false,true
G2_P2_case21.mat,false,false,true
G2_P2_case22.mat,true,false,false
G2_P2_case22.mat,true,false,true
G2_P2_case22.mat,true,false,false
G2_P2_case22.mat,true,false,false
G2_P2_case22.mat,false,false,false
G2_P2_case22.mat,true,false,false
G2_P2_case22.mat,true,false,false
G2_P2_case22.mat,true,false,false
G2_P2_case22.mat,true,false,false
G2_P2_case22.mat,true,false,false
G2_P2_case22.mat,true,false,true
G2_P2_case22.mat,false,false,false
G2_P2_case22.mat,true,false,false
G2_P2_case22.mat,true,false,false
G2_P2_case22.mat,false,false,false
G2_P2_case22.mat,true,false,false
G2_P2_case22.mat,false,false,false
G2_P2_case22.mat,true,false,false
G2_P2_case22.mat,true,false,false
G2_P2_case22.mat,true,false,false
G2_P2_case22.mat,true,false,false
G2_P2_case22.mat,true,false,false
G2_P2_case22.mat,false,false,false
G2_P2_case23.mat,false,true,false
G2_P2_case23.mat,false,true,false
G2_P2_case23.mat,false,true,false
G2_P2_case23.mat,false,true,false
G2_P2_case23.mat,false,true,false
G2_P2_case23.mat,false,true,false
G2_P2_case23.mat,false,true,false
G2_P2_case23.mat,false,true,false
G2_P2_case23.mat,false,true,false
G2_P2_case23.mat,false,true,false
G2_P2_case23.mat,false,true,false
G2_P2_case23.mat,false,true,false
G2_P2_case23.mat,false,true,false
G2_P2_case23.mat,false,true,false
G2_P2_case23.mat,false,true,false
G2_P2_case23.mat,false,true,false
G2_P2_case23.mat,false,true,false
G2_P2_case23.mat,false,true,false
G2_P2_case23.mat,false,true,false
G2_P2_case23.mat,false,true,false
G2_P2_case23.mat,false,true,false
G2_P2_case23.mat,false,true,false
G2_P2_case23.mat,false,true,false
G2_P2_case23.mat,false,true,false
G2_P2_case25.mat,false,false,true
G2_P2_case25.mat,false,false,true
G2_P2_case25.mat,true,false,true
G2_P2_case25.mat,true,false,true
G2_P2_case25.mat,true,false,true
G2_P2_case25.mat,true,false,true
G2_P2_case25.mat,true,false,true
G2_P2_case25.mat,true,false,true
G2_P2_case25.mat,true,false,false
G2_P2_case25.mat,false,false,true
G2_P2_case25.mat,true,false,true
G2_P2_case25.mat,false,false,true
G2_P2_case25.mat,true,false,true
G2_P2_case25.mat,true,false,true
G2_P2_case25.mat,true,false,true
G2_P2_case25.mat,true,false,true
G2_P2_case25.mat,true,false,true
G2_P2_case25.mat,true,false,true
G2_P2_case25.mat,true,false,false
G2_P2_case25.mat,true,false,true
G2_P2_case25.mat,true,false,true
G2_P2_case25.mat,true,false,false
G2_P2_case25.mat,true,false,true
G2_P2_case26.mat,false,true,true
G2_P2_case26.mat,false,true,true
G2_P2_case26.mat,false,true,true
G2_P2_case26.mat,false,true,true
G2_P2_case26.mat,false,true,true
G2_P2_case26.mat,false,true,true
G2_P2_case26.mat,false,true,true
G2_P2_case26.mat,false,true,true
G2_P2_case26.mat,false,true,true
G2_P2_case26.mat,false,true,true
G2_P2_case26.mat,false,true,true
G2_P2_case26.mat,false,true,true
G2_P2_case26.mat,false,true,true
G2_P2_case26.mat,false,true,true
G2_P2_case26.mat,false,true,true
G2_P2_case26.mat,false,true,true
G2_P2_case26.mat,false,true,true
G2_P2_case26.mat,false,true,true
G2_P2_case26.mat,false,true,true
G2_P2_case26.mat,false,true,true
G2_P2_case26.mat,false,true,true
G2_P2_case26.mat,false,true,true
G2_P2_case26.mat,false,true,true
G2_P3_case21.mat,false,false,true
G2_P3_case21.mat,false,false,true
G2_P3_case21.mat,false,false,true
G2_P3_case21.mat,false,false,true
G2_P3_case21.mat,false,false,true
G2_P3_case21.mat,false,false,true
G2_P3_case21.mat,false,false,true
G2_P3_case21.mat,false,false,true
G2_P3_case21.mat,false,false,true
G2_P3_case21.mat,false,false,true
G2_P3_case21.mat,false,false,true
G2_P3_case21.mat,false,false,true
G2_P3_case21.mat,false,false,true
G2_P3_case21.mat,false,false,true
G2_P3_case21.mat,false,false,true
G2_P3_case21.mat,false,false,true
G2_P3_case21.mat,false,false,true
G2_P3_case21.mat,false,false,true
G2_P3_case21.mat,false,false,true
G2_P3_case21.mat,false,false,true
G2_P3_case21.mat,false,false,true
G2_P3_case21.mat,false,false,true
G2_P3_case21.mat,false,false,true
G2_P3_case21.mat,false,false,true
G2_P3_case22.mat,true,false,false
G2_P3_case22.mat,true,false,false
G2_P3_case22.mat,true,true,false
G2_P3_case22.mat,true,false,false
G2_P3_case22.mat,true,false,false
G2_P3_case22.mat,true,false,false
G2_P3_case22.mat,true,false,false
G2_P3_case22.mat,true,false,false
G2_P3_case22.mat,true,false,false
G2_P3_case22.mat,true,false,false
G2_P3_case22.mat,true,false,false
G2_P3_case22.mat,true,false,false
G2_P3_case22.mat,true,false,false
G2_P3_case22.mat,true,false,false
G2_P3_case22.mat,true,false,false
G2_P3_case22.mat,true,false,false
G2_P3_case22.mat,true,false,false
G2_P3_case22.mat,true,false,false
G2_P3_case22.mat,true,false,false
G2_P3_case22.mat,true,false,false
G2_P3_case22.mat,true,false,false
G2_P3_case22.mat,true,false,false
G2_P3_case22.mat,true,false,false
G2_P3_case22.mat,true,false,false
G2_P3_case23.mat,false,true,false
G2_P3_case23.mat,false,true,false
G2_P3_case23.mat,false,false,false
G2_P3_case23.mat,false,true,false
G2_P3_case23.mat,false,true,false
G2_P3_case23.mat,false,true,false
G2_P3_case23.mat,false,true,false
G2_P3_case23.mat,true,true,false
G2_P3_case23.mat,false,true,false
G2_P3_case23.mat,false,true,false
G2_P3_case23.mat,false,true,false
G2_P3_case23.mat,false,true,false
G2_P3_case23.mat,false,true,false
G2_P3_case23.mat,false,true,false
G2_P3_case23.mat,false,true,false
G2_P3_case23.mat,false,true,false
G2_P3_case23.mat,true,false,false
G2_P3_case23.mat,false,true,false
G2_P3_case23.mat,false,false,false
G2_P3_case23.mat,false,true,false
G2_P3_case23.mat,false,true,false
G2_P3_case23.mat,false,true,false
G2_P3_case23.mat,false,true,false
G2_P3_case25.mat,true,false,true
G2_P3_case25.mat,true,false,true
G2_P3_case25.mat,true,false,true
G2_P3_case25.mat,true,false,true
G2_P3_case25.mat,true,false,true
G2_P3_case25.mat,true,false,true
G2_P3_case25.mat,true,true,true
G2_P3_case25.mat,true,true,true
G2_P3_case25.mat,true,false,true
G2_P3_case25.mat,true,false,true
G2_P3_case25.mat,true,false,true
G2_P3_case25.mat,true,false,true
G2_P3_case25.mat,false,false,true
G2_P3_case25.mat,true,false,true
G2_P3_case25.mat,true,false,true
G2_P3_case25.mat,true,false,true
G2_P3_case25.mat,true,false,true
G2_P3_case25.mat,true,false,true
G2_P3_case25.mat,true,false,true
G2_P3_case25.mat,true,false,true
G2_P3_case25.mat,true,false,true
G2_P3_case25.mat,true,false,true
G2_P3_case25.mat,true,false,true
G2_P3_case26.mat,false,true,true
G2_P3_case26.mat,false,true,true
G2_P3_case26.mat,false,true,true
G2_P3_case26.mat,false,true,true
G2_P3_case26.mat,false,true,true
G2_P3_case26.mat,false,true,true
G2_P3_case26.mat,false,true,true
G2_P3_case26.mat,false,true,true
G2_P3_case26.mat,false,true,true
G2_P3_case26.mat,false,true,true
G2_P3_case26.mat,false,true,true
G2_P3_case26.mat,false,true,true
G2_P3_case26.mat,false,true,true
G2_P3_case26.mat,false,true,true
G2_P3_case26.mat,false,true,true
G2_P3_case26.mat,false,true,true
G2_P3_case26.mat,false,true,true
G2_P3_case26.mat,false,true,true
G2_P3_case26.mat,false,true,true
G2_P3_case26.mat,false,true,true
G2_P3_case26.mat,false,true,true
G2_P3_case26.mat,false,true,true
G2_P3_case26.mat,false,true,true
G2_P4_case21.mat,false,false,true
G2_P4_case21.mat,false,false,true
G2_P4_case21.mat,false,false,true
G2_P4_case21.mat,false,false,true
G2_P4_case21.mat,false,false,true
G2_P4_case21.mat,false,false,true
G2_P4_case21.mat,false,false,true
G2_P4_case21.mat,false,false,true
G2_P4_case21.mat,false,false,true
G2_P4_case21.mat,false,false,true
G2_P4_case21.mat,false,false,true
G2_P4_case21.mat,false,false,true
G2_P4_case21.mat,false,false,true
G2_P4_case21.mat,false,false,true
G2_P4_case21.mat,false,false,true
G2_P4_case21.mat,false,false,true
G2_P4_case21.mat,false,false,true
G2_P4_case21.mat,false,false,true
G2_P4_case21.mat,false,false,true
G2_P4_case21.mat,false,false,true
G2_P4_case21.mat,false,false,true
G2_P4_case21.mat,false,false,true
G2_P4_case21.mat,false,false,true
G2_P4_case21.mat,false,false,true
G2_P4_case22.mat,true,false,false
G2_P4_case22.mat,true,false,false
G2_P4_case22.mat,true,false,false
G2_P4_case22.mat,true,false,false
G2_P4_case22.mat,true,false,false
G2_P4_case22.mat,true,false,false
G2_P4_case22.mat,true,false,false
G2_P4_case22.mat,true,false,false
G2_P4_case22.mat,true,false,false
G2_P4_case22.mat,true,true,false
G2_P4_case22.mat,true,false,false
G2_P4_case22.mat,true,false,false
G2_P4_case22.mat,true,false,false
G2_P4_case22.mat,true,false,false
G2_P4_case22.mat,true,false,false
G2_P4_case22.mat,false,false,false
G2_P4_case22.mat,true,false,false
G2_P4_case22.mat,true,false,false
G2_P4_case22.mat,true,false,false
G2_P4_case22.mat,true,false,false
G2_P4_case22.mat,true,false,false
G2_P4_case22.mat,true,false,false
G2_P4_case22.mat,true,false,false
G2_P4_case22.mat,true,false,false
G2_P4_case23.mat,false,true,false
G2_P4_case23.mat,false,true,false
G2_P4_case23.mat,false,true,false
G2_P4_case23.mat,false,true,false
G2_P4_case23.mat,true,true,false
G2_P4_case23.mat,false,true,false
G2_P4_case23.mat,true,true,false
G2_P4_case23.mat,false,false,false
G2_P4_case23.mat,false,true,false
G2_P4_case23.mat,false,true,false
G2_P4_case23.mat,true,true,false
G2_P4_case23.mat,false,false,false
G2_P4_case23.mat,false,true,false
G2_P4_case23.mat,false,true,false
G2_P4_case23.mat,false,true,false
G2_P4_case23.mat,false,true,false
G2_P4_case23.mat,false,true,false
G2_P4_case23.mat,false,true,false
G2_P4_case23.mat,false,true,false
G2_P4_case23.mat,false,true,false
G2_P4_case23.mat,false,true,false
G2_P4_case23.mat,false,true,false
G2_P4_case23.mat,false,true,false
G2_P4_case25.mat,true,false,true
G2_P4_case25.mat,true,false,true
G2_P4_case25.mat,true,false,true
G2_P4_case25.mat,false,false,true
G2_P4_case25.mat,true,false,true
G2_P4_case25.mat,true,false,true
G2_P4_case25.mat,true,false,true
G2_P4_case25.mat,true,false,true
G2_P4_case25.mat,true,false,true
G2_P4_case25.mat,true,false,true
G2_P4_case25.mat,true,false,true
G2_P4_case25.mat,false,false,true
G2_P4_case25.mat,true,false,true
G2_P4_case25.mat,true,false,true
G2_P4_case25.mat,true,false,true
G2_P4_case25.mat,true,false,true
G2_P4_case25.mat,true,false,true
G2_P4_case25.mat,true,false,true
G2_P4_case25.mat,true,false,true
G2_P4_case25.mat,true,false,true
G2_P4_case25.mat,true,false,true
G2_P4_case25.mat,true,false,true
G2_P4_case25.mat,true,false,true
G2_P4_case26.mat,false,true,true
G2_P4_case26.mat,false,true,true
G2_P4_case26.mat,false,false,true
G2_P4_case26.mat,false,false,true
G2_P4_case26.mat,false,true,true
G2_P4_case26.mat,false,true,true
G2_P4_case26.mat,false,true,true
G2_P4_case26.mat,false,true,true
G2_P4_case26.mat,false,true,true
G2_P4_case26.mat,false,true,true
G2_P4_case26.mat,false,true,true
G2_P4_case26.mat,false,true,true
G2_P4_case26.mat,false,true,true
G2_P4_case26.mat,true,false,true
G2_P4_case26.mat,false,true,true
G2_P4_case26.mat,false,true,true
G2_P4_case26.mat,false,true,true
G2_P4_case26.mat,false,true,true
G2_P4_case26.mat,false,true,true
G2_P4_case26.mat,false,true,true
G2_P4_case26.mat,false,true,true
G2_P4_case26.mat,false,true,true
G2_P4_case26.mat,false,true,true
G2_P5_case21.mat,false,true,true
G2_P5_case21.mat,false,false,true
G2_P5_case21.mat,false,false,true
G2_P5_case21.mat,false,false,true
G2_P5_case21.mat,false,false,true
G2_P5_case21.mat,false,false,true
G2_P5_case21.mat,false,false,true
G2_P5_case21.mat,false,false,true
G2_P5_case21.mat,false,false,true
G2_P5_case21.mat,false,false,true
G2_P5_case21.mat,false,false,true
G2_P5_case21.mat,false,false,true
G2_P5_case21.mat,false,false,true
G2_P5_case21.mat,false,false,true
G2_P5_case21.mat,false,false,true
G2_P5_case21.mat,false,false,true
G2_P5_case21.mat,false,false,true
G2_P5_case21.mat,false,false,true
G2_P5_case21.mat,false,false,true
G2_P5_case22.mat,true,false,false
G2_P5_case22.mat,true,false,false
G2_P5_case22.mat,true,true,false
G2_P5_case22.mat,true,true,false
G2_P5_case22.mat,true,true,false
G2_P5_case22.mat,true,false,false
G2_P5_case22.mat,true,false,false
G2_P5_case22.mat,true,false,false
G2_P5_case22.mat,true,false,false
G2_P5_case22.mat,true,true,false
G2_P5_case22.mat,true,true,false
G2_P5_case22.mat,true,true,false
G2_P5_case22.mat,true,false,false
G2_P5_case22.mat,true,false,false
G2_P5_case22.mat,true,false,false
G2_P5_case22.mat,true,false,false
G2_P5_case22.mat,true,false,false
G2_P5_case22.mat,true,false,false
G2_P5_case22.mat,false,false,false
G2_P5_case23.mat,false,true,false
G2_P5_case23.mat,false,true,false
G2_P5_case23.mat,false,true,false
G2_P5_case23.mat,false,true,false
G2_P5_case23.mat,false,true,false
G2_P5_case23.mat,false,true,false
G2_P5_case23.mat,false,true,false
G2_P5_case23.mat,false,true,false
G2_P5_case23.mat,true,true,false
G2_P5_case23.mat,false,true,false
G2_P5_case23.mat,false,true,false
G2_P5_case23.mat,false,true,false
G2_P5_case23.mat,false,true,false
G2_P5_case23.mat,false,true,false
G2_P5_case23.mat,false,true,false
G2_P5_case23.mat,false,true,false
G2_P5_case23.mat,false,true,false
G2_P5_case23.mat,false,false,false
G2_P5_case23.mat,false,true,false
G2_P5_case25.mat,true,false,true
G2_P5_case25.mat,true,false,true
G2_P5_case25.mat,true,false,true
G2_P5_case25.mat,true,false,true
G2_P5_case25.mat,true,false,true
G2_P5_case25.mat,true,false,true
G2_P5_case25.mat,true,false,true
G2_P5_case25.mat,true,false,false
G2_P5_case25.mat,true,false,true
G2_P5_case25.mat,true,false,true
G2_P5_case25.mat,true,false,true
G2_P5_case25.mat,true,false,false
G2_P5_case25.mat,true,false,true
G2_P5_case25.mat,true,false,true
G2_P5_case25.mat,true,false,true
G2_P5_case25.mat,true,false,false
G2_P5_case25.mat,true,false,true
G2_P5_case25.mat,true,false,true
G2_P5_case25.mat,true,false,true
G2_P5_case26.mat,false,true,true
G2_P5_case26.mat,false,true,true
G2_P5_case26.mat,false,true,false
G2_P5_case26.mat,false,true,true
G2_P5_case26.mat,false,true,true
G2_P5_case26.mat,false,true,true
G2_P5_case26.mat,false,true,true
G2_P5_case26.mat,false,true,true
G2_P5_case26.mat,false,false,true
G2_P5_case26.mat,false,true,true
G2_P5_case26.mat,false,true,true
G2_P5_case26.mat,false,true,true
G2_P5_case26.mat,true,true,true
G2_P5_case26.mat,false,true,true
G2_P5_case26.mat,false,true,false
G2_P5_case26.mat,false,true,true
G2_P5_case26.mat,false,true,true
G2_P5_case26.mat,false,true,true
G2_P5_case26.mat,false,true,true
G3_P1_case31.mat,false,false,true
G3_P1_case31.mat,false,false,true
G3_P1_case31.mat,false,false,true
G3_P1_case31.mat,false,false,true
G3_P1_case31.mat,false,false,true
G3_P1_case31.mat,false,false,true
G3_P1_case31.mat,false,false,true
G3_P1_case31.mat,false,false,true
G3_P1_case31.mat,false,false,true
G3_P1_case31.mat,false,false,true
G3_P1_case31.mat,false,false,true
G3_P1_case31.mat,false,false,true
G3_P1_case31.mat,false,false,true
G3_P1_case31.mat,false,false,true
G3_P1_case31.mat,false,false,true
G3_P1_case31.mat,false,false,true
G3_P1_case31.mat,false,false,true
G3_P1_case31.mat,false,false,true
G3_P1_case31.mat,false,false,true
G3_P1_case31.mat,false,false,true
G3_P1_case31.mat,false,false,true
G3_P1_case31.mat,false,false,true
G3_P1_case31.mat,false,false,true
G3_P1_case32.mat,true,false,false
G3_P1_case32.mat,true,false,false
G3_P1_case32.mat,true,false,false
G3_P1_case32.mat,true,false,false
G3_P1_case32.mat,true,false,false
G3_P1_case32.mat,false,false,false
G3_P1_case32.mat,false,false,false
G3_P1_case32.mat,true,false,false
G3_P1_case32.mat,true,false,false
G3_P1_case32.mat,true,false,false
G3_P1_case32.mat,true,false,false
G3_P1_case32.mat,true,false,false
G3_P1_case32.mat,true,false,false
G3_P1_case32.mat,true,false,false
G3_P1_case32.mat,true,false,false
G3_P1_case32.mat,true,false,false
G3_P1_case32.mat,true,false,false
G3_P1_case32.mat,true,false,false
G3_P1_case32.mat,true,false,false
G3_P1_case32.mat,true,true,false
G3_P1_case32.mat,true,false,false
G3_P1_case32.mat,true,false,false
G3_P1_case32.mat,true,false,false
G3_P1_case33.mat,false,true,false
G3_P1_case33.mat,false,true,false
G3_P1_case33.mat,false,true,false
G3_P1_case33.mat,false,true,false
G3_P1_case33.mat,false,true,false
G3_P1_case33.mat,false,true,false
G3_P1_case33.mat,true,true,false
G3_P1_case33.mat,false,true,false
G3_P1_case33.mat,false,true,false
G3_P1_case33.mat,false,true,false
G3_P1_case33.mat,false,true,false
G3_P1_case33.mat,false,true,false
G3_P1_case33.mat,false,true,false
G3_P1_case33.mat,false,true,false
G3_P1_case33.mat,false,true,false
G3_P1_case33.mat,false,false,false
G3_P1_case33.mat,false,true,false
G3_P1_case33.mat,false,false,false
G3_P1_case33.mat,true,true,false
G3_P1_case33.mat,true,true,false
G3_P1_case33.mat,false,false,false
G3_P1_case33.mat,false,true,false
G3_P1_case33.mat,false,true,false
G3_P1_case33.mat,false,false,false
G3_P1_case35.mat,true,false,true
G3_P1_case35.mat,true,false,true
G3_P1_case35.mat,true,false,true
G3_P1_case35.mat,true,false,true
G3_P1_case35.mat,true,false,true
G3_P1_case35.mat,true,false,true
G3_P1_case35.mat,true,false,true
G3_P1_case35.mat,true,false,true
G3_P1_case35.mat,true,false,true
G3_P1_case35.mat,true,false,true
G3_P1_case35.mat,true,false,true
G3_P1_case35.mat,true,false,true
G3_P1_case35.mat,true,false,true
G3_P1_case35.mat,true,false,true
G3_P1_case35.mat,true,false,true
G3_P1_case35.mat,true,false,true
G3_P1_case35.mat,true,false,true
G3_P1_case35.mat,true,false,true
G3_P1_case35.mat,true,false,true
G3_P1_case35.mat,true,false,true
G3_P1_case35.mat,true,false,true
G3_P1_case35.mat,true,false,true
G3_P1_case35.mat,true,false,true
G3_P1_case36.mat,false,true,true
G3_P1_case36.mat,false,true,true
G3_P1_case36.mat,false,true,true
G3_P1_case36.mat,false,true,true
G3_P1_case36.mat,false,true,true
G3_P1_case36.mat,false,true,true
G3_P1_case36.mat,false,true,true
G3_P1_case36.mat,false,true,true
G3_P1_case36.mat,false,true,true
G3_P1_case36.mat,false,true,true
G3_P1_case36.mat,false,true,true
G3_P1_case36.mat,false,true,true
G3_P1_case36.mat,false,true,true
G3_P1_case36.mat,false,true,true
G3_P1_case36.mat,false,true,true
G3_P1_case36.mat,false,true,true
G3_P1_case36.mat,false,true,true
G3_P1_case36.mat,false,true,true
G3_P1_case36.mat,false,true,true
G3_P1_case36.mat,false,true,true
G3_P1_case36.mat,false,true,true
G3_P1_case36.mat,false,true,true
G3_P1_case36.mat,false,true,true
G3_P2_case31.mat,false,false,true
G3_P2_case31.mat,false,false,true
G3_P2_case31.mat,false,false,true
G3_P2_case31.mat,false,false,true
G3_P2_case31.mat,false,false,true
G3_P2_case31.mat,false,false,true
G3_P2_case31.mat,false,false,true
G3_P2_case31.mat,false,false,true
G3_P2_case31.mat,false,false,true
G3_P2_case31.mat,false,false,true
G3_P2_case31.mat,false,false,true
G3_P2_case31.mat,false,false,true
G3_P2_case31.mat,false,false,true
G3_P2_case31.mat,false,false,true
G3_P2_case31.mat,false,false,true
G3_P2_case31.mat,false,false,true
G3_P2_case31.mat,false,false,true
G3_P2_case31.mat,false,false,true
G3_P2_case31.mat,false,false,true
G3_P2_case31.mat,false,false,true
G3_P2_case31.mat,false,false,true
G3_P2_case31.mat,false,false,true
G3_P2_case31.mat,false,false,true
G3_P2_case31.mat,false,false,true
G3_P2_case32.mat,true,false,false
G3_P2_case32.mat,true,false,false
G3_P2_case32.mat,true,false,false
G3_P2_case32.mat,true,false,false
G3_P2_case32.mat,false,false,false
G3_P2_case32.mat,true,false,false
G3_P2_case32.mat,true,false,false
G3_P2_case32.mat,true,false,false
G3_P2_case32.mat,true,false,false
G3_P2_case32.mat,true,false,false
G3_P2_case32.mat,true,false,false
G3_P2_case32.mat,false,false,false
G3_P2_case32.mat,true,false,false
G3_P2_case32.mat,false,false,false
G3_P2_case32.mat,true,false,false
G3_P2_case32.mat,true,false,false
G3_P2_case32.mat,true,false,false
G3_P2_case32.mat,true,false,false
G3_P2_case32.mat,false,false,false
G3_P2_case32.mat,true,false,false
G3_P2_case32.mat,true,false,false
G3_P2_case32.mat,true,false,false
G3_P2_case32.mat,true,false,false
G3_P2_case32.mat,true,false,false
G3_P2_case33.mat,false,true,false
G3_P2_case33.mat,false,true,false
G3_P2_case33.mat,false,true,false
G3_P2_case33.mat,false,true,false
G3_P2_case33.mat,false,true,false
G3_P2_case33.mat,false,true,false
G3_P2_case33.mat,true,true,false
G3_P2_case33.mat,false,true,false
G3_P2_case33.mat,false,true,false
G3_P2_case33.mat,false,true,false
G3_P2_case33.mat,false,true,false
G3_P2_case33.mat,true,true,false
G3_P2_case33.mat,false,true,false
G3_P2_case33.mat,false,true,false
G3_P2_case33.mat,false,true,false
G3_P2_case33.mat,false,true,false
G3_P2_case33.mat,false,true,false
G3_P2_case33.mat,false,true,false
G3_P2_case33.mat,true,true,false
G3_P2_case33.mat,false,true,false
G3_P2_case33.mat,false,true,false
G3_P2_case33.mat,false,true,false
G3_P2_case33.mat,false,true,false
G3_P2_case33.mat,false,true,false
G3_P2_case35.mat,true,false,false
G3_P2_case35.mat,true,false,true
G3_P2_case35.mat,true,false,true
G3_P2_case35.mat,true,false,true
G3_P2_case35.mat,true,false,true
G3_P2_case35.mat,true,false,true
G3_P2_case35.mat,true,false,true
G3_P2_case35.mat,false,false,true
G3_P2_case35.mat,true,false,true
G3_P2_case35.mat,true,false,true
G3_P2_case35.mat,true,false,true
G3_P2_case35.mat,true,false,true
G3_P2_case35.mat,true,false,true
G3_P2_case35.mat,true,false,true
G3_P2_case35.mat,true,false,true
G3_P2_case35.mat,true,false,true
G3_P2_case35.mat,true,false,true
G3_P2_case35.mat,true,false,true
G3_P2_case35.mat,true,false,true
G3_P2_case35.mat,true,false,true
G3_P2_case35.mat,true,false,true
G3_P2_case35.mat,true,false,true
G3_P2_case35.mat,true,false,true
G3_P2_case35.mat,true,false,true
G3_P2_case36.mat,false,true,true
G3_P2_case36.mat,false,true,true
G3_P2_case36.mat,false,true,true
G3_P2_case36.mat,false,true,true
G3_P2_case36.mat,false,true,true
G3_P2_case36.mat,false,true,false
G3_P2_case36.mat,false,true,true
G3_P2_case36.mat,false,true,true
G3_P2_case36.mat,false,true,true
G3_P2_case36.mat,false,false,true
G3_P2_case36.mat,false,true,true
G3_P2_case36.mat,false,true,true
G3_P2_case36.mat,false,true,true
G3_P2_case36.mat,false,true,true
G3_P2_case36.mat,false,false,true
G3_P2_case36.mat,false,true,true
G3_P2_case36.mat,false,true,true
G3_P2_case36.mat,true,true,true
G3_P2_case36.mat,false,true,true
G3_P2_case36.mat,false,true,true
G3_P2_case36.mat,false,true,true
G3_P2_case36.mat,false,false,true
G3_P2_case36.mat,false,true,true
G3_P3_case31.mat,false,false,true
G3_P3_case31.mat,false,false,false
G3_P3_case31.mat,false,false,true
G3_P3_case31.mat,false,false,true
G3_P3_case31.mat,false,false,true
G3_P3_case31.mat,false,false,true
G3_P3_case31.mat,false,false,true
G3_P3_case31.mat,false,false,true
G3_P3_case31.mat,false,false,true
G3_P3_case31.mat,false,false,true
G3_P3_case31.mat,false,true,true
G3_P3_case31.mat,false,false,true
G3_P3_case31.mat,false,true,true
G3_P3_case31.mat,false,false,true
G3_P3_case31.mat,false,false,true
G3_P3_case31.mat,false,false,true
G3_P3_case31.mat,false,false,true
G3_P3_case31.mat,false,false,true
G3_P3_case31.mat,false,false,true
G3_P3_case31.mat,false,false,true
G3_P3_case31.mat,false,false,true
G3_P3_case31.mat,false,false,true
G3_P3_case31.mat,false,false,true
G3_P3_case31.mat,false,false,true
G3_P3_case32.mat,true,false,false
G3_P3_case32.mat,true,false,false
G3_P3_case32.mat,true,true,false
G3_P3_case32.mat,true,false,false
G3_P3_case32.mat,true,false,false
G3_P3_case32.mat,true,false,false
G3_P3_case32.mat,true,false,false
G3_P3_case32.mat,true,false,false
G3_P3_case32.mat,true,false,false
G3_P3_case32.mat,true,false,false
G3_P3_case32.mat,true,true,false
G3_P3_case32.mat,false,false,false
G3_P3_case32.mat,true,false,false
G3_P3_case32.mat,true,false,false
G3_P3_case32.mat,true,false,false
G3_P3_case32.mat,true,false,false
G3_P3_case32.mat,true,false,false
G3_P3_case32.mat,true,false,false
G3_P3_case32.mat,true,false,false
G3_P3_case32.mat,true,false,false
G3_P3_case32.mat,true,false,false
G3_P3_case32.mat,true,false,false
G3_P3_case32.mat,true,false,false
G3_P3_case33.mat,false,true,false
G3_P3_case33.mat,false,true,false
G3_P3_case33.mat,false,true,false
G3_P3_case33.mat,false,true,false
G3_P3_case33.mat,false,true,false
G3_P3_case33.mat,false,true,false
G3_P3_case33.mat,false,true,false
G3_P3_case33.mat,false,true,false
G3_P3_case33.mat,false,true,false
G3_P3_case33.mat,false,true,false
G3_P3_case33.mat,false,true,false
G3_P3_case33.mat,false,true,false
G3_P3_case33.mat,false,true,false
G3_P3_case33.mat,false,true,false
G3_P3_case33.mat,false,true,false
G3_P3_case33.mat,false,true,false
G3_P3_case33.mat,false,true,false
G3_P3_case33.mat,false,true,false
G3_P3_case33.mat,false,true,false
G3_P3_case33.mat,false,true,false
G3_P3_case33.mat,true,true,false
G3_P3_case33.mat,false,true,false
G3_P3_case33.mat,false,true,false
G3_P3_case33.mat,false,true,false
G3_P3_case33.mat,false,true,false
G3_P3_case35.mat,false,false,true
G3_P3_case35.mat,true,false,true
G3_P3_case35.mat,true,false,true
G3_P3_case35.mat,true,false,true
G3_P3_case35.mat,true,false,true
G3_P3_case35.mat,true,false,true
G3_P3_case35.mat,true,false,true
G3_P3_case35.mat,true,false,true
G3_P3_case35.mat,true,false,true
G3_P3_case35.mat,true,false,true
G3_P3_case35.mat,true,false,true
G3_P3_case35.mat,true,false,true
G3_P3_case35.mat,true,false,true
G3_P3_case35.mat,true,false,true
G3_P3_case35.mat,true,false,true
G3_P3_case35.mat,true,false,true
G3_P3_case35.mat,true,false,true
G3_P3_case35.mat,true,false,true
G3_P3_case35.mat,true,false,true
G3_P3_case35.mat,true,false,true
G3_P3_case35.mat,true,false,true
G3_P3_case35.mat,true,false,true
G3_P3_case35.mat,true,false,true
G3_P3_case36.mat,false,true,true
G3_P3_case36.mat,false,true,true
G3_P3_case36.mat,false,true,true
G3_P3_case36.mat,false,true,true
G3_P3_case36.mat,false,false,true
G3_P3_case36.mat,false,true,true
G3_P3_case36.mat,false,true,true
G3_P3_case36.mat,false,true,true
G3_P3_case36.mat,false,true,true
G3_P3_case36.mat,false,true,true
G3_P3_case36.mat,false,true,true
G3_P3_case36.mat,false,false,true
G3_P3_case36.mat,false,true,true
G3_P3_case36.mat,false,true,true
G3_P3_case36.mat,false,true,true
G3_P3_case36.mat,false,false,true
G3_P3_case36.mat,false,true,true
G3_P3_case36.mat,false,true,true
G3_P3_case36.mat,false,true,true
G3_P3_case36.mat,false,true,true
G3_P3_case36.mat,false,true,true
G3_P3_case36.mat,false,false,true
G3_P3_case36.mat,false,true,true
G3_P4_case31.mat,false,false,true
G3_P4_case31.mat,false,false,true
G3_P4_case31.mat,false,false,true
G3_P4_case31.mat,false,false,true
G3_P4_case31.mat,false,false,true
G3_P4_case31.mat,false,false,true
G3_P4_case31.mat,false,false,true
G3_P4_case31.mat,false,false,true
G3_P4_case31.mat,false,false,true
G3_P4_case31.mat,false,false,true
G3_P4_case31.mat,false,false,true
G3_P4_case31.mat,false,false,true
G3_P4_case31.mat,false,false,true
G3_P4_case31.mat,false,false,true
G3_P4_case31.mat,false,false,true
G3_P4_case31.mat,false,false,true
G3_P4_case31.mat,false,false,true
G3_P4_case31.mat,false,false,true
G3_P4_case31.mat,false,false,true
G3_P4_case31.mat,false,false,true
G3_P4_case31.mat,false,false,true
G3_P4_case31.mat,false,false,true
G3_P4_case31.mat,false,false,true
G3_P4_case31.mat,false,false,true
G3_P4_case31.mat,false,false,true
G3_P4_case32.mat,false,false,false
G3_P4_case32.mat,true,false,false
G3_P4_case32.mat,true,false,false
G3_P4_case32.mat,true,false,false
G3_P4_case32.mat,true,false,false
G3_P4_case32.mat,true,false,false
G3_P4_case32.mat,true,false,false
G3_P4_case32.mat,true,false,false
G3_P4_case32.mat,true,false,false
G3_P4_case32.mat,true,false,false
G3_P4_case32.mat,true,false,false
G3_P4_case32.mat,true,false,false
G3_P4_case32.mat,true,false,false
G3_P4_case32.mat,true,false,false
G3_P4_case32.mat,true,false,false
G3_P4_case32.mat,true,false,false
G3_P4_case32.mat,true,false,false
G3_P4_case32.mat,true,false,false
G3_P4_case32.mat,false,false,false
G3_P4_case32.mat,false,false,false
G3_P4_case32.mat,true,false,false
G3_P4_case32.mat,true,false,false
G3_P4_case32.mat,true,false,false
G3_P4_case33.mat,false,true,false
G3_P4_case33.mat,false,true,false
G3_P4_case33.mat,false,true,false
G3_P4_case33.mat,false,true,false
G3_P4_case33.mat,false,true,false
G3_P4_case33.mat,false,true,false
G3_P4_case33.mat,false,true,false
G3_P4_case33.mat,false,true,false
G3_P4_case33.mat,false,true,false
G3_P4_case33.mat,false,true,false
G3_P4_case33.mat,false,true,false
G3_P4_case33.mat,false,true,false
G3_P4_case33.mat,false,true,false
G3_P4_case33.mat,false,true,false
G3_P4_case33.mat,false,true,false
G3_P4_case33.mat,false,true,false
G3_P4_case33.mat,false,true,false
G3_P4_case33.mat,false,true,false
G3_P4_case33.mat,true,false,false
G3_P4_case33.mat,false,true,false
G3_P4_case33.mat,false,true,false
G3_P4_case33.mat,false,true,false
G3_P4_case33.mat,false,true,false
G3_P4_case33.mat,true,true,false
G3_P4_case35.mat,true,false,true
G3_P4_case35.mat,true,false,true
G3_P4_case35.mat,true,false,true
G3_P4_case35.mat,true,false,true
G3_P4_case35.mat,true,false,true
G3_P4_case35.mat,true,false,true
G3_P4_case35.mat,true,false,true
G3_P4_case35.mat,true,false,true
G3_P4_case35.mat,true,false,true
G3_P4_case35.mat,true,false,true
G3_P4_case35.mat,true,false,true
G3_P4_case35.mat,true,false,true
G3_P4_case35.mat,true,false,true
G3_P4_case35.mat,true,false,true
G3_P4_case35.mat,true,false,true
G3_P4_case35.mat,true,false,true
G3_P4_case35.mat,true,false,true
G3_P4_case35.mat,true,false,true
G3_P4_case35.mat,true,false,true
G3_P4_case35.mat,true,false,true
G3_P4_case35.mat,true,false,true
G3_P4_case35.mat,true,false,true
G3_P4_case35.mat,true,false,true
G3_P4_case35.mat,true,false,true
G3_P4_case35.mat,true,false,true
G3_P4_case35.mat,true,false,true
G3_P4_case36.mat,false,true,true
G3_P4_case36.mat,false,false,true
G3_P4_case36.mat,false,true,true
G3_P4_case36.mat,false,true,true
G3_P4_case36.mat,false,true,true
G3_P4_case36.mat,false,true,true
G3_P4_case36.mat,false,false,true
G3_P4_case36.mat,false,true,true
G3_P4_case36.mat,false,true,true
G3_P4_case36.mat,false,true,true
G3_P4_case36.mat,false,true,true
G3_P4_case36.mat,false,true,true
G3_P4_case36.mat,false,true,true
G3_P4_case36.mat,false,true,true
G3_P4_case36.mat,false,true,true
G3_P4_case36.mat,false,true,true
G3_P4_case36.mat,false,true,true
G3_P4_case36.mat,false,true,true
G3_P4_case36.mat,false,true,true
G3_P4_case36.mat,false,true,true
G3_P4_case36.mat,false,true,true
G3_P4_case36.mat,false,true,true
G3_P4_case36.mat,false,true,true
G3_P5_case31.mat,false,false,true
G3_P5_case31.mat,false,false,true
G3_P5_case31.mat,false,false,true
G3_P5_case31.mat,false,false,true
G3_P5_case31.mat,false,false,true
G3_P5_case31.mat,false,false,true
G3_P5_case31.mat,false,false,true
G3_P5_case31.mat,false,false,true
G3_P5_case31.mat,false,false,true
G3_P5_case31.mat,false,false,true
G3_P5_case31.mat,false,false,true
G3_P5_case31.mat,false,false,true
G3_P5_case31.mat,false,false,true
G3_P5_case31.mat,false,false,true
G3_P5_case31.mat,false,false,true
G3_P5_case31.mat,false,false,true
G3_P5_case31.mat,false,false,true
G3_P5_case31.mat,false,false,true
G3_P5_case31.mat,false,false,true
G3_P5_case31.mat,false,false,true
G3_P5_case32.mat,true,false,false
G3_P5_case32.mat,true,false,false
G3_P5_case32.mat,true,false,false
G3_P5_case32.mat,true,false,false
G3_P5_case32.mat,true,false,false
G3_P5_case32.mat,true,false,false
G3_P5_case32.mat,true,false,false
G3_P5_case32.mat,true,false,false
G3_P5_case32.mat,true,false,false
G3_P5_case32.mat,true,false,false
G3_P5_case32.mat,true,false,false
G3_P5_case32.mat,true,false,false
G3_P5_case32.mat,true,false,false
G3_P5_case32.mat,true,false,false
G3_P5_case32.mat,true,false,false
G3_P5_case32.mat,true,false,false
G3_P5_case32.mat,true,false,false
G3_P5_case32.mat,true,false,false
G3_P5_case32.mat,true,false,false
G3_P5_case33.mat,false,true,false
G3_P5_case33.mat,false,true,false
G3_P5_case33.mat,false,true,false
G3_P5_case33.mat,false,true,false
G3_P5_case33.mat,false,true,false
G3_P5_case33.mat,false,true,false
G3_P5_case33.mat,false,true,false
G3_P5_case33.mat,false,true,false
G3_P5_case33.mat,false,true,false
G3_P5_case33.mat,false,true,false
G3_P5_case33.mat,false,true,false
G3_P5_case33.mat,false,true,false
G3_P5_case33.mat,false,true,false
G3_P5_case33.mat,false,true,false
G3_P5_case33.mat,false,true,false
G3_P5_case33.mat,false,true,false
G3_P5_case33.mat,false,true,false
G3_P5_case33.mat,false,true,false
G3_P5_case33.mat,false,true,false
G3_P5_case33.mat,false,true,false
G3_P5_case35.mat,true,false,true
G3_P5_case35.mat,true,false,true
G3_P5_case35.mat,true,false,true
G3_P5_case35.mat,true,false,true
G3_P5_case35.mat,true,false,true
G3_P5_case35.mat,true,false,true
G3_P5_case35.mat,true,false,true
G3_P5_case35.mat,true,false,true
G3_P5_case35.mat,true,false,true
G3_P5_case35.mat,true,false,true
G3_P5_case35.mat,true,false,true
G3_P5_case35.mat,true,false,true
G3_P5_case35.mat,true,false,true
G3_P5_case35.mat,true,false,true
G3_P5_case35.mat,true,false,true
G3_P5_case35.mat,true,false,true
G3_P5_case35.mat,true,false,true
G3_P5_case35.mat,true,false,true
G3_P5_case35.mat,true,false,true
G3_P5_case36.mat,true,true,true
G3_P5_case36.mat,false,true,true
G3_P5_case36.mat,false,true,true
G3_P5_case36.mat,false,true,true
G3_P5_case36.mat,false,true,true
G3_P5_case36.mat,false,true,true
G3_P5_case36.mat,false,true,true
G3_P5_case36.mat,false,true,true
G3_P5_case36.mat,false,true,true
G3_P5_case36.mat,false,true,true
G3_P5_case36.mat,false,true,false
G3_P5_case36.mat,false,true,true
G3_P5_case36.mat,false,false,false
G3_P5_case36.mat,false,true,true
G3_P5_case36.mat,false,true,true
G3_P5_case36.mat,false,true,true
G3_P5_case36.mat,false,true,true
G3_P5_case36.mat,false,true,true
G3_P5_case36.mat,false,true,true
G4_P1_case41.mat,false,false,true
G4_P1_case41.mat,false,false,true
G4_P1_case41.mat,false,false,true
G4_P1_case41.mat,false,false,true
G4_P1_case41.mat,false,false,true
G4_P1_case41.mat,false,false,true
G4_P1_case41.mat,false,false,true
G4_P1_case41.mat,false,false,true
G4_P1_case41.mat,false,false,true
G4_P1_case41.mat,false,false,true
G4_P1_case41.mat,false,false,true
G4_P1_case41.mat,false,false,true
G4_P1_case41.mat,false,false,true
G4_P1_case41.mat,false,false,true
G4_P1_case41.mat,false,false,true
G4_P1_case41.mat,false,false,true
G4_P1_case41.mat,false,false,true
G4_P1_case41.mat,false,false,true
G4_P1_case41.mat,false,false,true
G4_P1_case41.mat,false,false,true
G4_P1_case41.mat,false,false,true
G4_P1_case41.mat,false,false,true
G4_P1_case41.mat,false,false,true
G4_P1_case41.mat,false,false,true
G4_P1_case41.mat,false,false,true
G4_P1_case42.mat,true,false,false
G4_P1_case42.mat,true,false,false
G4_P1_case42.mat,true,false,false
G4_P1_case42.mat,true,false,false
G4_P1_case42.mat,true,false,false
G4_P1_case42.mat,true,false,false
G4_P1_case42.mat,true,false,false
G4_P1_case42.mat,true,false,false
G4_P1_case42.mat,true,false,false
G4_P1_case42.mat,true,false,false
G4_P1_case42.mat,true,false,false
G4_P1_case42.mat,false,false,false
G4_P1_case42.mat,true,false,false
G4_P1_case42.mat,true,true,false
G4_P1_case42.mat,true,false,false
G4_P1_case42.mat,true,false,false
G4_P1_case42.mat,true,false,false
G4_P1_case42.mat,true,false,false
G4_P1_case42.mat,true,false,false
G4_P1_case42.mat,true,false,true
G4_P1_case42.mat,true,false,false
G4_P1_case42.mat,true,false,false
G4_P1_case42.mat,true,false,false
G4_P1_case42.mat,true,false,false
G4_P1_case43.mat,false,true,false
G4_P1_case43.mat,false,true,false
G4_P1_case43.mat,false,true,false
G4_P1_case43.mat,false,true,false
G4_P1_case43.mat,false,true,false
G4_P1_case43.mat,false,true,false
G4_P1_case43.mat,false,true,false
G4_P1_case43.mat,false,true,false
G4_P1_case43.mat,false,true,false
G4_P1_case43.mat,false,true,false
G4_P1_case43.mat,false,true,false
G4_P1_case43.mat,false,true,false
G4_P1_case43.mat,false,true,false
G4_P1_case43.mat,false,true,false
G4_P1_case43.mat,false,true,false
G4_P1_case43.mat,false,true,false
G4_P1_case43.mat,false,true,false
G4_P1_case43.mat,false,true,false
G4_P1_case43.mat,false,true,false
G4_P1_case43.mat,false,true,false
G4_P1_case43.mat,false,true,false
G4_P1_case43.mat,false,true,false
G4_P1_case43.mat,false,true,false
G4_P1_case43.mat,false,true,false
G4_P1_case43.mat,false,true,false
G4_P1_case43.mat,false,true,false
G4_P1_case45.mat,false,true,true
G4_P1_case45.mat,true,false,true
G4_P1_case45.mat,true,false,true
G4_P1_case45.mat,true,false,true
G4_P1_case45.mat,true,false,true
G4_P1_case45.mat,true,false,true
G4_P1_case45.mat,true,false,true
G4_P1_case45.mat,true,false,true
G4_P1_case45.mat,true,false,true
G4_P1_case45.mat,true,false,true
G4_P1_case45.mat,true,false,true
G4_P1_case45.mat,true,false,true
G4_P1_case45.mat,false,false,true
G4_P1_case45.mat,true,false,true
G4_P1_case45.mat,true,false,true
G4_P1_case45.mat,true,false,true
G4_P1_case45.mat,true,false,true
G4_P1_case45.mat,true,false,true
G4_P1_case45.mat,true,false,true
G4_P1_case45.mat,true,false,true
G4_P1_case45.mat,true,false,true
G4_P1_case45.mat,true,false,true
G4_P1_case45.mat,true,false,true
G4_P1_case46.mat,false,true,true
G4_P1_case46.mat,false,true,true
G4_P1_case46.mat,false,true,true
G4_P1_case46.mat,false,true,true
G4_P1_case46.mat,false,true,true
G4_P1_case46.mat,false,true,true
G4_P1_case46.mat,false,true,true
G4_P1_case46.mat,false,true,true
G4_P1_case46.mat,false,true,true
G4_P1_case46.mat,false,true,true
G4_P1_case46.mat,false,true,true
G4_P1_case46.mat,false,true,true
G4_P1_case46.mat,false,true,true
G4_P1_case46.mat,false,true,true
G4_P1_case46.mat,false,true,true
G4_P1_case46.mat,false,true,true
G4_P1_case46.mat,false,true,true
G4_P1_case46.mat,false,true,true
G4_P1_case46.mat,false,true,true
G4_P1_case46.mat,false,true,true
G4_P1_case46.mat,false,true,true
G4_P1_case46.mat,false,true,true
G4_P2_case41.mat,false,false,true
G4_P2_case41.mat,false,false,true
G4_P2_case41.mat,false,false,true
G4_P2_case41.mat,false,false,true
G4_P2_case41.mat,false,false,true
G4_P2_case41.mat,false,false,true
G4_P2_case41.mat,false,false,true
G4_P2_case41.mat,false,false,true
G4_P2_case41.mat,false,false,true
G4_P2_case41.mat,false,false,true
G4_P2_case41.mat,false,false,true
G4_P2_case41.mat,false,false,true
G4_P2_case41.mat,false,false,true
G4_P2_case41.mat,false,false,true
G4_P2_case41.mat,false,false,true
G4_P2_case41.mat,false,false,true
G4_P2_case41.mat,false,false,true
G4_P2_case41.mat,false,false,true
G4_P2_case41.mat,false,false,true
G4_P2_case41.mat,false,false,true
G4_P2_case41.mat,false,false,true
G4_P2_case41.mat,false,false,true
G4_P2_case41.mat,false,false,true
G4_P2_case41.mat,false,false,true
G4_P2_case41.mat,false,false,true
G4_P2_case42.mat,true,false,false
G4_P2_case42.mat,true,false,false
G4_P2_case42.mat,true,false,false
G4_P2_case42.mat,true,false,false
G4_P2_case42.mat,true,false,false
G4_P2_case42.mat,true,false,false
G4_P2_case42.mat,true,false,false
G4_P2_case42.mat,true,false,false
G4_P2_case42.mat,true,false,false
G4_P2_case42.mat,true,false,false
G4_P2_case42.mat,true,false,false
G4_P2_case42.mat,true,false,false
G4_P2_case42.mat,true,false,false
G4_P2_case42.mat,true,false,false
G4_P2_case42.mat,true,false,false
G4_P2_case42.mat,true,false,false
G4_P2_case42.mat,true,false,false
G4_P2_case42.mat,true,false,false
G4_P2_case42.mat,true,false,false
G4_P2_case42.mat,true,false,false
G4_P2_case42.mat,true,false,false
G4_P2_case42.mat,true,false,false
G4_P2_case42.mat,true,false,false
G4_P2_case42.mat,true,false,false
G4_P2_case42.mat,true,false,false
G4_P2_case42.mat,true,false,false
G4_P2_case43.mat,false,true,false
G4_P2_case43.mat,false,true,false
G4_P2_case43.mat,false,true,true
G4_P2_case43.mat,false,true,false
G4_P2_case43.mat,false,true,false
G4_P2_case43.mat,false,true,false
G4_P2_case43.mat,false,true,false
G4_P2_case43.mat,false,true,false
G4_P2_case43.mat,false,true,false
G4_P2_case43.mat,false,true,false
G4_P2_case43.mat,false,true,true
G4_P2_case43.mat,false,true,false
G4_P2_case43.mat,false,true,false
G4_P2_case43.mat,false,true,false
G4_P2_case43.mat,false,true,false
G4_P2_case43.mat,false,true,false
G4_P2_case43.mat,false,true,false
G4_P2_case43.mat,false,true,false
G4_P2_case43.mat,false,true,false
G4_P2_case43.mat,false,true,false
G4_P2_case43.mat,false,true,false
G4_P2_case43.mat,false,true,false
G4_P2_case43.mat,false,true,false
G4_P2_case43.mat,false,true,false
G4_P2_case43.mat,false,true,false
G4_P2_case43.mat,false,true,false
G4_P2_case45.mat,true,false,true
G4_P2_case45.mat,true,false,true
G4_P2_case45.mat,true,false,true
G4_P2_case45.mat,true,false,true
G4_P2_case45.mat,true,false,true
G4_P2_case45.mat,true,false,true
G4_P2_case45.mat,false,false,true
G4_P2_case45.mat,true,true,true
G4_P2_case45.mat,true,false,true
G4_P2_case45.mat,false,true,true
G4_P2_case45.mat,true,false,true
G4_P2_case45.mat,true,false,true
G4_P2_case45.mat,true,false,true
G4_P2_case45.mat,true,false,true
G4_P2_case45.mat,true,false,true
G4_P2_case45.mat,true,false,true
G4_P2_case45.mat,true,false,true
G4_P2_case45.mat,true,false,true
G4_P2_case45.mat,true,false,true
G4_P2_case45.mat,true,false,true
G4_P2_case45.mat,true,false,true
G4_P2_case45.mat,true,false,true
G4_P2_case45.mat,true,false,true
G4_P2_case45.mat,true,false,true
G4_P2_case46.mat,false,true,true
G4_P2_case46.mat,false,true,true
G4_P2_case46.mat,false,true,true
G4_P2_case46.mat,false,true,true
G4_P2_case46.mat,false,true,true
G4_P2_case46.mat,false,true,true
G4_P2_case46.mat,false,true,true
G4_P2_case46.mat,false,true,true
G4_P2_case46.mat,false,true,true
G4_P2_case46.mat,false,true,true
G4_P2_case46.mat,false,true,true
G4_P2_case46.mat,false,true,true
G4_P2_case46.mat,false,true,true
G4_P2_case46.mat,false,true,true
G4_P2_case46.mat,false,true,true
G4_P2_case46.mat,false,false,true
G4_P2_case46.mat,false,true,true
G4_P2_case46.mat,false,true,true
G4_P2_case46.mat,false,true,true
G4_P2_case46.mat,false,true,true
G4_P2_case46.mat,false,true,true
G4_P2_case46.mat,false,true,true
G4_P2_case46.mat,false,true,true
G4_P2_case46.mat,false,true,true
G4_P3_case41.mat,false,false,true
G4_P3_case41.mat,false,false,true
G4_P3_case41.mat,false,false,true
G4_P3_case41.mat,false,false,true
G4_P3_case41.mat,true,false,true
G4_P3_case41.mat,false,false,true
G4_P3_case41.mat,false,false,true
G4_P3_case41.mat,false,false,true
G4_P3_case41.mat,false,false,true
G4_P3_case41.mat,false,false,true
G4_P3_case41.mat,true,false,true
G4_P3_case41.mat,false,false,true
G4_P3_case41.mat,false,false,true
G4_P3_case41.mat,false,false,true
G4_P3_case41.mat,false,false,true
G4_P3_case41.mat,false,false,true
G4_P3_case41.mat,false,false,true
G4_P3_case41.mat,false,false,true
G4_P3_case41.mat,false,false,true
G4_P3_case41.mat,false,false,true
G4_P3_case41.mat,false,false,true
G4_P3_case41.mat,false,false,true
G4_P3_case41.mat,false,false,true
G4_P3_case41.mat,false,false,true
G4_P3_case41.mat,false,false,true
G4_P3_case42.mat,true,false,false
G4_P3_case42.mat,true,false,false
G4_P3_case42.mat,true,false,false
G4_P3_case42.mat,false,false,false
G4_P3_case42.mat,true,false,false
G4_P3_case42.mat,true,true,false
G4_P3_case42.mat,true,false,false
G4_P3_case42.mat,true,false,false
G4_P3_case42.mat,true,false,false
G4_P3_case42.mat,true,false,false
G4_P3_case42.mat,true,false,false
G4_P3_case42.mat,true,false,false
G4_P3_case42.mat,true,false,false
G4_P3_case42.mat,true,false,false
G4_P3_case42.mat,true,false,false
G4_P3_case42.mat,true,false,false
G4_P3_case42.mat,true,false,false
G4_P3_case42.mat,true,false,false
G4_P3_case42.mat,true,false,false
G4_P3_case42.mat,true,false,false
G4_P3_case42.mat,true,false,false
G4_P3_case42.mat,true,false,false
G4_P3_case42.mat,true,false,false
G4_P3_case42.mat,true,false,false
G4_P3_case42.mat,true,false,false
G4_P3_case43.mat,true,false,true
G4_P3_case43.mat,true,true,false
G4_P3_case43.mat,false,true,false
G4_P3_case43.mat,true,false,false
G4_P3_case43.mat,false,true,false
G4_P3_case43.mat,false,true,false
G4_P3_case43.mat,false,true,false
G4_P3_case43.mat,false,true,false
G4_P3_case43.mat,false,true,false
G4_P3_case43.mat,true,true,false
G4_P3_case43.mat,false,true,false
G4_P3_case43.mat,true,false,false
G4_P3_case43.mat,false,true,false
G4_P3_case43.mat,false,true,false
G4_P3_case43.mat,false,true,false
G4_P3_case43.mat,false,true,false
G4_P3_case43.mat,false,false,false
G4_P3_case43.mat,false,true,false
G4_P3_case43.mat,false,true,false
G4_P3_case43.mat,false,true,false
G4_P3_case43.mat,true,true,false
G4_P3_case43.mat,false,true,false
G4_P3_case43.mat,false,true,false
G4_P3_case43.mat,false,false,false
G4_P3_case43.mat,false,true,false
G4_P3_case43.mat,false,true,false
G4_P3_case43.mat,false,true,false
G4_P3_case45.mat,true,false,true
G4_P3_case45.mat,true,false,true
G4_P3_case45.mat,true,false,true
G4_P3_case45.mat,true,false,true
G4_P3_case45.mat,true,false,true
G4_P3_case45.mat,true,false,true
G4_P3_case45.mat,true,false,true
G4_P3_case45.mat,true,false,true
G4_P3_case45.mat,true,false,true
G4_P3_case45.mat,true,false,true
G4_P3_case45.mat,true,false,true
G4_P3_case45.mat,true,false,true
G4_P3_case45.mat,true,false,true
G4_P3_case45.mat,true,false,true
G4_P3_case45.mat,true,false,true
G4_P3_case45.mat,true,false,true
G4_P3_case45.mat,true,false,true
G4_P3_case45.mat,true,false,true
G4_P3_case45.mat,true,false,true
G4_P3_case45.mat,false,false,true
G4_P3_case45.mat,true,false,true
G4_P3_case45.mat,true,false,true
G4_P3_case45.mat,true,false,true
G4_P3_case46.mat,false,true,true
G4_P3_case46.mat,false,true,true
G4_P3_case46.mat,false,true,true
G4_P3_case46.mat,false,true,true
G4_P3_case46.mat,false,true,true
G4_P3_case46.mat,false,true,true
G4_P3_case46.mat,false,true,true
G4_P3_case46.mat,false,true,true
G4_P3_case46.mat,false,true,true
G4_P3_case46.mat,false,true,true
G4_P3_case46.mat,false,true,true
G4_P3_case46.mat,false,true,true
G4_P3_case46.mat,false,true,true
G4_P3_case46.mat,false,true,true
G4_P3_case46.mat,false,true,true
G4_P3_case46.mat,false,true,true
G4_P3_case46.mat,false,false,true
G4_P3_case46.mat,false,true,true
G4_P3_case46.mat,false,true,true
G4_P3_case46.mat,false,true,true
G4_P3_case46.mat,false,true,true
G4_P3_case46.mat,false,true,true
G4_P3_case46.mat,false,true,true
G4_P4_case41.mat,false,false,true
G4_P4_case41.mat,false,false,true
G4_P4_case41.mat,false,false,true
G4_P4_case41.mat,false,false,true
G4_P4_case41.mat,false,false,true
G4_P4_case41.mat,false,false,true
G4_P4_case41.mat,false,false,true
G4_P4_case41.mat,false,false,true
G4_P4_case41.mat,false,false,true
G4_P4_case41.mat,false,false,true
G4_P4_case41.mat,false,false,true
G4_P4_case41.mat,false,false,true
G4_P4_case41.mat,false,false,true
G4_P4_case41.mat,false,false,true
G4_P4_case41.mat,false,false,true
G4_P4_case41.mat,false,false,true
G4_P4_case41.mat,false,false,true
G4_P4_case41.mat,false,false,true
G4_P4_case41.mat,false,false,true
G4_P4_case41.mat,false,false,true
G4_P4_case41.mat,false,false,true
G4_P4_case41.mat,false,false,true
G4_P4_case41.mat,false,false,true
G4_P4_case41.mat,false,false,true
G4_P4_case41.mat,false,false,true
G4_P4_case41.mat,false,false,true
G4_P4_case42.mat,true,false,false
G4_P4_case42.mat,true,false,false
G4_P4_case42.mat,true,true,false
G4_P4_case42.mat,true,false,false
G4_P4_case42.mat,true,false,false
G4_P4_case42.mat,true,false,false
G4_P4_case42.mat,true,false,false
G4_P4_case42.mat,true,false,false
G4_P4_case42.mat,true,false,false
G4_P4_case42.mat,true,false,false
G4_P4_case42.mat,true,true,false
G4_P4_case42.mat,true,false,false
G4_P4_case42.mat,false,false,false
G4_P4_case42.mat,true,false,false
G4_P4_case42.mat,true,false,false
G4_P4_case42.mat,true,false,false
G4_P4_case42.mat,true,false,false
G4_P4_case42.mat,true,false,false
G4_P4_case42.mat,true,false,false
G4_P4_case42.mat,true,false,false
G4_P4_case42.mat,true,false,false
G4_P4_case42.mat,true,false,false
G4_P4_case42.mat,true,false,false
G4_P4_case42.mat,true,false,false
G4_P4_case42.mat,true,false,false
G4_P4_case43.mat,false,true,true
G4_P4_case43.mat,false,true,false
G4_P4_case43.mat,false,true,false
G4_P4_case43.mat,false,true,false
G4_P4_case43.mat,false,true,false
G4_P4_case43.mat,false,true,false
G4_P4_case43.mat,false,true,false
G4_P4_case43.mat,false,true,false
G4_P4_case43.mat,false,true,false
G4_P4_case43.mat,false,true,false
G4_P4_case43.mat,false,true,false
G4_P4_case43.mat,false,true,false
G4_P4_case43.mat,false,true,false
G4_P4_case43.mat,false,true,false
G4_P4_case43.mat,false,true,false
G4_P4_case43.mat,false,true,false
G4_P4_case43.mat,false,true,false
G4_P4_case43.mat,false,true,false
G4_P4_case43.mat,false,true,false
G4_P4_case43.mat,false,true,false
G4_P4_case43.mat,false,true,false
G4_P4_case43.mat,false,true,false
G4_P4_case43.mat,false,true,false
G4_P4_case43.mat,false,true,false
G4_P4_case43.mat,false,true,false
G4_P4_case43.mat,false,true,false
G4_P4_case45.mat,true,false,true
G4_P4_case45.mat,true,false,true
G4_P4_case45.mat,true,false,true
G4_P4_case45.mat,true,false,true
G4_P4_case45.mat,true,false,true
G4_P4_case45.mat,true,false,true
G4_P4_case45.mat,true,false,true
G4_P4_case45.mat,true,false,true
G4_P4_case45.mat,true,false,true
G4_P4_case45.mat,true,false,true
G4_P4_case45.mat,true,false,true
G4_P4_case45.mat,true,false,true
G4_P4_case45.mat,true,false,true
G4_P4_case45.mat,true,false,true
G4_P4_case45.mat,true,false,true
G4_P4_case45.mat,true,false,true
G4_P4_case45.mat,true,false,true
G4_P4_case45.mat,true,false,true
G4_P4_case45.mat,true,false,true
G4_P4_case45.mat,true,false,true
G4_P4_case45.mat,true,false,true
G4_P4_case45.mat,true,false,true
G4_P4_case45.mat,true,false,true
G4_P4_case45.mat,true,false,true
G4_P4_case46.mat,false,true,true
G4_P4_case46.mat,false,true,true
G4_P4_case46.mat,false,true,true
G4_P4_case46.mat,false,true,true
G4_P4_case46.mat,false,true,true
G4_P4_case46.mat,false,true,true
G4_P4_case46.mat,false,true,true
G4_P4_case46.mat,false,true,true
G4_P4_case46.mat,false,true,true
G4_P4_case46.mat,false,true,true
G4_P4_case46.mat,false,true,true
G4_P4_case46.mat,false,false,true
G4_P4_case46.mat,false,true,true
G4_P4_case46.mat,false,true,true
G4_P4_case46.mat,false,true,true
G4_P4_case46.mat,false,true,true
G4_P4_case46.mat,false,true,true
G4_P4_case46.mat,false,true,true
G4_P4_case46.mat,false,true,true
G4_P4_case46.mat,false,true,true
G4_P4_case46.mat,false,true,true
G4_P4_case46.mat,false,true,true
G4_P4_case46.mat,false,true,true
G4_P5_case41.mat,false,false,true
G4_P5_case41.mat,false,false,true
G4_P5_case41.mat,false,false,true
G4_P5_case41.mat,false,false,true
G4_P5_case41.mat,false,false,true
G4_P5_case41.mat,false,false,true
G4_P5_case41.mat,false,false,true
G4_P5_case41.mat,false,false,true
G4_P5_case41.mat,true,false,true
G4_P5_case41.mat,false,false,true
G4_P5_case41.mat,false,false,true
G4_P5_case41.mat,false,false,true
G4_P5_case41.mat,true,false,true
G4_P5_case41.mat,false,false,true
G4_P5_case41.mat,false,false,true
G4_P5_case41.mat,false,false,true
G4_P5_case41.mat,false,false,true
G4_P5_case42.mat,true,false,false
G4_P5_case42.mat,true,false,false
G4_P5_case42.mat,true,false,false
G4_P5_case42.mat,true,false,false
G4_P5_case42.mat,true,false,false
G4_P5_case42.mat,true,false,false
G4_P5_case42.mat,true,false,false
G4_P5_case42.mat,true,false,false
G4_P5_case42.mat,true,true,false
G4_P5_case42.mat,true,false,false
G4_P5_case42.mat,true,false,false
G4_P5_case42.mat,true,false,false
G4_P5_case42.mat,true,false,false
G4_P5_case42.mat,false,false,false
G4_P5_case42.mat,true,false,false
G4_P5_case42.mat,true,false,false
G4_P5_case42.mat,true,false,false
G4_P5_case42.mat,true,false,false
G4_P5_case42.mat,true,false,false
G4_P5_case43.mat,false,true,false
G4_P5_case43.mat,false,true,false
G4_P5_case43.mat,false,true,false
G4_P5_case43.mat,false,true,false
G4_P5_case43.mat,false,true,false
G4_P5_case43.mat,false,true,false
G4_P5_case43.mat,false,true,false
G4_P5_case43.mat,false,true,false
G4_P5_case43.mat,false,true,false
G4_P5_case43.mat,false,true,false
G4_P5_case43.mat,false,true,false
G4_P5_case43.mat,false,true,false
G4_P5_case43.mat,false,true,false
G4_P5_case43.mat,false,true,false
G4_P5_case43.mat,false,true,false
G4_P5_case43.mat,false,true,false
G4_P5_case43.mat,false,true,false
G4_P5_case43.mat,false,true,false
G4_P5_case43.mat,false,true,false
G4_P5_case43.mat,false,true,false
G4_P5_case45.mat,true,false,true
G4_P5_case45.mat,true,false,true
G4_P5_case45.mat,true,false,true
G4_P5_case45.mat,true,false,true
G4_P5_case45.mat,true,false,true
G4_P5_case45.mat,true,false,true
G4_P5_case45.mat,true,false,true
G4_P5_case45.mat,true,false,true
G4_P5_case45.mat,true,false,true
G4_P5_case45.mat,true,false,true
G4_P5_case45.mat,true,false,true
G4_P5_case45.mat,true,false,true
G4_P5_case45.mat,true,false,true
G4_P5_case45.mat,true,false,true
G4_P5_case45.mat,true,false,true
G4_P5_case45.mat,true,false,true
G4_P5_case45.mat,true,false,true
G4_P5_case45.mat,true,false,true
G4_P5_case45.mat,true,false,false
G4_P5_case46.mat,false,true,false
G4_P5_case46.mat,false,true,true
G4_P5_case46.mat,false,true,true
G4_P5_case46.mat,false,true,true
G4_P5_case46.mat,false,true,true
G4_P5_case46.mat,false,false,false
G4_P5_case46.mat,false,true,true
G4_P5_case46.mat,false,true,true
G4_P5_case46.mat,false,true,true
G4_P5_case46.mat,false,true,true
G4_P5_case46.mat,false,false,true
G4_P5_case46.mat,false,true,true
G4_P5_case46.mat,false,true,true
G4_P5_case46.mat,false,true,true
G4_P5_case46.mat,false,true,true
G4_P5_case46.mat,false,true,true
G4_P5_case46.mat,false,true,true
G4_P5_case46.mat,false,true,true
G4_P5_case46.mat,false,true,true
G5_P1_case51.mat,false,false,true
G5_P1_case51.mat,true,false,true
G5_P1_case51.mat,false,false,true
G5_P1_case51.mat,false,false,true
G5_P1_case51.mat,false,false,true
G5_P1_case51.mat,false,false,true
G5_P1_case51.mat,false,false,true
G5_P1_case51.mat,true,false,true
G5_P1_case51.mat,false,false,true
G5_P1_case51.mat,false,false,true
G5_P1_case51.mat,false,false,true
G5_P1_case51.mat,false,false,true
G5_P1_case51.mat,false,false,true
G5_P1_case51.mat,false,false,true
G5_P1_case51.mat,false,false,true
G5_P1_case51.mat,false,false,true
G5_P1_case51.mat,false,false,true
G5_P1_case51.mat,false,false,true
G5_P1_case51.mat,false,false,true
G5_P1_case51.mat,false,false,true
G5_P1_case51.mat,false,false,true
G5_P1_case51.mat,false,false,true
G5_P1_case51.mat,false,false,true
G5_P1_case52.mat,true,true,true
G5_P1_case52.mat,true,false,false
G5_P1_case52.mat,true,false,false
G5_P1_case52.mat,false,false,false
G5_P1_case52.mat,true,false,false
G5_P1_case52.mat,true,false,false
G5_P1_case52.mat,true,false,true
G5_P1_case52.mat,true,false,false
G5_P1_case52.mat,true,false,false
G5_P1_case52.mat,true,false,false
G5_P1_case52.mat,true,false,false
G5_P1_case52.mat,true,false,false
G5_P1_case52.mat,true,false,false
G5_P1_case52.mat,true,false,false
G5_P1_case52.mat,true,true,false
G5_P1_case52.mat,true,false,false
G5_P1_case52.mat,true,false,false
G5_P1_case52.mat,true,false,false
G5_P1_case52.mat,true,false,false
G5_P1_case52.mat,true,false,false
G5_P1_case52.mat,true,false,false
G5_P1_case52.mat,true,false,false
G5_P1_case53.mat,false,true,false
G5_P1_case53.mat,false,true,false
G5_P1_case53.mat,false,true,false
G5_P1_case53.mat,false,true,false
G5_P1_case53.mat,true,true,false
G5_P1_case53.mat,true,true,false
G5_P1_case53.mat,false,true,false
G5_P1_case53.mat,false,true,false
G5_P1_case53.mat,true,true,false
G5_P1_case53.mat,false,true,false
G5_P1_case53.mat,false,false,false
G5_P1_case53.mat,false,true,false
G5_P1_case53.mat,false,true,false
G5_P1_case53.mat,false,true,false
G5_P1_case53.mat,false,true,false
G5_P1_case53.mat,false,true,false
G5_P1_case53.mat,false,true,false
G5_P1_case53.mat,false,true,false
G5_P1_case53.mat,false,true,true
G5_P1_case53.mat,false,true,false
G5_P1_case53.mat,true,false,false
G5_P1_case53.mat,false,true,false
G5_P1_case55.mat,false,false,true
G5_P1_case55.mat,true,false,true
G5_P1_case55.mat,true,false,true
G5_P1_case55.mat,true,false,true
G5_P1_case55.mat,true,false,true
G5_P1_case55.mat,true,false,true
G5_P1_case55.mat,true,false,true
G5_P1_case55.mat,true,false,true
G5_P1_case55.mat,true,false,true
G5_P1_case55.mat,true,false,true
G5_P1_case55.mat,true,false,true
G5_P1_case55.mat,true,false,true
G5_P1_case55.mat,true,false,true
G5_P1_case55.mat,true,false,true
G5_P1_case55.mat,true,false,true
G5_P1_case55.mat,true,false,true
G5_P1_case55.mat,true,false,true
G5_P1_case55.mat,true,false,true
G5_P1_case55.mat,true,false,true
G5_P1_case55.mat,true,false,true
G5_P1_case55.mat,true,false,true
G5_P1_case55.mat,true,false,true
G5_P1_case55.mat,true,false,true
G5_P1_case56.mat,false,true,true
G5_P1_case56.mat,false,true,true
G5_P1_case56.mat,false,true,true
G5_P1_case56.mat,false,true,true
G5_P1_case56.mat,false,true,true
G5_P1_case56.mat,false,true,true
G5_P1_case56.mat,false,true,true
G5_P1_case56.mat,false,true,true
G5_P1_case56.mat,false,true,true
G5_P1_case56.mat,false,true,true
G5_P1_case56.mat,false,true,true
G5_P1_case56.mat,false,true,true
G5_P1_case56.mat,false,true,true
G5_P1_case56.mat,false,true,true
G5_P1_case56.mat,false,true,true
G5_P1_case56.mat,false,true,true
G5_P1_case56.mat,false,true,true
G5_P1_case56.mat,false,true,true
G5_P1_case56.mat,false,true,true
G5_P1_case56.mat,false,true,true
G5_P1_case56.mat,false,true,true
G5_P1_case56.mat,false,true,true
G5_P1_case56.mat,false,true,true
G5_P2_case51.mat,false,false,true
G5_P2_case51.mat,false,false,true
G5_P2_case51.mat,false,false,true
G5_P2_case51.mat,false,false,true
G5_P2_case51.mat,false,false,true
G5_P2_case51.mat,false,false,true
G5_P2_case51.mat,false,false,true
G5_P2_case51.mat,false,false,true
G5_P2_case51.mat,false,false,true
G5_P2_case51.mat,false,false,true
G5_P2_case51.mat,false,false,true
G5_P2_case51.mat,false,false,true
G5_P2_case51.mat,false,false,true
G5_P2_case51.mat,false,false,true
G5_P2_case51.mat,false,false,true
G5_P2_case51.mat,false,false,true
G5_P2_case51.mat,false,false,true
G5_P2_case51.mat,false,false,true
G5_P2_case51.mat,false,false,true
G5_P2_case51.mat,false,false,true
G5_P2_case51.mat,false,false,true
G5_P2_case51.mat,false,false,true
G5_P2_case52.mat,true,false,false
G5_P2_case52.mat,true,false,false
G5_P2_case52.mat,true,false,false
G5_P2_case52.mat,true,true,false
G5_P2_case52.mat,true,false,false
G5_P2_case52.mat,true,false,false
G5_P2_case52.mat,true,false,false
G5_P2_case52.mat,true,false,false
G5_P2_case52.mat,true,false,false
G5_P2_case52.mat,true,false,false
G5_P2_case52.mat,true,false,false
G5_P2_case52.mat,true,false,false
G5_P2_case52.mat,true,false,false
G5_P2_case52.mat,true,false,false
G5_P2_case52.mat,true,false,false
G5_P2_case52.mat,true,false,false
G5_P2_case52.mat,true,false,false
G5_P2_case52.mat,true,false,false
G5_P2_case52.mat,true,false,false
G5_P2_case52.mat,true,false,false
G5_P2_case52.mat,true,false,false
G5_P2_case52.mat,true,false,false
G5_P2_case53.mat,false,true,false
G5_P2_case53.mat,false,false,false
G5_P2_case53.mat,false,true,false
G5_P2_case53.mat,false,false,false
G5_P2_case53.mat,false,true,false
G5_P2_case53.mat,false,true,false
G5_P2_case53.mat,true,true,false
G5_P2_case53.mat,false,true,false
G5_P2_case53.mat,false,true,false
G5_P2_case53.mat,false,true,false
G5_P2_case53.mat,false,false,false
G5_P2_case53.mat,false,true,false
G5_P2_case53.mat,false,true,false
G5_P2_case53.mat,false,true,false
G5_P2_case53.mat,false,true,false
G5_P2_case53.mat,false,true,false
G5_P2_case53.mat,true,true,false
G5_P2_case53.mat,true,true,false
G5_P2_case53.mat,true,true,false
G5_P2_case53.mat,false,true,false
G5_P2_case53.mat,false,true,false
G5_P2_case53.mat,false,true,false
G5_P2_case53.mat,false,true,false
G5_P2_case55.mat,true,false,true
G5_P2_case55.mat,true,false,true
G5_P2_case55.mat,true,false,true
G5_P2_case55.mat,true,false,true
G5_P2_case55.mat,true,false,true
G5_P2_case55.mat,true,false,true
G5_P2_case55.mat,true,false,true
G5_P2_case55.mat,true,false,true
G5_P2_case55.mat,true,false,true
G5_P2_case55.mat,true,false,true
G5_P2_case55.mat,true,false,true
G5_P2_case55.mat,true,false,true
G5_P2_case55.mat,true,false,true
G5_P2_case55.mat,true,false,true
G5_P2_case55.mat,false,false,true
G5_P2_case55.mat,true,false,true
G5_P2_case55.mat,true,false,true
G5_P2_case55.mat,false,false,true
G5_P2_case55.mat,true,false,true
G5_P2_case55.mat,true,false,true
G5_P2_case55.mat,true,false,true
G5_P2_case55.mat,false,false,true
G5_P2_case55.mat,true,false,true
G5_P2_case55.mat,false,false,true
G5_P2_case56.mat,false,true,true
G5_P2_case56.mat,false,true,false
G5_P2_case56.mat,false,true,true
G5_P2_case56.mat,false,true,true
G5_P2_case56.mat,false,true,true
G5_P2_case56.mat,false,true,true
G5_P2_case56.mat,false,true,true
G5_P2_case56.mat,false,true,true
G5_P2_case56.mat,false,true,true
G5_P2_case56.mat,false,true,true
G5_P2_case56.mat,false,true,true
G5_P2_case56.mat,false,true,true
G5_P2_case56.mat,false,true,true
G5_P2_case56.mat,false,true,true
G5_P2_case56.mat,false,true,true
G5_P2_case56.mat,false,true,true
G5_P2_case56.mat,false,true,true
G5_P2_case56.mat,false,true,true
G5_P2_case56.mat,false,true,true
G5_P2_case56.mat,false,true,true
G5_P2_case56.mat,false,true,true
G5_P2_case56.mat,false,true,true
G5_P2_case56.mat,false,true,true
G5_P3_case51.mat,false,false,true
G5_P3_case51.mat,false,false,true
G5_P3_case51.mat,false,false,true
G5_P3_case51.mat,false,false,true
G5_P3_case51.mat,false,false,true
G5_P3_case51.mat,false,false,true
G5_P3_case51.mat,false,false,true
G5_P3_case51.mat,false,false,true
G5_P3_case51.mat,false,false,true
G5_P3_case51.mat,false,false,true
G5_P3_case51.mat,false,false,true
G5_P3_case51.mat,false,false,true
G5_P3_case51.mat,false,false,true
G5_P3_case51.mat,false,false,true
G5_P3_case51.mat,false,false,true
G5_P3_case51.mat,false,false,true
G5_P3_case51.mat,false,false,true
G5_P3_case51.mat,false,false,true
G5_P3_case51.mat,false,false,true
G5_P3_case51.mat,false,false,true
G5_P3_case51.mat,false,false,true
G5_P3_case51.mat,false,false,true
G5_P3_case51.mat,false,false,true
G5_P3_case52.mat,true,false,false
G5_P3_case52.mat,true,false,false
G5_P3_case52.mat,true,false,false
G5_P3_case52.mat,true,false,false
G5_P3_case52.mat,true,false,false
G5_P3_case52.mat,true,false,false
G5_P3_case52.mat,true,false,false
G5_P3_case52.mat,true,false,false
G5_P3_case52.mat,true,false,false
G5_P3_case52.mat,true,false,false
G5_P3_case52.mat,true,false,false
G5_P3_case52.mat,true,false,false
G5_P3_case52.mat,true,false,false
G5_P3_case52.mat,true,false,false
G5_P3_case52.mat,true,false,false
G5_P3_case52.mat,true,false,false
G5_P3_case52.mat,true,false,false
G5_P3_case52.mat,true,false,false
G5_P3_case52.mat,true,false,false
G5_P3_case52.mat,true,false,false
G5_P3_case52.mat,true,false,false
G5_P3_case52.mat,true,false,false
G5_P3_case52.mat,true,false,false
G5_P3_case53.mat,false,true,false
G5_P3_case53.mat,false,true,false
G5_P3_case53.mat,false,true,false
G5_P3_case53.mat,false,true,false
G5_P3_case53.mat,false,true,false
G5_P3_case53.mat,false,true,false
G5_P3_case53.mat,false,true,false
G5_P3_case53.mat,false,true,false
G5_P3_case53.mat,false,true,false
G5_P3_case53.mat,false,true,false
G5_P3_case53.mat,false,true,false
G5_P3_case53.mat,false,true,false
G5_P3_case53.mat,false,true,false
G5_P3_case53.mat,false,true,false
G5_P3_case53.mat,false,true,false
G5_P3_case53.mat,false,true,false
G5_P3_case53.mat,false,true,false
G5_P3_case53.mat,false,true,false
G5_P3_case53.mat,false,true,false
G5_P3_case53.mat,false,true,false
G5_P3_case53.mat,false,true,false
G5_P3_case53.mat,false,true,false
G5_P3_case53.mat,false,true,false
G5_P3_case55.mat,true,false,true
G5_P3_case55.mat,true,false,true
G5_P3_case55.mat,true,false,true
G5_P3_case55.mat,true,false,true
G5_P3_case55.mat,true,false,true
G5_P3_case55.mat,true,false,true
G5_P3_case55.mat,true,false,true
G5_P3_case55.mat,true,false,true
G5_P3_case55.mat,true,false,true
G5_P3_case55.mat,true,false,true
G5_P3_case55.mat,true,false,true
G5_P3_case55.mat,true,false,true
G5_P3_case55.mat,true,false,true
G5_P3_case55.mat,true,false,true
G5_P3_case55.mat,true,false,true
G5_P3_case55.mat,true,true,true
G5_P3_case55.mat,true,false,true
G5_P3_case55.mat,true,false,true
G5_P3_case55.mat,true,false,true
G5_P3_case55.mat,true,false,true
G5_P3_case55.mat,true,false,true
G5_P3_case55.mat,true,false,true
G5_P3_case55.mat,true,false,true
G5_P3_case56.mat,false,true,true
G5_P3_case56.mat,false,true,true
G5_P3_case56.mat,false,true,true
G5_P3_case56.mat,false,true,true
G5_P3_case56.mat,false,true,true
G5_P3_case56.mat,false,true,true
G5_P3_case56.mat,false,true,true
G5_P3_case56.mat,false,false,true
G5_P3_case56.mat,false,true,true
G5_P3_case56.mat,false,true,true
G5_P3_case56.mat,false,true,true
G5_P3_case56.mat,false,true,true
G5_P3_case56.mat,false,true,true
G5_P3_case56.mat,false,false,true
G5_P3_case56.mat,false,true,true
G5_P3_case56.mat,false,true,true
G5_P3_case56.mat,false,true,true
G5_P3_case56.mat,false,true,true
G5_P3_case56.mat,false,true,true
G5_P3_case56.mat,false,true,true
G5_P3_case56.mat,false,true,true
G5_P3_case56.mat,false,true,true
G5_P3_case56.mat,false,true,true
G5_P4_case51.mat,false,false,true
G5_P4_case51.mat,false,false,true
G5_P4_case51.mat,false,false,true
G5_P4_case51.mat,false,false,true
G5_P4_case51.mat,false,false,true
G5_P4_case51.mat,false,false,true
G5_P4_case51.mat,false,false,true
G5_P4_case51.mat,false,false,true
G5_P4_case51.mat,false,false,true
G5_P4_case51.mat,false,false,true
G5_P4_case51.mat,false,false,true
G5_P4_case51.mat,false,false,true
G5_P4_case51.mat,false,false,true
G5_P4_case51.mat,false,false,true
G5_P4_case51.mat,false,false,true
G5_P4_case51.mat,false,false,true
G5_P4_case51.mat,false,false,true
G5_P4_case51.mat,false,false,true
G5_P4_case51.mat,false,false,true
G5_P4_case51.mat,false,false,true
G5_P4_case51.mat,false,false,true
G5_P4_case51.mat,false,false,true
G5_P4_case51.mat,false,false,true
G5_P4_case51.mat,false,false,true
G5_P4_case52.mat,true,false,false
G5_P4_case52.mat,true,false,false
G5_P4_case52.mat,true,false,false
G5_P4_case52.mat,true,false,false
G5_P4_case52.mat,true,true,false
G5_P4_case52.mat,true,false,false
G5_P4_case52.mat,true,false,false
G5_P4_case52.mat,true,false,false
G5_P4_case52.mat,true,false,false
G5_P4_case52.mat,true,false,false
G5_P4_case52.mat,true,false,false
G5_P4_case52.mat,true,true,false
G5_P4_case52.mat,true,false,false
G5_P4_case52.mat,false,false,false
G5_P4_case52.mat,true,false,false
G5_P4_case52.mat,true,false,false
G5_P4_case52.mat,true,false,false
G5_P4_case52.mat,false,false,false
G5_P4_case52.mat,true,false,false
G5_P4_case52.mat,true,false,false
G5_P4_case52.mat,false,false,false
G5_P4_case52.mat,false,false,false
G5_P4_case52.mat,true,false,false
G5_P4_case53.mat,false,true,false
G5_P4_case53.mat,false,true,false
G5_P4_case53.mat,false,true,false
G5_P4_case53.mat,false,true,false
G5_P4_case53.mat,false,true,false
G5_P4_case53.mat,false,true,false
G5_P4_case53.mat,false,true,false
G5_P4_case53.mat,false,true,false
G5_P4_case53.mat,false,true,false
G5_P4_case53.mat,false,true,false
G5_P4_case53.mat,false,true,false
G5_P4_case53.mat,false,true,false
G5_P4_case53.mat,false,true,false
G5_P4_case53.mat,false,true,false
G5_P4_case53.mat,false,true,false
G5_P4_case53.mat,false,true,false
G5_P4_case53.mat,false,true,false
G5_P4_case53.mat,false,true,false
G5_P4_case53.mat,false,true,false
G5_P4_case53.mat,false,true,false
G5_P4_case53.mat,false,true,false
G5_P4_case53.mat,false,true,false
G5_P4_case53.mat,false,true,false
G5_P4_case53.mat,false,true,false
G5_P4_case55.mat,true,false,true
G5_P4_case55.mat,true,false,true
G5_P4_case55.mat,true,false,true
G5_P4_case55.mat,true,false,true
G5_P4_case55.mat,true,false,true
G5_P4_case55.mat,true,false,true
G5_P4_case55.mat,true,false,true
G5_P4_case55.mat,true,false,true
G5_P4_case55.mat,true,false,true
G5_P4_case55.mat,true,false,false
G5_P4_case55.mat,true,false,false
G5_P4_case55.mat,true,false,false
G5_P4_case55.mat,true,false,true
G5_P4_case55.mat,true,false,false
G5_P4_case55.mat,true,false,true
G5_P4_case55.mat,false,false,true
G5_P4_case55.mat,true,false,true
G5_P4_case55.mat,true,false,true
G5_P4_case55.mat,false,false,true
G5_P4_case55.mat,true,false,true
G5_P4_case55.mat,true,false,true
G5_P4_case55.mat,false,false,true
G5_P4_case55.mat,true,false,true
G5_P4_case55.mat,true,false,true
G5_P4_case55.mat,true,false,true
G5_P4_case56.mat,false,true,true
G5_P4_case56.mat,false,true,true
G5_P4_case56.mat,false,true,true
G5_P4_case56.mat,false,true,true
G5_P4_case56.mat,false,true,true
G5_P4_case56.mat,false,true,true
G5_P4_case56.mat,false,true,true
G5_P4_case56.mat,false,true,true
G5_P4_case56.mat,false,true,true
G5_P4_case56.mat,false,true,true
G5_P4_case56.mat,false,true,true
G5_P4_case56.mat,false,true,true
G5_P4_case56.mat,false,true,true
G5_P4_case56.mat,false,true,false
G5_P4_case56.mat,false,true,false
G5_P4_case56.mat,false,true,true
G5_P4_case56.mat,false,true,true
G5_P4_case56.mat,false,true,true
G5_P4_case56.mat,false,true,true
G5_P4_case56.mat,false,true,true
G5_P4_case56.mat,false,true,true
G5_P4_case56.mat,false,true,true
G5_P4_case56.mat,false,true,true
G5_P5_case51.mat,false,true,true
G5_P5_case51.mat,false,false,true
G5_P5_case51.mat,false,false,true
G5_P5_case51.mat,false,false,true
G5_P5_case51.mat,false,false,true
G5_P5_case51.mat,false,false,true
G5_P5_case51.mat,false,false,true
G5_P5_case51.mat,false,false,true
G5_P5_case51.mat,false,false,true
G5_P5_case51.mat,false,false,true
G5_P5_case51.mat,false,false,true
G5_P5_case51.mat,false,false,true
G5_P5_case51.mat,false,true,true
G5_P5_case51.mat,false,false,true
G5_P5_case51.mat,false,false,true
G5_P5_case51.mat,false,false,true
G5_P5_case51.mat,false,false,true
G5_P5_case51.mat,false,false,true
G5_P5_case51.mat,false,false,true
G5_P5_case52.mat,true,false,false
G5_P5_case52.mat,true,false,false
G5_P5_case52.mat,true,false,false
G5_P5_case52.mat,true,false,false
G5_P5_case52.mat,true,false,false
G5_P5_case52.mat,true,false,false
G5_P5_case52.mat,true,false,false
G5_P5_case52.mat,true,false,false
G5_P5_case52.mat,true,false,false
G5_P5_case52.mat,true,false,false
G5_P5_case52.mat,true,false,false
G5_P5_case52.mat,true,false,false
G5_P5_case52.mat,true,false,false
G5_P5_case52.mat,true,false,false
G5_P5_case52.mat,true,false,false
G5_P5_case52.mat,true,false,false
G5_P5_case52.mat,true,false,false
G5_P5_case52.mat,true,false,false
G5_P5_case52.mat,true,false,false
G5_P5_case53.mat,false,true,false
G5_P5_case53.mat,true,true,false
G5_P5_case53.mat,false,true,false
G5_P5_case53.mat,false,true,false
G5_P5_case53.mat,false,true,false
G5_P5_case53.mat,false,true,false
G5_P5_case53.mat,false,true,false
G5_P5_case53.mat,false,false,false
G5_P5_case53.mat,false,true,false
G5_P5_case53.mat,false,true,false
G5_P5_case53.mat,false,true,false
G5_P5_case53.mat,false,true,false
G5_P5_case53.mat,false,true,false
G5_P5_case53.mat,false,true,false
G5_P5_case53.mat,false,true,true
G5_P5_case53.mat,false,true,true
G5_P5_case53.mat,false,false,false
G5_P5_case53.mat,false,true,false
G5_P5_case53.mat,true,true,false
G5_P5_case55.mat,true,false,false
G5_P5_case55.mat,true,false,true
G5_P5_case55.mat,true,false,true
G5_P5_case55.mat,true,false,true
G5_P5_case55.mat,true,false,true
G5_P5_case55.mat,true,false,true
G5_P5_case55.mat,true,false,true
G5_P5_case55.mat,false,false,true
G5_P5_case55.mat,true,false,true
G5_P5_case55.mat,true,false,true
G5_P5_case55.mat,true,false,true
G5_P5_case55.mat,true,false,true
G5_P5_case55.mat,true,false,true
G5_P5_case55.mat,true,false,true
G5_P5_case55.mat,true,false,true
G5_P5_case55.mat,true,false,true
G5_P5_case55.mat,true,false,true
G5_P5_case55.mat,true,false,true
G5_P5_case55.mat,true,false,false
G5_P5_case56.mat,false,true,true
G5_P5_case56.mat,false,true,true
G5_P5_case56.mat,false,true,true
G5_P5_case56.mat,false,true,true
G5_P5_case56.mat,false,true,true
G5_P5_case56.mat,false,true,true
G5_P5_case56.mat,false,true,true
G5_P5_case56.mat,false,true,true
G5_P5_case56.mat,false,true,true
G5_P5_case56.mat,false,true,true
G5_P5_case56.mat,false,true,true
G5_P5_case56.mat,false,true,true
G5_P5_case56.mat,false,true,true
G5_P5_case56.mat,false,true,true
G5_P5_case56.mat,false,true,true
G5_P5_case56.mat,false,true,true
G5_P5_case56.mat,false,true,true
G5_P5_case56.mat,true,true,true
G5_P5_case56.mat,false,true,true
G6_P1_case61.mat,false,false,true
G6_P1_case61.mat,false,false,true
G6_P1_case61.mat,false,false,true
G6_P1_case61.mat,false,false,true
G6_P1_case61.mat,false,false,true
G6_P1_case61.mat,false,false,true
G6_P1_case61.mat,false,false,true
G6_P1_case61.mat,false,false,true
G6_P1_case61.mat,false,false,true
G6_P1_case61.mat,false,false,true
G6_P1_case61.mat,false,false,true
G6_P1_case61.mat,false,false,true
G6_P1_case61.mat,false,false,true
G6_P1_case61.mat,false,false,true
G6_P1_case61.mat,false,false,true
G6_P1_case61.mat,false,false,true
G6_P1_case61.mat,false,false,true
G6_P1_case61.mat,false,false,true
G6_P1_case61.mat,false,false,true
G6_P1_case61.mat,false,false,true
G6_P1_case61.mat,false,false,true
G6_P1_case61.mat,false,false,true
G6_P1_case61.mat,false,false,true
G6_P1_case62.mat,true,false,false
G6_P1_case62.mat,true,false,false
G6_P1_case62.mat,true,false,false
G6_P1_case62.mat,true,false,false
G6_P1_case62.mat,true,false,false
G6_P1_case62.mat,true,false,false
G6_P1_case62.mat,true,false,false
G6_P1_case62.mat,true,true,false
G6_P1_case62.mat,true,false,false
G6_P1_case62.mat,true,false,false
G6_P1_case62.mat,true,false,false
G6_P1_case62.mat,true,false,false
G6_P1_case62.mat,true,false,false
G6_P1_case62.mat,true,false,false
G6_P1_case62.mat,true,false,false
G6_P1_case62.mat,true,false,false
G6_P1_case62.mat,true,false,false
G6_P1_case62.mat,true,false,false
G6_P1_case62.mat,true,false,false
G6_P1_case62.mat,true,false,false
G6_P1_case62.mat,true,false,false
G6_P1_case62.mat,true,false,false
G6_P1_case62.mat,true,false,false
G6_P1_case63.mat,false,true,false
G6_P1_case63.mat,false,true,false
G6_P1_case63.mat,false,true,false
G6_P1_case63.mat,false,false,false
G6_P1_case63.mat,false,true,false
G6_P1_case63.mat,false,true,false
G6_P1_case63.mat,false,true,false
G6_P1_case63.mat,true,true,false
G6_P1_case63.mat,true,true,false
G6_P1_case63.mat,true,false,false
G6_P1_case63.mat,false,true,false
G6_P1_case63.mat,false,true,false
G6_P1_case63.mat,false,true,false
G6_P1_case63.mat,false,true,false
G6_P1_case63.mat,false,true,false
G6_P1_case63.mat,false,true,false
G6_P1_case63.mat,false,true,false
G6_P1_case63.mat,false,false,false
G6_P1_case63.mat,false,true,false
G6_P1_case63.mat,false,true,false
G6_P1_case63.mat,false,true,false
G6_P1_case63.mat,false,true,false
G6_P1_case63.mat,false,true,false
G6_P1_case65.mat,true,false,true
G6_P1_case65.mat,true,false,true
G6_P1_case65.mat,true,false,true
G6_P1_case65.mat,true,false,true
G6_P1_case65.mat,true,false,true
G6_P1_case65.mat,true,false,true
G6_P1_case65.mat,true,false,true
G6_P1_case65.mat,true,false,true
G6_P1_case65.mat,true,false,true
G6_P1_case65.mat,true,false,true
G6_P1_case65.mat,true,false,true
G6_P1_case65.mat,true,false,true
G6_P1_case65.mat,true,false,true
G6_P1_case65.mat,true,false,true
G6_P1_case65.mat,true,false,true
G6_P1_case65.mat,true,false,true
G6_P1_case65.mat,true,false,true
G6_P1_case65.mat,true,false,true
G6_P1_case65.mat,true,false,true
G6_P1_case65.mat,true,false,true
G6_P1_case65.mat,true,false,true
G6_P1_case65.mat,true,false,true
G6_P1_case65.mat,true,false,true
G6_P1_case66.mat,false,true,true
G6_P1_case66.mat,false,true,true
G6_P1_case66.mat,false,true,true
G6_P1_case66.mat,false,true,true
G6_P1_case66.mat,false,true,true
G6_P1_case66.mat,false,true,true
G6_P1_case66.mat,false,true,true
G6_P1_case66.mat,false,true,true
G6_P1_case66.mat,false,true,true
G6_P1_case66.mat,false,true,true
G6_P1_case66.mat,false,true,true
G6_P1_case66.mat,false,true,true
G6_P1_case66.mat,false,true,true
G6_P1_case66.mat,false,true,true
G6_P1_case66.mat,false,true,true
G6_P1_case66.mat,false,true,true
G6_P1_case66.mat,false,true,true
G6_P1_case66.mat,false,true,true
G6_P1_case66.mat,false,true,true
G6_P1_case66.mat,false,true,true
G6_P1_case66.mat,false,true,true
G6_P1_case66.mat,false,true,true
G6_P1_case66.mat,false,true,true
G6_P2_case61.mat,false,false,true
G6_P2_case61.mat,false,false,true
G6_P2_case61.mat,false,false,true
G6_P2_case61.mat,false,false,true
G6_P2_case61.mat,false,false,true
G6_P2_case61.mat,false,false,true
G6_P2_case61.mat,false,false,true
G6_P2_case61.mat,false,false,true
G6_P2_case61.mat,false,false,true
G6_P2_case61.mat,false,false,true
G6_P2_case61.mat,false,false,true
G6_P2_case61.mat,false,false,true
G6_P2_case61.mat,false,false,true
G6_P2_case61.mat,false,false,true
G6_P2_case61.mat,false,false,true
G6_P2_case61.mat,false,false,true
G6_P2_case61.mat,false,false,true
G6_P2_case61.mat,false,false,true
G6_P2_case61.mat,false,false,true
G6_P2_case61.mat,false,false,true
G6_P2_case61.mat,false,false,true
G6_P2_case61.mat,false,false,true
G6_P2_case61.mat,false,false,true
G6_P2_case62.mat,true,false,false
G6_P2_case62.mat,true,false,false
G6_P2_case62.mat,true,false,false
G6_P2_case62.mat,true,false,false
G6_P2_case62.mat,true,false,false
G6_P2_case62.mat,true,false,false
G6_P2_case62.mat,true,true,false
G6_P2_case62.mat,true,false,false
G6_P2_case62.mat,true,false,false
G6_P2_case62.mat,true,false,false
G6_P2_case62.mat,true,false,false
G6_P2_case62.mat,false,false,false
G6_P2_case62.mat,true,false,false
G6_P2_case62.mat,true,false,false
G6_P2_case62.mat,false,false,false
G6_P2_case62.mat,true,false,false
G6_P2_case62.mat,true,false,false
G6_P2_case62.mat,true,false,false
G6_P2_case62.mat,true,false,false
G6_P2_case62.mat,false,false,false
G6_P2_case62.mat,true,false,false
G6_P2_case62.mat,true,false,false
G6_P2_case62.mat,true,false,false
G6_P2_case63.mat,false,true,false
G6_P2_case63.mat,false,true,false
G6_P2_case63.mat,false,true,false
G6_P2_case63.mat,false,true,false
G6_P2_case63.mat,false,true,true
G6_P2_case63.mat,false,true,false
G6_P2_case63.mat,false,true,false
G6_P2_case63.mat,false,true,false
G6_P2_case63.mat,false,true,false
G6_P2_case63.mat,false,false,false
G6_P2_case63.mat,false,true,false
G6_P2_case63.mat,false,true,false
G6_P2_case63.mat,false,true,false
G6_P2_case63.mat,false,true,false
G6_P2_case63.mat,false,true,false
G6_P2_case63.mat,false,true,false
G6_P2_case63.mat,false,true,false
G6_P2_case63.mat,false,true,false
G6_P2_case63.mat,false,true,false
G6_P2_case63.mat,false,true,false
G6_P2_case63.mat,false,true,false
G6_P2_case63.mat,true,true,false
G6_P2_case63.mat,false,true,false
G6_P2_case65.mat,true,false,true
G6_P2_case65.mat,true,false,true
G6_P2_case65.mat,true,false,true
G6_P2_case65.mat,true,false,true
G6_P2_case65.mat,true,false,true
G6_P2_case65.mat,true,false,true
G6_P2_case65.mat,true,false,true
G6_P2_case65.mat,true,false,true
G6_P2_case65.mat,true,false,true
G6_P2_case65.mat,true,false,true
G6_P2_case65.mat,true,false,true
G6_P2_case65.mat,true,false,true
G6_P2_case65.mat,true,false,true
G6_P2_case65.mat,true,false,true
G6_P2_case65.mat,true,false,true
G6_P2_case65.mat,true,false,true
G6_P2_case65.mat,true,false,true
G6_P2_case65.mat,true,false,true
G6_P2_case65.mat,true,false,true
G6_P2_case65.mat,true,false,true
G6_P2_case65.mat,true,false,true
G6_P2_case65.mat,true,false,true
G6_P2_case65.mat,true,false,true
G6_P2_case66.mat,false,true,true
G6_P2_case66.mat,false,true,true
G6_P2_case66.mat,false,true,true
G6_P2_case66.mat,false,true,true
G6_P2_case66.mat,false,true,true
G6_P2_case66.mat,false,true,true
G6_P2_case66.mat,false,true,true
G6_P2_case66.mat,false,true,true
G6_P2_case66.mat,false,true,false
G6_P2_case66.mat,false,true,true
G6_P2_case66.mat,false,true,true
G6_P2_case66.mat,false,true,true
G6_P2_case66.mat,false,true,true
G6_P2_case66.mat,false,false,true
G6_P2_case66.mat,false,true,true
G6_P2_case66.mat,false,true,true
G6_P2_case66.mat,false,true,true
G6_P2_case66.mat,false,true,true
G6_P2_case66.mat,false,true,true
G6_P2_case66.mat,false,true,true
G6_P2_case66.mat,false,true,true
G6_P2_case66.mat,false,true,true
G6_P2_case66.mat,false,true,true
G6_P3_case61.mat,false,false,true
G6_P3_case61.mat,false,false,true
G6_P3_case61.mat,false,false,true
G6_P3_case61.mat,false,false,true
G6_P3_case61.mat,false,false,true
G6_P3_case61.mat,false,false,true
G6_P3_case61.mat,false,false,true
G6_P3_case61.mat,false,false,true
G6_P3_case61.mat,false,false,true
G6_P3_case61.mat,false,false,true
G6_P3_case61.mat,false,false,true
G6_P3_case61.mat,false,false,true
G6_P3_case61.mat,false,false,true
G6_P3_case61.mat,false,false,true
G6_P3_case61.mat,false,false,true
G6_P3_case61.mat,false,false,true
G6_P3_case61.mat,false,false,true
G6_P3_case61.mat,false,false,true
G6_P3_case61.mat,false,false,true
G6_P3_case61.mat,false,false,true
G6_P3_case61.mat,false,false,true
G6_P3_case61.mat,false,false,true
G6_P3_case61.mat,false,false,true
G6_P3_case62.mat,true,false,false
G6_P3_case62.mat,true,false,false
G6_P3_case62.mat,false,false,false
G6_P3_case62.mat,true,false,false
G6_P3_case62.mat,true,false,false
G6_P3_case62.mat,true,false,false
G6_P3_case62.mat,true,false,false
G6_P3_case62.mat,true,false,false
G6_P3_case62.mat,true,false,false
G6_P3_case62.mat,true,false,false
G6_P3_case62.mat,true,false,false
G6_P3_case62.mat,false,false,false
G6_P3_case62.mat,true,false,false
G6_P3_case62.mat,true,false,false
G6_P3_case62.mat,true,false,false
G6_P3_case62.mat,true,true,false
G6_P3_case62.mat,true,false,false
G6_P3_case62.mat,true,false,false
G6_P3_case62.mat,true,false,false
G6_P3_case62.mat,true,false,false
G6_P3_case62.mat,true,false,false
G6_P3_case62.mat,true,false,false
G6_P3_case63.mat,false,false,false
G6_P3_case63.mat,false,true,false
G6_P3_case63.mat,false,true,false
G6_P3_case63.mat,false,true,false
G6_P3_case63.mat,false,true,false
G6_P3_case63.mat,false,true,false
G6_P3_case63.mat,false,true,false
G6_P3_case63.mat,false,true,false
G6_P3_case63.mat,false,true,false
G6_P3_case63.mat,false,true,false
G6_P3_case63.mat,false,true,false
G6_P3_case63.mat,false,true,false
G6_P3_case63.mat,false,true,false
G6_P3_case63.mat,false,true,false
G6_P3_case63.mat,true,true,false
G6_P3_case63.mat,false,true,false
G6_P3_case63.mat,false,true,false
G6_P3_case63.mat,false,true,false
G6_P3_case63.mat,false,true,false
G6_P3_case63.mat,false,true,false
G6_P3_case63.mat,false,true,false
G6_P3_case63.mat,false,true,false
G6_P3_case63.mat,false,true,false
G6_P3_case65.mat,true,false,true
G6_P3_case65.mat,true,false,true
G6_P3_case65.mat,true,false,true
G6_P3_case65.mat,true,false,true
G6_P3_case65.mat,true,false,true
G6_P3_case65.mat,true,false,true
G6_P3_case65.mat,true,false,true
G6_P3_case65.mat,true,false,true
G6_P3_case65.mat,true,false,true
G6_P3_case65.mat,true,false,true
G6_P3_case65.mat,true,false,true
G6_P3_case65.mat,true,false,true
G6_P3_case65.mat,true,false,true
G6_P3_case65.mat,true,false,false
G6_P3_case65.mat,true,false,true
G6_P3_case65.mat,true,false,true
G6_P3_case65.mat,true,false,true
G6_P3_case65.mat,true,false,true
G6_P3_case65.mat,true,false,true
G6_P3_case65.mat,false,false,true
G6_P3_case65.mat,true,false,true
G6_P3_case65.mat,true,false,true
G6_P3_case65.mat,true,false,true
G6_P3_case65.mat,true,false,true
G6_P3_case66.mat,false,true,true
G6_P3_case66.mat,false,true,true
G6_P3_case66.mat,false,true,true
G6_P3_case66.mat,false,true,true
G6_P3_case66.mat,false,true,false
G6_P3_case66.mat,false,true,true
G6_P3_case66.mat,false,true,true
G6_P3_case66.mat,false,true,true
G6_P3_case66.mat,false,true,true
G6_P3_case66.mat,false,true,true
G6_P3_case66.mat,false,true,true
G6_P3_case66.mat,false,true,true
G6_P3_case66.mat,false,true,true
G6_P3_case66.mat,false,true,true
G6_P3_case66.mat,false,true,true
G6_P3_case66.mat,false,true,true
G6_P3_case66.mat,false,true,true
G6_P3_case66.mat,false,true,true
G6_P3_case66.mat,false,true,true
G6_P3_case66.mat,false,true,true
G6_P3_case66.mat,false,true,true
G6_P3_case66.mat,false,true,true
G6_P3_case66.mat,false,true,true
G6_P4_case61.mat,false,false,true
G6_P4_case61.mat,false,false,true
G6_P4_case61.mat,false,false,true
G6_P4_case61.mat,false,false,true
G6_P4_case61.mat,false,false,true
G6_P4_case61.mat,false,false,true
G6_P4_case61.mat,false,false,true
G6_P4_case61.mat,false,false,true
G6_P4_case61.mat,false,false,true
G6_P4_case61.mat,false,false,true
G6_P4_case61.mat,false,false,true
G6_P4_case61.mat,false,false,true
G6_P4_case61.mat,false,false,true
G6_P4_case61.mat,false,false,true
G6_P4_case61.mat,false,false,true
G6_P4_case61.mat,false,false,true
G6_P4_case61.mat,false,false,true
G6_P4_case61.mat,false,false,true
G6_P4_case61.mat,false,false,true
G6_P4_case61.mat,false,false,true
G6_P4_case61.mat,false,false,true
G6_P4_case61.mat,false,false,true
G6_P4_case61.mat,false,false,true
G6_P4_case62.mat,true,true,true
G6_P4_case62.mat,true,false,false
G6_P4_case62.mat,false,false,false
G6_P4_case62.mat,true,false,true
G6_P4_case62.mat,true,false,true
G6_P4_case62.mat,true,false,false
G6_P4_case62.mat,true,false,false
G6_P4_case62.mat,true,false,false
G6_P4_case62.mat,true,false,false
G6_P4_case62.mat,true,false,false
G6_P4_case62.mat,true,false,false
G6_P4_case62.mat,true,false,false
G6_P4_case62.mat,true,false,false
G6_P4_case62.mat,true,false,false
G6_P4_case62.mat,true,false,false
G6_P4_case62.mat,true,false,false
G6_P4_case62.mat,true,false,false
G6_P4_case62.mat,true,false,false
G6_P4_case62.mat,true,false,false
G6_P4_case62.mat,true,false,false
G6_P4_case62.mat,true,false,false
G6_P4_case62.mat,true,false,false
G6_P4_case63.mat,false,true,false
G6_P4_case63.mat,false,true,false
G6_P4_case63.mat,false,true,false
G6_P4_case63.mat,false,false,false
G6_P4_case63.mat,false,true,false
G6_P4_case63.mat,false,true,false
G6_P4_case63.mat,false,true,false
G6_P4_case63.mat,false,true,false
G6_P4_case63.mat,false,true,false
G6_P4_case63.mat,false,true,false
G6_P4_case63.mat,false,true,false
G6_P4_case63.mat,false,true,false
G6_P4_case63.mat,false,true,false
G6_P4_case63.mat,false,true,false
G6_P4_case63.mat,false,true,false
G6_P4_case63.mat,false,true,false
G6_P4_case63.mat,false,true,false
G6_P4_case63.mat,false,true,false
G6_P4_case63.mat,false,true,false
G6_P4_case63.mat,false,false,false
G6_P4_case63.mat,false,true,false
G6_P4_case63.mat,true,true,false
G6_P4_case65.mat,false,false,true
G6_P4_case65.mat,true,false,true
G6_P4_case65.mat,true,false,true
G6_P4_case65.mat,true,true,true
G6_P4_case65.mat,false,false,true
G6_P4_case65.mat,true,false,true
G6_P4_case65.mat,true,false,true
G6_P4_case65.mat,true,false,true
G6_P4_case65.mat,true,false,true
G6_P4_case65.mat,true,false,true
G6_P4_case65.mat,true,false,true
G6_P4_case65.mat,true,false,true
G6_P4_case65.mat,true,false,true
G6_P4_case65.mat,true,true,true
G6_P4_case65.mat,true,false,true
G6_P4_case65.mat,true,false,true
G6_P4_case65.mat,true,false,true
G6_P4_case65.mat,true,false,true
G6_P4_case65.mat,true,false,true
G6_P4_case65.mat,true,false,true
G6_P4_case65.mat,true,false,true
G6_P4_case65.mat,true,false,true
G6_P4_case65.mat,true,false,true
G6_P4_case65.mat,true,false,true
G6_P4_case66.mat,false,true,true
G6_P4_case66.mat,false,true,true
G6_P4_case66.mat,false,true,true
G6_P4_case66.mat,false,true,true
G6_P4_case66.mat,false,true,true
G6_P4_case66.mat,false,true,true
G6_P4_case66.mat,false,true,true
G6_P4_case66.mat,false,true,true
G6_P4_case66.mat,false,true,true
G6_P4_case66.mat,false,true,true
G6_P4_case66.mat,false,true,true
G6_P4_case66.mat,false,true,true
G6_P4_case66.mat,false,true,true
G6_P4_case66.mat,false,true,true
G6_P4_case66.mat,false,true,true
G6_P4_case66.mat,false,true,true
G6_P4_case66.mat,false,true,true
G6_P4_case66.mat,false,true,true
G6_P4_case66.mat,false,true,true
G6_P4_case66.mat,false,true,true
G6_P4_case66.mat,false,true,true
G6_P4_case66.mat,false,true,true
G6_P4_case66.mat,false,true,true
G6_P5_case61.mat,false,false,true
G6_P5_case61.mat,false,false,true
G6_P5_case61.mat,false,false,true
G6_P5_case61.mat,false,false,true
G6_P5_case61.mat,false,false,true
G6_P5_case61.mat,false,false,true
G6_P5_case61.mat,true,false,true
G6_P5_case61.mat,false,false,true
G6_P5_case61.mat,false,false,true
G6_P5_case61.mat,false,false,true
G6_P5_case61.mat,false,false,true
G6_P5_case61.mat,false,false,true
G6_P5_case61.mat,false,false,true
G6_P5_case61.mat,false,false,true
G6_P5_case61.mat,false,false,true
G6_P5_case61.mat,false,false,true
G6_P5_case61.mat,false,false,true
G6_P5_case61.mat,false,false,true
G6_P5_case61.mat,false,false,true
G6_P5_case62.mat,true,true,false
G6_P5_case62.mat,true,true,false
G6_P5_case62.mat,true,false,false
G6_P5_case62.mat,true,false,false
G6_P5_case62.mat,true,false,false
G6_P5_case62.mat,false,false,false
G6_P5_case62.mat,true,false,false
G6_P5_case62.mat,true,false,false
G6_P5_case62.mat,true,false,false
G6_P5_case62.mat,true,false,false
G6_P5_case62.mat,true,false,false
G6_P5_case62.mat,true,false,false
G6_P5_case62.mat,true,false,false
G6_P5_case62.mat,true,false,false
G6_P5_case62.mat,true,false,false
G6_P5_case62.mat,true,false,false
G6_P5_case62.mat,true,false,false
G6_P5_case62.mat,true,false,false
G6_P5_case62.mat,true,false,false
G6_P5_case63.mat,false,true,false
G6_P5_case63.mat,false,true,false
G6_P5_case63.mat,false,true,false
G6_P5_case63.mat,false,true,false
G6_P5_case63.mat,false,true,false
G6_P5_case63.mat,false,true,false
G6_P5_case63.mat,false,true,false
G6_P5_case63.mat,false,true,false
G6_P5_case63.mat,false,true,false
G6_P5_case63.mat,false,true,false
G6_P5_case63.mat,false,true,false
G6_P5_case63.mat,false,true,false
G6_P5_case63.mat,false,true,false
G6_P5_case63.mat,false,true,false
G6_P5_case63.mat,false,true,false
G6_P5_case63.mat,false,true,false
G6_P5_case63.mat,false,true,false
G6_P5_case63.mat,false,true,false
G6_P5_case63.mat,false,true,false
G6_P5_case65.mat,true,false,true
G6_P5_case65.mat,true,false,false
G6_P5_case65.mat,true,false,true
G6_P5_case65.mat,false,false,true
G6_P5_case65.mat,true,false,true
G6_P5_case65.mat,true,false,true
G6_P5_case65.mat,false,false,true
G6_P5_case65.mat,true,false,true
G6_P5_case65.mat,true,false,true
G6_P5_case65.mat,false,false,true
G6_P5_case65.mat,true,false,true
G6_P5_case65.mat,true,false,true
G6_P5_case65.mat,true,false,true
G6_P5_case65.mat,true,false,true
G6_P5_case65.mat,true,true,true
G6_P5_case65.mat,true,false,true
G6_P5_case65.mat,false,false,true
G6_P5_case65.mat,true,false,true
G6_P5_case65.mat,false,false,false
G6_P5_case66.mat,false,true,true
G6_P5_case66.mat,false,true,true
G6_P5_case66.mat,false,true,true
G6_P5_case66.mat,false,true,true
G6_P5_case66.mat,false,true,true
G6_P5_case66.mat,false,true,true
G6_P5_case66.mat,false,true,true
G6_P5_case66.mat,true,true,false
G6_P5_case66.mat,false,true,false
G6_P5_case66.mat,false,true,true
G6_P5_case66.mat,false,true,true
G6_P5_case66.mat,false,true,true
G6_P5_case66.mat,false,false,false
G6_P5_case66.mat,false,true,true
G6_P5_case66.mat,false,true,true
G6_P5_case66.mat,true,false,true
G6_P5_case66.mat,false,true,true
G6_P5_case66.mat,false,false,true
G6_P5_case66.mat,false,true,true
G7_P1_case71.mat,false,false,true
G7_P1_case71.mat,false,false,true
G7_P1_case71.mat,false,false,true
G7_P1_case71.mat,false,false,true
G7_P1_case71.mat,false,false,true
G7_P1_case71.mat,false,false,true
G7_P1_case71.mat,false,false,true
G7_P1_case71.mat,false,false,true
G7_P1_case71.mat,false,false,true
G7_P1_case71.mat,false,false,true
G7_P1_case71.mat,false,false,true
G7_P1_case71.mat,false,false,true
G7_P1_case71.mat,false,false,true
G7_P1_case71.mat,false,false,true
G7_P1_case71.mat,false,false,true
G7_P1_case71.mat,false,false,true
G7_P1_case71.mat,false,false,true
G7_P1_case71.mat,false,false,true
G7_P1_case71.mat,false,false,true
G7_P1_case71.mat,false,false,true
G7_P1_case71.mat,false,false,true
G7_P1_case71.mat,false,false,true
G7_P1_case71.mat,false,false,true
G7_P1_case72.mat,true,false,false
G7_P1_case72.mat,true,false,false
G7_P1_case72.mat,true,false,false
G7_P1_case72.mat,true,true,false
G7_P1_case72.mat,true,false,false
G7_P1_case72.mat,true,false,false
G7_P1_case72.mat,false,false,false
G7_P1_case72.mat,true,false,false
G7_P1_case72.mat,true,true,false
G7_P1_case72.mat,false,false,false
G7_P1_case72.mat,true,false,false
G7_P1_case72.mat,true,false,false
G7_P1_case72.mat,true,false,false
G7_P1_case72.mat,true,false,false
G7_P1_case72.mat,true,false,false
G7_P1_case72.mat,true,false,false
G7_P1_case72.mat,true,false,false
G7_P1_case72.mat,false,false,false
G7_P1_case72.mat,true,false,false
G7_P1_case72.mat,true,false,false
G7_P1_case72.mat,true,false,false
G7_P1_case72.mat,true,false,false
G7_P1_case72.mat,true,false,false
G7_P1_case73.mat,false,true,false
G7_P1_case73.mat,false,false,true
G7_P1_case73.mat,true,true,false
G7_P1_case73.mat,true,true,false
G7_P1_case73.mat,false,true,false
G7_P1_case73.mat,false,true,false
G7_P1_case73.mat,false,true,false
G7_P1_case73.mat,false,true,false
G7_P1_case73.mat,false,true,false
G7_P1_case73.mat,false,true,false
G7_P1_case73.mat,false,true,false
G7_P1_case73.mat,false,true,false
G7_P1_case73.mat,false,true,false
G7_P1_case73.mat,false,true,false
G7_P1_case73.mat,false,true,false
G7_P1_case73.mat,false,true,false
G7_P1_case73.mat,false,true,false
G7_P1_case73.mat,false,true,false
G7_P1_case73.mat,false,true,false
G7_P1_case73.mat,false,true,false
G7_P1_case73.mat,false,true,false
G7_P1_case73.mat,false,true,false
G7_P1_case73.mat,false,true,false
G7_P1_case75.mat,true,false,true
G7_P1_case75.mat,true,false,true
G7_P1_case75.mat,true,false,true
G7_P1_case75.mat,true,false,true
G7_P1_case75.mat,true,false,true
G7_P1_case75.mat,true,false,true
G7_P1_case75.mat,true,false,true
G7_P1_case75.mat,true,false,true
G7_P1_case75.mat,true,false,true
G7_P1_case75.mat,true,false,true
G7_P1_case75.mat,true,false,true
G7_P1_case75.mat,true,false,true
G7_P1_case75.mat,true,false,true
G7_P1_case75.mat,true,false,true
G7_P1_case75.mat,true,false,true
G7_P1_case75.mat,true,false,true
G7_P1_case75.mat,true,false,true
G7_P1_case75.mat,true,false,true
G7_P1_case75.mat,true,false,true
G7_P1_case75.mat,true,false,true
G7_P1_case75.mat,true,false,true
G7_P1_case75.mat,true,false,true
G7_P1_case75.mat,true,false,true
G7_P1_case76.mat,false,true,true
G7_P1_case76.mat,false,true,true
G7_P1_case76.mat,false,true,true
G7_P1_case76.mat,false,true,true
G7_P1_case76.mat,false,true,true
G7_P1_case76.mat,false,true,true
G7_P1_case76.mat,false,true,true
G7_P1_case76.mat,false,true,true
G7_P1_case76.mat,false,false,true
G7_P1_case76.mat,false,true,true
G7_P1_case76.mat,false,true,true
G7_P1_case76.mat,false,true,true
G7_P1_case76.mat,false,true,true
G7_P1_case76.mat,false,true,true
G7_P1_case76.mat,false,true,true
G7_P1_case76.mat,false,true,true
G7_P1_case76.mat,false,true,true
G7_P1_case76.mat,false,true,true
G7_P1_case76.mat,false,true,true
G7_P1_case76.mat,false,true,true
G7_P1_case76.mat,false,true,true
G7_P1_case76.mat,false,true,true
G7_P1_case76.mat,false,true,true
G7_P2_case71.mat,false,false,true
G7_P2_case71.mat,false,false,true
G7_P2_case71.mat,false,false,true
G7_P2_case71.mat,false,false,true
G7_P2_case71.mat,false,false,true
G7_P2_case71.mat,false,false,true
G7_P2_case71.mat,false,false,true
G7_P2_case71.mat,false,false,true
G7_P2_case71.mat,false,false,true
G7_P2_case71.mat,false,false,true
G7_P2_case71.mat,false,false,true
G7_P2_case71.mat,false,false,true
G7_P2_case71.mat,false,false,true
G7_P2_case71.mat,false,false,true
G7_P2_case71.mat,false,false,true
G7_P2_case71.mat,false,false,true
G7_P2_case71.mat,false,false,true
G7_P2_case71.mat,false,false,true
G7_P2_case71.mat,false,false,true
G7_P2_case71.mat,false,false,true
G7_P2_case71.mat,false,false,true
G7_P2_case71.mat,false,false,true
G7_P2_case71.mat,false,false,true
G7_P2_case72.mat,true,false,false
G7_P2_case72.mat,true,false,false
G7_P2_case72.mat,true,false,false
G7_P2_case72.mat,true,false,false
G7_P2_case72.mat,false,false,false
G7_P2_case72.mat,true,false,false
G7_P2_case72.mat,true,false,false
G7_P2_case72.mat,true,false,false
G7_P2_case72.mat,true,false,false
G7_P2_case72.mat,true,true,false
G7_P2_case72.mat,false,false,false
G7_P2_case72.mat,true,false,false
G7_P2_case72.mat,false,false,false
G7_P2_case72.mat,false,false,false
G7_P2_case72.mat,true,false,false
G7_P2_case72.mat,true,false,false
G7_P2_case72.mat,true,false,false
G7_P2_case72.mat,true,false,false
G7_P2_case72.mat,true,false,false
G7_P2_case72.mat,true,false,false
G7_P2_case72.mat,true,false,false
G7_P2_case72.mat,false,false,false
G7_P2_case72.mat,true,false,false
G7_P2_case73.mat,false,true,false
G7_P2_case73.mat,false,true,true
G7_P2_case73.mat,false,true,false
G7_P2_case73.mat,false,true,false
G7_P2_case73.mat,false,true,false
G7_P2_case73.mat,false,true,false
G7_P2_case73.mat,false,true,false
G7_P2_case73.mat,false,true,false
G7_P2_case73.mat,false,true,false
G7_P2_case73.mat,false,true,false
G7_P2_case73.mat,false,true,false
G7_P2_case73.mat,false,true,false
G7_P2_case73.mat,true,true,false
G7_P2_case73.mat,false,true,false
G7_P2_case73.mat,false,true,false
G7_P2_case73.mat,false,true,false
G7_P2_case73.mat,false,true,false
G7_P2_case73.mat,false,true,false
G7_P2_case73.mat,false,true,false
G7_P2_case73.mat,false,true,false
G7_P2_case73.mat,false,true,false
G7_P2_case73.mat,false,true,false
G7_P2_case73.mat,false,true,false
G7_P2_case75.mat,true,false,true
G7_P2_case75.mat,true,false,true
G7_P2_case75.mat,true,false,false
G7_P2_case75.mat,true,false,true
G7_P2_case75.mat,true,false,true
G7_P2_case75.mat,true,false,true
G7_P2_case75.mat,false,false,true
G7_P2_case75.mat,true,false,true
G7_P2_case75.mat,true,false,true
G7_P2_case75.mat,true,false,true
G7_P2_case75.mat,true,false,true
G7_P2_case75.mat,true,false,true
G7_P2_case75.mat,true,false,true
G7_P2_case75.mat,true,false,true
G7_P2_case75.mat,true,false,true
G7_P2_case75.mat,true,false,true
G7_P2_case75.mat,true,false,true
G7_P2_case75.mat,true,false,true
G7_P2_case75.mat,true,false,true
G7_P2_case75.mat,true,false,true
G7_P2_case75.mat,true,false,true
G7_P2_case75.mat,true,false,true
G7_P2_case75.mat,true,false,true
G7_P2_case76.mat,false,true,true
G7_P2_case76.mat,false,true,true
G7_P2_case76.mat,false,true,true
G7_P2_case76.mat,false,true,true
G7_P2_case76.mat,false,true,true
G7_P2_case76.mat,false,true,true
G7_P2_case76.mat,false,true,true
G7_P2_case76.mat,false,true,true
G7_P2_case76.mat,false,false,true
G7_P2_case76.mat,false,true,true
G7_P2_case76.mat,false,true,true
G7_P2_case76.mat,false,true,true
G7_P2_case76.mat,false,true,true
G7_P2_case76.mat,false,true,true
G7_P2_case76.mat,false,true,true
G7_P2_case76.mat,false,true,true
G7_P2_case76.mat,false,true,true
G7_P2_case76.mat,false,true,true
G7_P2_case76.mat,false,true,true
G7_P2_case76.mat,false,true,true
G7_P2_case76.mat,false,true,true
G7_P2_case76.mat,false,true,true
G7_P2_case76.mat,false,true,true
G7_P2_case76.mat,false,true,true
G7_P3_case71.mat,false,false,true
G7_P3_case71.mat,false,false,true
G7_P3_case71.mat,false,false,true
G7_P3_case71.mat,false,false,true
G7_P3_case71.mat,false,false,true
G7_P3_case71.mat,false,false,true
G7_P3_case71.mat,false,false,true
G7_P3_case71.mat,false,false,true
G7_P3_case71.mat,false,false,true
G7_P3_case71.mat,false,false,true
G7_P3_case71.mat,false,false,true
G7_P3_case71.mat,false,false,true
G7_P3_case71.mat,false,false,true
G7_P3_case71.mat,false,false,true
G7_P3_case71.mat,false,false,true
G7_P3_case71.mat,false,false,true
G7_P3_case71.mat,false,false,true
G7_P3_case71.mat,false,false,true
G7_P3_case71.mat,false,false,true
G7_P3_case71.mat,false,false,true
G7_P3_case71.mat,false,false,true
G7_P3_case71.mat,false,false,true
G7_P3_case71.mat,false,false,true
G7_P3_case72.mat,true,false,false
G7_P3_case72.mat,true,false,false
G7_P3_case72.mat,true,false,false
G7_P3_case72.mat,true,false,false
G7_P3_case72.mat,true,false,false
G7_P3_case72.mat,true,false,false
G7_P3_case72.mat,true,false,false
G7_P3_case72.mat,true,false,false
G7_P3_case72.mat,true,false,false
G7_P3_case72.mat,true,false,false
G7_P3_case72.mat,true,false,false
G7_P3_case72.mat,true,false,false
G7_P3_case72.mat,true,false,false
G7_P3_case72.mat,true,false,false
G7_P3_case72.mat,true,false,false
G7_P3_case72.mat,true,false,false
G7_P3_case72.mat,true,false,false
G7_P3_case72.mat,true,false,false
G7_P3_case72.mat,true,false,false
G7_P3_case72.mat,true,false,false
G7_P3_case72.mat,true,false,false
G7_P3_case72.mat,true,false,false
G7_P3_case73.mat,false,true,false
G7_P3_case73.mat,false,true,false
G7_P3_case73.mat,false,false,false
G7_P3_case73.mat,true,true,false
G7_P3_case73.mat,false,false,false
G7_P3_case73.mat,false,true,false
G7_P3_case73.mat,false,true,false
G7_P3_case73.mat,false,true,false
G7_P3_case73.mat,true,true,false
G7_P3_case73.mat,false,true,false
G7_P3_case73.mat,false,true,false
G7_P3_case73.mat,false,true,false
G7_P3_case73.mat,false,true,false
G7_P3_case73.mat,false,true,false
G7_P3_case73.mat,false,true,false
G7_P3_case73.mat,false,true,false
G7_P3_case73.mat,false,true,false
G7_P3_case73.mat,false,true,false
G7_P3_case73.mat,false,true,false
G7_P3_case73.mat,false,true,false
G7_P3_case73.mat,false,true,false
G7_P3_case73.mat,false,true,false
G7_P3_case73.mat,false,true,false
G7_P3_case75.mat,true,false,true
G7_P3_case75.mat,true,false,true
G7_P3_case75.mat,true,false,true
G7_P3_case75.mat,false,false,true
G7_P3_case75.mat,true,false,true
G7_P3_case75.mat,true,false,true
G7_P3_case75.mat,true,false,true
G7_P3_case75.mat,false,false,true
G7_P3_case75.mat,true,false,false
G7_P3_case75.mat,true,false,true
G7_P3_case75.mat,true,false,true
G7_P3_case75.mat,true,false,true
G7_P3_case75.mat,true,false,true
G7_P3_case75.mat,true,false,true
G7_P3_case75.mat,true,false,true
G7_P3_case75.mat,true,false,true
G7_P3_case75.mat,false,false,true
G7_P3_case75.mat,true,false,true
G7_P3_case75.mat,true,false,true
G7_P3_case75.mat,true,false,true
G7_P3_case75.mat,true,false,true
G7_P3_case75.mat,true,false,true
G7_P3_case75.mat,true,false,true
G7_P3_case76.mat,false,true,true
G7_P3_case76.mat,true,true,true
G7_P3_case76.mat,false,true,true
G7_P3_case76.mat,false,false,true
G7_P3_case76.mat,false,true,true
G7_P3_case76.mat,false,true,true
G7_P3_case76.mat,false,true,true
G7_P3_case76.mat,false,true,true
G7_P3_case76.mat,false,true,true
G7_P3_case76.mat,false,true,true
G7_P3_case76.mat,true,true,true
G7_P3_case76.mat,false,true,true
G7_P3_case76.mat,true,true,true
G7_P3_case76.mat,false,true,true
G7_P3_case76.mat,false,true,true
G7_P3_case76.mat,false,true,true
G7_P3_case76.mat,false,false,true
G7_P3_case76.mat,false,true,true
G7_P3_case76.mat,false,true,true
G7_P3_case76.mat,false,true,true
G7_P3_case76.mat,false,true,true
G7_P3_case76.mat,false,true,true
G7_P3_case76.mat,false,true,true
G7_P3_case76.mat,false,true,true
G7_P3_case76.mat,false,true,true
G7_P4_case71.mat,false,false,true
G7_P4_case71.mat,false,false,true
G7_P4_case71.mat,false,false,true
G7_P4_case71.mat,false,false,true
G7_P4_case71.mat,false,false,true
G7_P4_case71.mat,false,false,true
G7_P4_case71.mat,false,false,true
G7_P4_case71.mat,false,false,true
G7_P4_case71.mat,false,false,true
G7_P4_case71.mat,false,false,true
G7_P4_case71.mat,false,false,true
G7_P4_case71.mat,false,false,true
G7_P4_case71.mat,false,false,true
G7_P4_case71.mat,false,false,true
G7_P4_case71.mat,false,false,true
G7_P4_case71.mat,false,false,true
G7_P4_case71.mat,false,false,true
G7_P4_case71.mat,false,false,true
G7_P4_case71.mat,false,false,true
G7_P4_case71.mat,false,false,true
G7_P4_case71.mat,false,false,true
G7_P4_case71.mat,false,false,true
G7_P4_case71.mat,false,false,true
G7_P4_case72.mat,true,false,false
G7_P4_case72.mat,true,false,false
G7_P4_case72.mat,true,true,false
G7_P4_case72.mat,true,false,false
G7_P4_case72.mat,true,false,false
G7_P4_case72.mat,true,false,false
G7_P4_case72.mat,true,false,false
G7_P4_case72.mat,true,false,false
G7_P4_case72.mat,false,false,false
G7_P4_case72.mat,true,true,false
G7_P4_case72.mat,true,false,false
G7_P4_case72.mat,true,false,false
G7_P4_case72.mat,true,false,false
G7_P4_case72.mat,true,false,false
G7_P4_case72.mat,false,false,false
G7_P4_case72.mat,true,false,false
G7_P4_case72.mat,true,false,false
G7_P4_case72.mat,true,false,false
G7_P4_case72.mat,true,false,false
G7_P4_case72.mat,true,false,false
G7_P4_case72.mat,true,false,false
G7_P4_case72.mat,true,true,false
G7_P4_case72.mat,true,false,false
G7_P4_case73.mat,false,true,false
G7_P4_case73.mat,false,true,false
G7_P4_case73.mat,false,false,false
G7_P4_case73.mat,true,true,false
G7_P4_case73.mat,true,true,false
G7_P4_case73.mat,true,true,false
G7_P4_case73.mat,false,true,false
G7_P4_case73.mat,false,true,false
G7_P4_case73.mat,false,true,false
G7_P4_case73.mat,false,true,false
G7_P4_case73.mat,false,true,false
G7_P4_case73.mat,false,true,false
G7_P4_case73.mat,true,true,false
G7_P4_case73.mat,false,true,false
G7_P4_case73.mat,false,true,false
G7_P4_case73.mat,false,true,false
G7_P4_case73.mat,false,true,false
G7_P4_case73.mat,false,true,false
G7_P4_case73.mat,false,true,false
G7_P4_case73.mat,false,true,false
G7_P4_case73.mat,false,true,false
G7_P4_case73.mat,false,true,false
G7_P4_case73.mat,false,true,false
G7_P4_case75.mat,true,false,true
G7_P4_case75.mat,true,false,true
G7_P4_case75.mat,true,false,true
G7_P4_case75.mat,true,false,true
G7_P4_case75.mat,true,false,true
G7_P4_case75.mat,true,false,true
G7_P4_case75.mat,true,false,true
G7_P4_case75.mat,false,false,true
G7_P4_case75.mat,true,false,true
G7_P4_case75.mat,true,false,true
G7_P4_case75.mat,true,false,true
G7_P4_case75.mat,true,false,true
G7_P4_case75.mat,true,false,true
G7_P4_case75.mat,true,true,true
G7_P4_case75.mat,true,false,true
G7_P4_case75.mat,true,false,true
G7_P4_case75.mat,true,false,true
G7_P4_case75.mat,true,false,true
G7_P4_case75.mat,true,false,true
G7_P4_case75.mat,true,false,true
G7_P4_case75.mat,true,false,true
G7_P4_case75.mat,true,false,true
G7_P4_case75.mat,true,false,true
G7_P4_case75.mat,true,false,true
G7_P4_case76.mat,false,false,true
G7_P4_case76.mat,false,true,true
G7_P4_case76.mat,false,true,true
G7_P4_case76.mat,false,true,true
G7_P4_case76.mat,false,true,true
G7_P4_case76.mat,false,true,true
G7_P4_case76.mat,false,true,true
G7_P4_case76.mat,false,true,true
G7_P4_case76.mat,false,true,true
G7_P4_case76.mat,false,true,true
G7_P4_case76.mat,false,true,true
G7_P4_case76.mat,false,true,true
G7_P4_case76.mat,false,true,true
G7_P4_case76.mat,false,true,true
G7_P4_case76.mat,false,true,true
G7_P4_case76.mat,false,true,true
G7_P4_case76.mat,false,true,true
G7_P4_case76.mat,false,true,true
G7_P4_case76.mat,false,true,true
G7_P4_case76.mat,false,true,true
G7_P4_case76.mat,false,true,true
G7_P4_case76.mat,false,true,true
G7_P4_case76.mat,false,true,true
G7_P5_case71.mat,false,false,true
G7_P5_case71.mat,false,false,true
G7_P5_case71.mat,false,false,true
G7_P5_case71.mat,false,false,true
G7_P5_case71.mat,false,false,true
G7_P5_case71.mat,false,false,true
G7_P5_case71.mat,false,false,true
G7_P5_case71.mat,false,false,true
G7_P5_case71.mat,false,false,true
G7_P5_case71.mat,false,false,false
G7_P5_case71.mat,false,false,true
G7_P5_case71.mat,false,false,true
G7_P5_case71.mat,false,false,true
G7_P5_case71.mat,false,false,true
G7_P5_case71.mat,false,false,true
G7_P5_case71.mat,false,false,true
G7_P5_case71.mat,false,false,true
G7_P5_case71.mat,false,false,true
G7_P5_case71.mat,false,false,true
G7_P5_case72.mat,true,false,false
G7_P5_case72.mat,true,false,false
G7_P5_case72.mat,true,false,false
G7_P5_case72.mat,true,false,false
G7_P5_case72.mat,true,false,false
G7_P5_case72.mat,true,false,false
G7_P5_case72.mat,true,false,false
G7_P5_case72.mat,true,false,false
G7_P5_case72.mat,true,false,false
G7_P5_case72.mat,true,false,false
G7_P5_case72.mat,true,false,false
G7_P5_case72.mat,true,false,false
G7_P5_case72.mat,true,false,false
G7_P5_case72.mat,true,false,false
G7_P5_case72.mat,true,false,false
G7_P5_case72.mat,true,false,false
G7_P5_case72.mat,true,false,false
G7_P5_case72.mat,true,true,false
G7_P5_case73.mat,false,true,false
G7_P5_case73.mat,false,true,false
G7_P5_case73.mat,false,true,false
G7_P5_case73.mat,false,true,false
G7_P5_case73.mat,false,true,false
G7_P5_case73.mat,false,true,false
G7_P5_case73.mat,false,true,false
G7_P5_case73.mat,false,true,false
G7_P5_case73.mat,false,true,false
G7_P5_case73.mat,false,true,false
G7_P5_case73.mat,false,true,false
G7_P5_case73.mat,false,true,false
G7_P5_case73.mat,false,true,false
G7_P5_case73.mat,false,true,false
G7_P5_case73.mat,false,true,false
G7_P5_case73.mat,false,true,false
G7_P5_case73.mat,false,true,false
G7_P5_case73.mat,false,true,false
G7_P5_case73.mat,false,true,false
G7_P5_case73.mat,false,true,false
G7_P5_case75.mat,true,false,true
G7_P5_case75.mat,true,false,true
G7_P5_case75.mat,true,false,true
G7_P5_case75.mat,true,false,true
G7_P5_case75.mat,true,false,true
G7_P5_case75.mat,true,false,true
G7_P5_case75.mat,true,false,true
G7_P5_case75.mat,true,false,true
G7_P5_case75.mat,true,false,true
G7_P5_case75.mat,true,false,true
G7_P5_case75.mat,true,false,true
G7_P5_case75.mat,true,false,true
G7_P5_case75.mat,true,false,true
G7_P5_case75.mat,true,false,true
G7_P5_case75.mat,true,false,true
G7_P5_case75.mat,true,false,true
G7_P5_case75.mat,true,false,true
G7_P5_case75.mat,true,false,true
G7_P5_case75.mat,true,false,true
G7_P5_case76.mat,false,true,true
G7_P5_case76.mat,false,true,true
G7_P5_case76.mat,false,true,true
G7_P5_case76.mat,false,true,true
G7_P5_case76.mat,false,true,true
G7_P5_case76.mat,false,true,true
G7_P5_case76.mat,false,true,true
G7_P5_case76.mat,false,true,true
G7_P5_case76.mat,false,true,true
G7_P5_case76.mat,false,true,true
G7_P5_case76.mat,false,false,true
G7_P5_case76.mat,false,true,true
G7_P5_case76.mat,false,true,true
G7_P5_case76.mat,true,true,true
G7_P5_case76.mat,false,true,false
G7_P5_case76.mat,false,true,true
G7_P5_case76.mat,false,true,true
G7_P5_case76.mat,false,true,true
G7_P5_case76.mat,false,true,false
G8_P1_case81.mat,false,false,true
G8_P1_case81.mat,false,false,true
G8_P1_case81.mat,false,false,true
G8_P1_case81.mat,false,false,true
G8_P1_case81.mat,false,false,true
G8_P1_case81.mat,false,false,true
G8_P1_case81.mat,false,false,true
G8_P1_case81.mat,false,false,true
G8_P1_case81.mat,false,false,true
G8_P1_case81.mat,false,false,true
G8_P1_case81.mat,false,false,true
G8_P1_case81.mat,false,false,true
G8_P1_case81.mat,false,false,true
G8_P1_case81.mat,false,false,true
G8_P1_case81.mat,false,false,true
G8_P1_case81.mat,false,false,true
G8_P1_case81.mat,false,false,true
G8_P1_case81.mat,false,false,true
G8_P1_case81.mat,false,false,true
G8_P1_case81.mat,false,false,true
G8_P1_case81.mat,false,false,true
G8_P1_case81.mat,false,false,true
G8_P1_case81.mat,false,false,true
G8_P1_case82.mat,true,false,false
G8_P1_case82.mat,true,false,false
G8_P1_case82.mat,true,false,false
G8_P1_case82.mat,true,false,false
G8_P1_case82.mat,true,false,false
G8_P1_case82.mat,true,false,false
G8_P1_case82.mat,true,false,false
G8_P1_case82.mat,true,false,false
G8_P1_case82.mat,true,false,false
G8_P1_case82.mat,true,false,false
G8_P1_case82.mat,true,false,false
G8_P1_case82.mat,true,false,false
G8_P1_case82.mat,true,false,false
G8_P1_case82.mat,true,false,false
G8_P1_case82.mat,true,false,false
G8_P1_case82.mat,true,false,false
G8_P1_case82.mat,true,false,false
G8_P1_case82.mat,true,false,false
G8_P1_case82.mat,true,false,false
G8_P1_case82.mat,true,false,false
G8_P1_case82.mat,true,false,false
G8_P1_case82.mat,true,false,false
G8_P1_case82.mat,true,false,false
G8_P1_case83.mat,false,true,false
G8_P1_case83.mat,false,false,false
G8_P1_case83.mat,false,true,false
G8_P1_case83.mat,false,true,false
G8_P1_case83.mat,false,true,false
G8_P1_case83.mat,false,true,false
G8_P1_case83.mat,false,true,false
G8_P1_case83.mat,false,true,false
G8_P1_case83.mat,false,true,false
G8_P1_case83.mat,false,true,false
G8_P1_case83.mat,false,true,false
G8_P1_case83.mat,false,true,false
G8_P1_case83.mat,false,true,false
G8_P1_case83.mat,false,false,false
G8_P1_case83.mat,false,true,false
G8_P1_case83.mat,false,true,false
G8_P1_case83.mat,false,true,false
G8_P1_case83.mat,false,true,false
G8_P1_case83.mat,false,true,false
G8_P1_case83.mat,false,true,false
G8_P1_case83.mat,false,true,false
G8_P1_case83.mat,false,true,false
G8_P1_case83.mat,false,true,false
G8_P1_case85.mat,true,false,true
G8_P1_case85.mat,true,false,true
G8_P1_case85.mat,true,false,true
G8_P1_case85.mat,true,false,true
G8_P1_case85.mat,true,false,true
G8_P1_case85.mat,true,false,true
G8_P1_case85.mat,true,false,true
G8_P1_case85.mat,true,false,true
G8_P1_case85.mat,true,false,true
G8_P1_case85.mat,true,false,true
G8_P1_case85.mat,true,false,true
G8_P1_case85.mat,true,false,true
G8_P1_case85.mat,true,false,true
G8_P1_case85.mat,true,false,true
G8_P1_case85.mat,true,false,true
G8_P1_case85.mat,true,false,true
G8_P1_case85.mat,true,false,true
G8_P1_case85.mat,true,false,true
G8_P1_case85.mat,true,false,true
G8_P1_case85.mat,true,false,true
G8_P1_case85.mat,true,false,true
G8_P1_case85.mat,true,false,true
G8_P1_case85.mat,true,false,true
G8_P1_case86.mat,false,true,true
G8_P1_case86.mat,false,true,true
G8_P1_case86.mat,false,true,true
G8_P1_case86.mat,false,true,true
G8_P1_case86.mat,false,true,true
G8_P1_case86.mat,false,true,true
G8_P1_case86.mat,false,true,true
G8_P1_case86.mat,false,true,true
G8_P1_case86.mat,false,false,true
G8_P1_case86.mat,false,true,true
G8_P1_case86.mat,false,true,true
G8_P1_case86.mat,false,true,true
G8_P1_case86.mat,false,false,true
G8_P1_case86.mat,false,true,true
G8_P1_case86.mat,false,true,true
G8_P1_case86.mat,false,false,true
G8_P1_case86.mat,false,true,true
G8_P1_case86.mat,false,true,true
G8_P1_case86.mat,false,true,true
G8_P1_case86.mat,false,true,true
G8_P1_case86.mat,false,true,true
G8_P1_case86.mat,false,true,true
G8_P1_case86.mat,false,true,true
G8_P2_case81.mat,false,false,true
G8_P2_case81.mat,false,false,true
G8_P2_case81.mat,false,false,true
G8_P2_case81.mat,false,false,true
G8_P2_case81.mat,false,false,true
G8_P2_case81.mat,false,false,true
G8_P2_case81.mat,false,false,true
G8_P2_case81.mat,false,false,true
G8_P2_case81.mat,false,false,true
G8_P2_case81.mat,false,false,true
G8_P2_case81.mat,false,false,true
G8_P2_case81.mat,false,false,true
G8_P2_case81.mat,false,false,true
G8_P2_case81.mat,false,false,true
G8_P2_case81.mat,false,false,true
G8_P2_case81.mat,false,false,true
G8_P2_case81.mat,false,true,true
G8_P2_case81.mat,false,false,true
G8_P2_case81.mat,false,true,true
G8_P2_case81.mat,false,false,true
G8_P2_case81.mat,false,false,true
G8_P2_case81.mat,false,true,true
G8_P2_case81.mat,false,false,true
G8_P2_case82.mat,true,false,false
G8_P2_case82.mat,true,false,false
G8_P2_case82.mat,true,false,false
G8_P2_case82.mat,true,false,false
G8_P2_case82.mat,true,false,false
G8_P2_case82.mat,true,false,false
G8_P2_case82.mat,true,false,false
G8_P2_case82.mat,true,false,false
G8_P2_case82.mat,true,false,false
G8_P2_case82.mat,true,false,false
G8_P2_case82.mat,true,false,false
G8_P2_case82.mat,true,false,false
G8_P2_case82.mat,true,false,false
G8_P2_case82.mat,true,false,false
G8_P2_case82.mat,true,false,false
G8_P2_case82.mat,true,false,false
G8_P2_case82.mat,true,false,false
G8_P2_case82.mat,true,false,false
G8_P2_case82.mat,true,false,false
G8_P2_case82.mat,true,false,false
G8_P2_case82.mat,true,false,false
G8_P2_case82.mat,true,false,false
G8_P2_case82.mat,true,false,false
G8_P2_case83.mat,false,true,false
G8_P2_case83.mat,false,true,false
G8_P2_case83.mat,false,true,false
G8_P2_case83.mat,false,true,false
G8_P2_case83.mat,false,true,false
G8_P2_case83.mat,false,true,false
G8_P2_case83.mat,false,true,false
G8_P2_case83.mat,false,true,false
G8_P2_case83.mat,false,true,false
G8_P2_case83.mat,false,true,false
G8_P2_case83.mat,false,true,false
G8_P2_case83.mat,false,true,false
G8_P2_case83.mat,false,true,false
G8_P2_case83.mat,false,true,false
G8_P2_case83.mat,false,true,false
G8_P2_case83.mat,false,true,false
G8_P2_case83.mat,false,true,false
G8_P2_case83.mat,false,true,false
G8_P2_case83.mat,false,true,false
G8_P2_case83.mat,false,true,false
G8_P2_case83.mat,false,true,false
G8_P2_case83.mat,false,true,false
G8_P2_case85.mat,true,false,true
G8_P2_case85.mat,true,false,true
G8_P2_case85.mat,true,false,true
G8_P2_case85.mat,true,false,true
G8_P2_case85.mat,true,false,true
G8_P2_case85.mat,true,false,true
G8_P2_case85.mat,true,false,true
G8_P2_case85.mat,true,false,true
G8_P2_case85.mat,true,false,true
G8_P2_case85.mat,true,false,true
G8_P2_case85.mat,true,false,true
G8_P2_case85.mat,true,false,true
G8_P2_case85.mat,true,false,true
G8_P2_case85.mat,true,false,true
G8_P2_case85.mat,true,false,true
G8_P2_case85.mat,true,false,true
G8_P2_case85.mat,true,false,true
G8_P2_case85.mat,true,false,true
G8_P2_case85.mat,true,false,true
G8_P2_case85.mat,true,false,true
G8_P2_case85.mat,true,false,true
G8_P2_case85.mat,true,false,true
G8_P2_case85.mat,true,false,true
G8_P2_case85.mat,true,false,true
G8_P2_case86.mat,false,true,true
G8_P2_case86.mat,false,true,true
G8_P2_case86.mat,false,true,true
G8_P2_case86.mat,false,true,true
G8_P2_case86.mat,false,true,true
G8_P2_case86.mat,false,true,true
G8_P2_case86.mat,false,true,true
G8_P2_case86.mat,false,true,true
G8_P2_case86.mat,false,true,true
G8_P2_case86.mat,false,true,true
G8_P2_case86.mat,false,true,true
G8_P2_case86.mat,false,true,true
G8_P2_case86.mat,false,true,true
G8_P2_case86.mat,false,true,true
G8_P2_case86.mat,false,true,true
G8_P2_case86.mat,false,true,true
G8_P2_case86.mat,false,false,true
G8_P2_case86.mat,false,true,true
G8_P2_case86.mat,false,true,true
G8_P2_case86.mat,false,true,true
G8_P2_case86.mat,false,true,true
G8_P2_case86.mat,false,true,true
G8_P2_case86.mat,false,true,true
G8_P3_case81.mat,false,false,true
G8_P3_case81.mat,false,false,true
G8_P3_case81.mat,false,false,true
G8_P3_case81.mat,false,false,true
G8_P3_case81.mat,false,false,true
G8_P3_case81.mat,false,false,true
G8_P3_case81.mat,false,false,true
G8_P3_case81.mat,false,false,true
G8_P3_case81.mat,false,false,true
G8_P3_case81.mat,false,false,true
G8_P3_case81.mat,false,false,true
G8_P3_case81.mat,false,false,true
G8_P3_case81.mat,false,false,true
G8_P3_case81.mat,false,false,true
G8_P3_case81.mat,false,false,true
G8_P3_case81.mat,false,false,true
G8_P3_case81.mat,false,false,true
G8_P3_case81.mat,false,false,true
G8_P3_case81.mat,false,false,true
G8_P3_case81.mat,false,false,true
G8_P3_case81.mat,false,false,true
G8_P3_case81.mat,false,false,true
G8_P3_case81.mat,false,false,true
G8_P3_case82.mat,true,false,false
G8_P3_case82.mat,true,false,false
G8_P3_case82.mat,true,false,false
G8_P3_case82.mat,true,false,false
G8_P3_case82.mat,true,false,false
G8_P3_case82.mat,true,false,true
G8_P3_case82.mat,true,false,false
G8_P3_case82.mat,true,false,false
G8_P3_case82.mat,true,false,false
G8_P3_case82.mat,true,false,false
G8_P3_case82.mat,true,false,false
G8_P3_case82.mat,true,true,false
G8_P3_case82.mat,false,false,false
G8_P3_case82.mat,false,false,false
G8_P3_case82.mat,true,false,false
G8_P3_case82.mat,true,true,false
G8_P3_case82.mat,true,false,false
G8_P3_case82.mat,true,false,false
G8_P3_case82.mat,true,false,false
G8_P3_case82.mat,false,false,false
G8_P3_case82.mat,true,false,false
G8_P3_case82.mat,true,false,false
G8_P3_case82.mat,true,false,false
G8_P3_case83.mat,false,true,false
G8_P3_case83.mat,false,true,false
G8_P3_case83.mat,false,true,false
G8_P3_case83.mat,false,true,false
G8_P3_case83.mat,false,true,false
G8_P3_case83.mat,false,true,false
G8_P3_case83.mat,false,true,false
G8_P3_case83.mat,false,true,false
G8_P3_case83.mat,false,true,false
G8_P3_case83.mat,false,true,false
G8_P3_case83.mat,false,false,false
G8_P3_case83.mat,false,true,false
G8_P3_case83.mat,false,true,false
G8_P3_case83.mat,false,true,false
G8_P3_case83.mat,false,true,false
G8_P3_case83.mat,false,true,false
G8_P3_case83.mat,false,true,false
G8_P3_case83.mat,false,true,false
G8_P3_case83.mat,false,true,false
G8_P3_case83.mat,false,true,false
G8_P3_case83.mat,false,true,false
G8_P3_case83.mat,false,true,false
G8_P3_case83.mat,false,true,false
G8_P3_case85.mat,true,false,true
G8_P3_case85.mat,true,false,true
G8_P3_case85.mat,true,false,true
G8_P3_case85.mat,true,true,true
G8_P3_case85.mat,true,false,true
G8_P3_case85.mat,true,false,true
G8_P3_case85.mat,false,false,true
G8_P3_case85.mat,true,false,true
G8_P3_case85.mat,true,false,false
G8_P3_case85.mat,true,false,true
G8_P3_case85.mat,true,false,true
G8_P3_case85.mat,true,false,true
G8_P3_case85.mat,false,false,true
G8_P3_case85.mat,true,false,true
G8_P3_case85.mat,true,false,true
G8_P3_case85.mat,true,false,true
G8_P3_case85.mat,true,false,true
G8_P3_case85.mat,true,false,true
G8_P3_case85.mat,false,false,true
G8_P3_case85.mat,true,false,true
G8_P3_case85.mat,true,false,true
G8_P3_case85.mat,true,false,true
G8_P3_case85.mat,true,false,true
G8_P3_case86.mat,false,false,true
G8_P3_case86.mat,false,true,true
G8_P3_case86.mat,false,false,true
G8_P3_case86.mat,false,true,true
G8_P3_case86.mat,false,true,true
G8_P3_case86.mat,false,false,true
G8_P3_case86.mat,false,true,true
G8_P3_case86.mat,false,true,true
G8_P3_case86.mat,false,true,false
G8_P3_case86.mat,false,true,true
G8_P3_case86.mat,false,true,true
G8_P3_case86.mat,false,true,true
G8_P3_case86.mat,false,true,true
G8_P3_case86.mat,false,true,true
G8_P3_case86.mat,false,true,true
G8_P3_case86.mat,false,true,true
G8_P3_case86.mat,false,true,true
G8_P3_case86.mat,false,true,true
G8_P3_case86.mat,false,true,true
G8_P3_case86.mat,false,true,true
G8_P3_case86.mat,false,true,true
G8_P3_case86.mat,false,true,true
G8_P3_case86.mat,false,true,true
G8_P4_case81.mat,false,false,true
G8_P4_case81.mat,false,false,true
G8_P4_case81.mat,false,false,true
G8_P4_case81.mat,false,false,true
G8_P4_case81.mat,false,false,true
G8_P4_case81.mat,false,false,true
G8_P4_case81.mat,false,false,true
G8_P4_case81.mat,false,false,true
G8_P4_case81.mat,false,false,true
G8_P4_case81.mat,false,false,true
G8_P4_case81.mat,false,false,true
G8_P4_case81.mat,false,false,true
G8_P4_case81.mat,false,false,true
G8_P4_case81.mat,false,false,true
G8_P4_case81.mat,false,false,true
G8_P4_case81.mat,false,false,true
G8_P4_case81.mat,false,false,true
G8_P4_case81.mat,false,false,true
G8_P4_case81.mat,false,false,true
G8_P4_case81.mat,false,false,true
G8_P4_case81.mat,false,false,true
G8_P4_case81.mat,false,false,true
G8_P4_case81.mat,false,false,true
G8_P4_case82.mat,true,false,false
G8_P4_case82.mat,true,false,false
G8_P4_case82.mat,true,false,false
G8_P4_case82.mat,true,false,false
G8_P4_case82.mat,true,false,false
G8_P4_case82.mat,true,false,false
G8_P4_case82.mat,true,false,false
G8_P4_case82.mat,true,true,false
G8_P4_case82.mat,true,false,false
G8_P4_case82.mat,true,false,false
G8_P4_case82.mat,true,false,false
G8_P4_case82.mat,true,false,false
G8_P4_case82.mat,true,false,false
G8_P4_case82.mat,true,false,false
G8_P4_case82.mat,true,false,false
G8_P4_case82.mat,true,false,false
G8_P4_case82.mat,true,false,false
G8_P4_case82.mat,true,false,false
G8_P4_case82.mat,true,false,false
G8_P4_case82.mat,true,false,false
G8_P4_case82.mat,true,false,false
G8_P4_case82.mat,true,false,false
G8_P4_case82.mat,true,false,false
G8_P4_case83.mat,true,true,false
G8_P4_case83.mat,false,false,false
G8_P4_case83.mat,false,true,false
G8_P4_case83.mat,true,true,false
G8_P4_case83.mat,false,true,true
G8_P4_case83.mat,false,false,false
G8_P4_case83.mat,false,true,false
G8_P4_case83.mat,false,true,false
G8_P4_case83.mat,false,true,false
G8_P4_case83.mat,false,true,false
G8_P4_case83.mat,true,true,false
G8_P4_case83.mat,false,true,false
G8_P4_case83.mat,false,true,false
G8_P4_case83.mat,false,true,false
G8_P4_case83.mat,false,true,false
G8_P4_case83.mat,false,true,false
G8_P4_case83.mat,false,true,false
G8_P4_case83.mat,false,true,false
G8_P4_case83.mat,false,true,false
G8_P4_case83.mat,false,true,false
G8_P4_case83.mat,false,true,false
G8_P4_case83.mat,false,true,false
G8_P4_case83.mat,false,true,false
G8_P4_case85.mat,true,false,true
G8_P4_case85.mat,true,false,true
G8_P4_case85.mat,true,false,true
G8_P4_case85.mat,true,false,true
G8_P4_case85.mat,true,false,true
G8_P4_case85.mat,true,false,true
G8_P4_case85.mat,true,false,true
G8_P4_case85.mat,true,false,true
G8_P4_case85.mat,false,false,true
G8_P4_case85.mat,true,false,true
G8_P4_case85.mat,true,false,true
G8_P4_case85.mat,true,false,true
G8_P4_case85.mat,true,false,true
G8_P4_case85.mat,true,false,true
G8_P4_case85.mat,true,false,true
G8_P4_case85.mat,true,false,true
G8_P4_case85.mat,true,false,true
G8_P4_case85.mat,true,false,true
G8_P4_case85.mat,true,false,true
G8_P4_case85.mat,true,false,true
G8_P4_case85.mat,true,false,true
G8_P4_case85.mat,true,false,true
G8_P4_case85.mat,true,false,true
G8_P4_case86.mat,false,true,true
G8_P4_case86.mat,false,true,true
G8_P4_case86.mat,false,false,true
G8_P4_case86.mat,false,false,true
G8_P4_case86.mat,false,true,true
G8_P4_case86.mat,false,true,true
G8_P4_case86.mat,false,true,true
G8_P4_case86.mat,false,true,true
G8_P4_case86.mat,false,true,true
G8_P4_case86.mat,false,true,true
G8_P4_case86.mat,false,true,true
G8_P4_case86.mat,false,true,true
G8_P4_case86.mat,false,true,true
G8_P4_case86.mat,false,true,true
G8_P4_case86.mat,false,true,true
G8_P4_case86.mat,false,true,true
G8_P4_case86.mat,false,true,true
G8_P4_case86.mat,false,true,true
G8_P4_case86.mat,false,true,true
G8_P4_case86.mat,false,true,true
G8_P4_case86.mat,false,true,true
G8_P4_case86.mat,false,true,true
G8_P4_case86.mat,false,true,true
G8_P5_case81.mat,false,true,true
G8_P5_case81.mat,false,false,true
G8_P5_case81.mat,false,false,true
G8_P5_case81.mat,false,false,true
G8_P5_case81.mat,false,false,true
G8_P5_case81.mat,false,false,true
G8_P5_case81.mat,false,false,true
G8_P5_case81.mat,false,false,true
G8_P5_case81.mat,false,true,true
G8_P5_case81.mat,false,false,true
G8_P5_case81.mat,false,false,true
G8_P5_case81.mat,false,false,true
G8_P5_case81.mat,false,false,true
G8_P5_case81.mat,false,false,true
G8_P5_case81.mat,false,false,true
G8_P5_case81.mat,false,false,true
G8_P5_case81.mat,false,false,true
G8_P5_case81.mat,false,false,true
G8_P5_case81.mat,false,false,true
G8_P5_case82.mat,true,true,false
G8_P5_case82.mat,true,true,false
G8_P5_case82.mat,true,false,false
G8_P5_case82.mat,true,false,false
G8_P5_case82.mat,true,false,false
G8_P5_case82.mat,true,false,false
G8_P5_case82.mat,true,false,false
G8_P5_case82.mat,true,false,false
G8_P5_case82.mat,true,true,false
G8_P5_case82.mat,true,false,false
G8_P5_case82.mat,true,false,false
G8_P5_case82.mat,true,false,false
G8_P5_case82.mat,true,false,true
G8_P5_case82.mat,true,false,false
G8_P5_case82.mat,true,false,false
G8_P5_case82.mat,true,false,false
G8_P5_case82.mat,false,false,false
G8_P5_case82.mat,true,false,false
G8_P5_case82.mat,true,false,false
G8_P5_case83.mat,true,false,false
G8_P5_case83.mat,false,true,false
G8_P5_case83.mat,false,true,false
G8_P5_case83.mat,false,true,false
G8_P5_case83.mat,true,true,false
G8_P5_case83.mat,true,true,false
G8_P5_case83.mat,false,true,false
G8_P5_case83.mat,false,true,false
G8_P5_case83.mat,false,true,false
G8_P5_case83.mat,false,true,false
G8_P5_case83.mat,false,true,false
G8_P5_case83.mat,false,false,false
G8_P5_case83.mat,true,false,false
G8_P5_case83.mat,false,true,false
G8_P5_case83.mat,true,true,false
G8_P5_case83.mat,false,true,false
G8_P5_case83.mat,false,true,false
G8_P5_case83.mat,false,true,false
G8_P5_case83.mat,false,true,false
G8_P5_case85.mat,true,true,false
G8_P5_case85.mat,true,false,true
G8_P5_case85.mat,true,false,true
G8_P5_case85.mat,true,false,true
G8_P5_case85.mat,true,false,true
G8_P5_case85.mat,true,false,true
G8_P5_case85.mat,true,false,true
G8_P5_case85.mat,true,false,true
G8_P5_case85.mat,true,false,true
G8_P5_case85.mat,true,false,true
G8_P5_case85.mat,true,false,true
G8_P5_case85.mat,true,false,true
G8_P5_case85.mat,true,false,true
G8_P5_case85.mat,true,false,true
G8_P5_case85.mat,true,false,true
G8_P5_case85.mat,true,false,true
G8_P5_case85.mat,true,false,true
G8_P5_case85.mat,true,false,true
G8_P5_case86.mat,false,true,true
G8_P5_case86.mat,false,true,false
G8_P5_case86.mat,true,true,true
G8_P5_case86.mat,false,false,true
G8_P5_case86.mat,false,false,true
G8_P5_case86.mat,false,true,true
G8_P5_case86.mat,false,true,true
G8_P5_case86.mat,false,true,true
G8_P5_case86.mat,false,true,true
G8_P5_case86.mat,false,true,true
G8_P5_case86.mat,false,true,true
G8_P5_case86.mat,false,true,true
G8_P5_case86.mat,false,true,true
G8_P5_case86.mat,false,true,true
G8_P5_case86.mat,false,true,true
G8_P5_case86.mat,false,true,true
G8_P5_case86.mat,false,true,true
G8_P5_case86.mat,false,true,true
G8_P5_case86.mat,false,true,true
G9_P1_case91.mat,false,false,true
G9_P1_case91.mat,false,false,true
G9_P1_case91.mat,false,false,true
G9_P1_case91.mat,false,false,true
G9_P1_case91.mat,false,false,true
G9_P1_case91.mat,false,false,true
G9_P1_case91.mat,false,false,true
G9_P1_case91.mat,false,false,true
G9_P1_case91.mat,false,false,true
G9_P1_case91.mat,false,false,true
G9_P1_case91.mat,false,false,true
G9_P1_case91.mat,false,false,true
G9_P1_case91.mat,false,false,true
G9_P1_case91.mat,false,false,false
G9_P1_case91.mat,false,false,true
G9_P1_case91.mat,false,false,true
G9_P1_case91.mat,false,false,true
G9_P1_case91.mat,false,false,true
G9_P1_case91.mat,false,false,true
G9_P1_case91.mat,false,false,true
G9_P1_case91.mat,false,false,true
G9_P1_case91.mat,false,false,true
G9_P1_case91.mat,false,false,true
G9_P1_case92.mat,true,false,false
G9_P1_case92.mat,true,false,false
G9_P1_case92.mat,true,false,false
G9_P1_case92.mat,true,false,false
G9_P1_case92.mat,true,false,false
G9_P1_case92.mat,true,false,false
G9_P1_case92.mat,true,false,false
G9_P1_case92.mat,true,false,false
G9_P1_case92.mat,true,false,false
G9_P1_case92.mat,true,false,false
G9_P1_case92.mat,true,false,false
G9_P1_case92.mat,true,false,false
G9_P1_case92.mat,true,false,false
G9_P1_case92.mat,true,false,false
G9_P1_case92.mat,true,false,false
G9_P1_case92.mat,true,false,false
G9_P1_case92.mat,true,false,false
G9_P1_case92.mat,true,false,false
G9_P1_case92.mat,true,false,false
G9_P1_case92.mat,true,false,false
G9_P1_case92.mat,true,false,false
G9_P1_case92.mat,true,false,false
G9_P1_case92.mat,true,false,false
G9_P1_case93.mat,false,true,false
G9_P1_case93.mat,false,true,false
G9_P1_case93.mat,false,true,false
G9_P1_case93.mat,false,true,false
G9_P1_case93.mat,false,true,false
G9_P1_case93.mat,false,true,false
G9_P1_case93.mat,false,true,false
G9_P1_case93.mat,false,true,false
G9_P1_case93.mat,false,true,false
G9_P1_case93.mat,false,true,false
G9_P1_case93.mat,false,true,false
G9_P1_case93.mat,false,true,false
G9_P1_case93.mat,false,true,false
G9_P1_case93.mat,false,true,false
G9_P1_case93.mat,false,true,false
G9_P1_case93.mat,false,true,false
G9_P1_case93.mat,false,true,false
G9_P1_case93.mat,false,true,false
G9_P1_case93.mat,false,true,false
G9_P1_case93.mat,false,true,false
G9_P1_case93.mat,false,true,true
G9_P1_case93.mat,false,true,false
G9_P1_case95.mat,true,true,true
G9_P1_case95.mat,true,true,true
G9_P1_case95.mat,true,true,true
G9_P1_case95.mat,true,false,true
G9_P1_case95.mat,true,false,true
G9_P1_case95.mat,true,false,true
G9_P1_case95.mat,true,false,true
G9_P1_case95.mat,true,false,true
G9_P1_case95.mat,true,false,true
G9_P1_case95.mat,true,false,true
G9_P1_case95.mat,true,false,true
G9_P1_case95.mat,true,false,true
G9_P1_case95.mat,true,false,true
G9_P1_case95.mat,true,false,true
G9_P1_case95.mat,true,false,false
G9_P1_case95.mat,true,false,true
G9_P1_case95.mat,true,false,true
G9_P1_case95.mat,true,false,true
G9_P1_case95.mat,true,false,true
G9_P1_case95.mat,true,false,true
G9_P1_case95.mat,true,false,true
G9_P1_case95.mat,true,false,true
G9_P1_case95.mat,true,false,true
G9_P1_case96.mat,false,true,true
G9_P1_case96.mat,false,true,true
G9_P1_case96.mat,false,true,true
G9_P1_case96.mat,false,true,true
G9_P1_case96.mat,false,true,true
G9_P1_case96.mat,false,true,true
G9_P1_case96.mat,false,true,true
G9_P1_case96.mat,false,true,true
G9_P1_case96.mat,false,true,true
G9_P1_case96.mat,false,true,true
G9_P1_case96.mat,false,true,true
G9_P1_case96.mat,false,true,true
G9_P1_case96.mat,false,true,true
G9_P1_case96.mat,false,true,true
G9_P1_case96.mat,false,true,true
G9_P1_case96.mat,false,false,true
G9_P1_case96.mat,false,true,true
G9_P1_case96.mat,false,true,true
G9_P1_case96.mat,false,true,true
G9_P1_case96.mat,false,true,true
G9_P1_case96.mat,false,true,true
G9_P1_case96.mat,false,true,true
G9_P1_case96.mat,false,true,true
G9_P2_case91.mat,false,false,true
G9_P2_case91.mat,false,false,true
G9_P2_case91.mat,true,false,true
G9_P2_case91.mat,false,false,true
G9_P2_case91.mat,false,false,true
G9_P2_case91.mat,false,false,true
G9_P2_case91.mat,false,false,true
G9_P2_case91.mat,false,false,true
G9_P2_case91.mat,false,false,true
G9_P2_case91.mat,false,false,true
G9_P2_case91.mat,false,false,true
G9_P2_case91.mat,false,false,true
G9_P2_case91.mat,false,false,true
G9_P2_case91.mat,false,false,true
G9_P2_case91.mat,false,false,true
G9_P2_case91.mat,false,false,true
G9_P2_case91.mat,false,false,true
G9_P2_case91.mat,false,false,true
G9_P2_case91.mat,false,false,true
G9_P2_case91.mat,false,false,true
G9_P2_case91.mat,false,false,true
G9_P2_case91.mat,false,false,true
G9_P2_case91.mat,false,false,true
G9_P2_case92.mat,true,false,false
G9_P2_case92.mat,true,false,false
G9_P2_case92.mat,false,false,false
G9_P2_case92.mat,true,false,false
G9_P2_case92.mat,true,false,false
G9_P2_case92.mat,true,false,false
G9_P2_case92.mat,true,false,false
G9_P2_case92.mat,true,false,false
G9_P2_case92.mat,true,false,false
G9_P2_case92.mat,true,false,false
G9_P2_case92.mat,true,false,true
G9_P2_case92.mat,true,false,false
G9_P2_case92.mat,true,false,false
G9_P2_case92.mat,true,false,false
G9_P2_case92.mat,true,false,false
G9_P2_case92.mat,true,false,false
G9_P2_case92.mat,true,false,false
G9_P2_case92.mat,true,false,false
G9_P2_case92.mat,false,false,false
G9_P2_case92.mat,true,true,false
G9_P2_case92.mat,true,false,false
G9_P2_case92.mat,true,false,false
G9_P2_case92.mat,true,false,false
G9_P2_case93.mat,false,true,false
G9_P2_case93.mat,false,true,false
G9_P2_case93.mat,false,true,false
G9_P2_case93.mat,false,true,false
G9_P2_case93.mat,false,true,false
G9_P2_case93.mat,false,true,false
G9_P2_case93.mat,false,false,false
G9_P2_case93.mat,false,true,false
G9_P2_case93.mat,false,true,false
G9_P2_case93.mat,true,true,false
G9_P2_case93.mat,true,false,false
G9_P2_case93.mat,false,true,false
G9_P2_case93.mat,false,true,false
G9_P2_case93.mat,false,false,false
G9_P2_case93.mat,true,false,false
G9_P2_case93.mat,false,true,false
G9_P2_case93.mat,true,false,false
G9_P2_case93.mat,false,true,false
G9_P2_case93.mat,false,true,false
G9_P2_case93.mat,false,true,false
G9_P2_case93.mat,false,true,false
G9_P2_case93.mat,false,true,false
G9_P2_case93.mat,false,true,false
G9_P2_case95.mat,true,false,true
G9_P2_case95.mat,true,false,true
G9_P2_case95.mat,true,false,true
G9_P2_case95.mat,true,false,true
G9_P2_case95.mat,true,false,true
G9_P2_case95.mat,true,false,true
G9_P2_case95.mat,true,false,true
G9_P2_case95.mat,true,false,true
G9_P2_case95.mat,true,false,true
G9_P2_case95.mat,true,false,true
G9_P2_case95.mat,true,false,true
G9_P2_case95.mat,true,false,true
G9_P2_case95.mat,true,false,true
G9_P2_case95.mat,true,false,true
G9_P2_case95.mat,true,false,true
G9_P2_case95.mat,true,false,true
G9_P2_case95.mat,true,false,true
G9_P2_case95.mat,true,false,true
G9_P2_case95.mat,true,false,true
G9_P2_case95.mat,true,false,true
G9_P2_case95.mat,true,false,true
G9_P2_case95.mat,true,false,true
G9_P2_case95.mat,true,false,true
G9_P2_case95.mat,true,false,true
G9_P2_case96.mat,false,true,true
G9_P2_case96.mat,false,true,true
G9_P2_case96.mat,false,true,true
G9_P2_case96.mat,false,true,true
G9_P2_case96.mat,false,true,true
G9_P2_case96.mat,false,true,true
G9_P2_case96.mat,false,true,true
G9_P2_case96.mat,false,true,true
G9_P2_case96.mat,false,true,true
G9_P2_case96.mat,false,false,true
G9_P2_case96.mat,false,true,true
G9_P2_case96.mat,false,true,true
G9_P2_case96.mat,false,true,true
G9_P2_case96.mat,false,false,true
G9_P2_case96.mat,false,true,true
G9_P2_case96.mat,false,true,true
G9_P2_case96.mat,false,true,true
G9_P2_case96.mat,true,true,true
G9_P2_case96.mat,false,true,true
G9_P2_case96.mat,false,true,true
G9_P2_case96.mat,false,true,true
G9_P2_case96.mat,false,true,true
G9_P2_case96.mat,false,false,true
G9_P3_case91.mat,false,false,true
G9_P3_case91.mat,false,false,true
G9_P3_case91.mat,false,false,true
G9_P3_case91.mat,false,false,true
G9_P3_case91.mat,false,false,true
G9_P3_case91.mat,false,false,true
G9_P3_case91.mat,false,false,true
G9_P3_case91.mat,false,false,true
G9_P3_case91.mat,false,false,true
G9_P3_case91.mat,false,false,true
G9_P3_case91.mat,false,false,true
G9_P3_case91.mat,false,false,true
G9_P3_case91.mat,false,false,true
G9_P3_case91.mat,false,false,true
G9_P3_case91.mat,false,false,true
G9_P3_case91.mat,false,false,true
G9_P3_case91.mat,false,false,true
G9_P3_case91.mat,false,false,true
G9_P3_case91.mat,false,false,true
G9_P3_case91.mat,false,false,true
G9_P3_case91.mat,false,false,true
G9_P3_case91.mat,false,false,true
G9_P3_case91.mat,false,false,true
G9_P3_case92.mat,true,false,false
G9_P3_case92.mat,true,false,false
G9_P3_case92.mat,true,false,false
G9_P3_case92.mat,true,false,false
G9_P3_case92.mat,true,true,false
G9_P3_case92.mat,true,false,false
G9_P3_case92.mat,true,false,false
G9_P3_case92.mat,true,false,false
G9_P3_case92.mat,true,false,false
G9_P3_case92.mat,true,false,false
G9_P3_case92.mat,true,true,false
G9_P3_case92.mat,true,false,false
G9_P3_case92.mat,true,false,false
G9_P3_case92.mat,true,false,false
G9_P3_case92.mat,false,false,false
G9_P3_case92.mat,true,false,false
G9_P3_case92.mat,true,false,false
G9_P3_case92.mat,true,false,false
G9_P3_case92.mat,true,false,false
G9_P3_case92.mat,true,true,false
G9_P3_case92.mat,false,false,false
G9_P3_case92.mat,true,false,false
G9_P3_case92.mat,true,false,false
G9_P3_case93.mat,false,true,false
G9_P3_case93.mat,false,true,false
G9_P3_case93.mat,false,true,false
G9_P3_case93.mat,false,true,false
G9_P3_case93.mat,false,true,false
G9_P3_case93.mat,false,true,false
G9_P3_case93.mat,false,true,false
G9_P3_case93.mat,false,true,false
G9_P3_case93.mat,false,true,false
G9_P3_case93.mat,false,true,false
G9_P3_case93.mat,false,true,false
G9_P3_case93.mat,false,false,false
G9_P3_case93.mat,false,true,false
G9_P3_case93.mat,false,true,false
G9_P3_case93.mat,false,true,false
G9_P3_case93.mat,false,true,false
G9_P3_case93.mat,false,true,false
G9_P3_case93.mat,false,true,false
G9_P3_case93.mat,false,true,false
G9_P3_case93.mat,false,true,false
G9_P3_case93.mat,false,true,false
G9_P3_case93.mat,false,true,false
G9_P3_case93.mat,false,true,false
G9_P3_case95.mat,false,false,true
G9_P3_case95.mat,true,false,true
G9_P3_case95.mat,true,false,true
G9_P3_case95.mat,true,false,true
G9_P3_case95.mat,true,false,true
G9_P3_case95.mat,true,false,true
G9_P3_case95.mat,true,false,true
G9_P3_case95.mat,true,false,true
G9_P3_case95.mat,false,false,true
G9_P3_case95.mat,true,false,true
G9_P3_case95.mat,true,false,true
G9_P3_case95.mat,true,false,true
G9_P3_case95.mat,true,false,true
G9_P3_case95.mat,false,false,true
G9_P3_case95.mat,true,false,true
G9_P3_case95.mat,true,false,true
G9_P3_case95.mat,false,false,true
G9_P3_case95.mat,true,false,true
G9_P3_case95.mat,true,false,true
G9_P3_case95.mat,true,false,true
G9_P3_case95.mat,true,false,true
G9_P3_case95.mat,true,false,true
G9_P3_case95.mat,true,false,true
G9_P3_case96.mat,false,true,true
G9_P3_case96.mat,false,true,true
G9_P3_case96.mat,false,true,true
G9_P3_case96.mat,false,true,true
G9_P3_case96.mat,false,true,true
G9_P3_case96.mat,false,true,true
G9_P3_case96.mat,false,true,true
G9_P3_case96.mat,false,true,true
G9_P3_case96.mat,false,true,true
G9_P3_case96.mat,false,true,true
G9_P3_case96.mat,false,true,true
G9_P3_case96.mat,false,true,true
G9_P3_case96.mat,false,false,true
G9_P3_case96.mat,false,true,true
G9_P3_case96.mat,false,true,true
G9_P3_case96.mat,false,true,true
G9_P3_case96.mat,false,true,true
G9_P3_case96.mat,false,true,true
G9_P3_case96.mat,false,true,true
G9_P3_case96.mat,false,true,true
G9_P3_case96.mat,false,true,true
G9_P3_case96.mat,false,true,true
G9_P3_case96.mat,false,true,true
G9_P4_case91.mat,false,true,true
G9_P4_case91.mat,false,false,true
G9_P4_case91.mat,false,false,true
G9_P4_case91.mat,false,true,true
G9_P4_case91.mat,false,false,true
G9_P4_case91.mat,false,false,true
G9_P4_case91.mat,false,false,true
G9_P4_case91.mat,false,false,true
G9_P4_case91.mat,false,false,true
G9_P4_case91.mat,false,false,true
G9_P4_case91.mat,false,false,true
G9_P4_case91.mat,false,false,true
G9_P4_case91.mat,false,false,true
G9_P4_case91.mat,false,false,true
G9_P4_case91.mat,false,false,true
G9_P4_case91.mat,false,false,true
G9_P4_case91.mat,false,false,true
G9_P4_case91.mat,false,false,true
G9_P4_case91.mat,false,false,true
G9_P4_case91.mat,false,false,true
G9_P4_case91.mat,false,false,true
G9_P4_case91.mat,false,false,true
G9_P4_case91.mat,false,false,true
G9_P4_case92.mat,true,false,false
G9_P4_case92.mat,true,false,false
G9_P4_case92.mat,true,false,false
G9_P4_case92.mat,true,false,false
G9_P4_case92.mat,true,false,false
G9_P4_case92.mat,true,false,false
G9_P4_case92.mat,true,false,false
G9_P4_case92.mat,true,true,false
G9_P4_case92.mat,true,false,false
G9_P4_case92.mat,true,true,false
G9_P4_case92.mat,true,false,false
G9_P4_case92.mat,true,false,false
G9_P4_case92.mat,true,false,false
G9_P4_case92.mat,true,false,false
G9_P4_case92.mat,true,false,false
G9_P4_case92.mat,true,false,false
G9_P4_case92.mat,true,false,false
G9_P4_case92.mat,true,false,false
G9_P4_case92.mat,true,false,false
G9_P4_case92.mat,true,false,false
G9_P4_case92.mat,true,false,false
G9_P4_case92.mat,true,false,false
G9_P4_case92.mat,true,false,false
G9_P4_case93.mat,false,true,false
G9_P4_case93.mat,false,true,false
G9_P4_case93.mat,false,true,false
G9_P4_case93.mat,false,true,false
G9_P4_case93.mat,false,false,false
G9_P4_case93.mat,false,true,false
G9_P4_case93.mat,false,true,false
G9_P4_case93.mat,false,true,false
G9_P4_case93.mat,false,true,false
G9_P4_case93.mat,false,true,false
G9_P4_case93.mat,false,true,false
G9_P4_case93.mat,false,false,false
G9_P4_case93.mat,false,true,false
G9_P4_case93.mat,false,true,false
G9_P4_case93.mat,false,true,false
G9_P4_case93.mat,false,true,false
G9_P4_case93.mat,true,true,false
G9_P4_case93.mat,false,true,false
G9_P4_case93.mat,false,true,false
G9_P4_case93.mat,false,true,false
G9_P4_case93.mat,false,true,false
G9_P4_case93.mat,false,true,false
G9_P4_case93.mat,false,true,false
G9_P4_case95.mat,true,false,true
G9_P4_case95.mat,false,false,true
G9_P4_case95.mat,true,false,true
G9_P4_case95.mat,true,false,true
G9_P4_case95.mat,true,false,true
G9_P4_case95.mat,true,false,true
G9_P4_case95.mat,true,false,true
G9_P4_case95.mat,true,false,true
G9_P4_case95.mat,true,false,true
G9_P4_case95.mat,true,false,true
G9_P4_case95.mat,true,false,true
G9_P4_case95.mat,true,false,true
G9_P4_case95.mat,true,false,true
G9_P4_case95.mat,true,false,true
G9_P4_case95.mat,true,false,true
G9_P4_case95.mat,true,false,true
G9_P4_case95.mat,true,false,true
G9_P4_case95.mat,true,false,true
G9_P4_case95.mat,true,false,true
G9_P4_case95.mat,true,false,true
G9_P4_case95.mat,true,false,true
G9_P4_case95.mat,true,false,true
G9_P4_case95.mat,true,false,true
G9_P4_case95.mat,true,false,true
G9_P4_case96.mat,false,true,true
G9_P4_case96.mat,false,false,true
G9_P4_case96.mat,false,true,true
G9_P4_case96.mat,false,true,true
G9_P4_case96.mat,false,true,true
G9_P4_case96.mat,false,true,true
G9_P4_case96.mat,false,true,true
G9_P4_case96.mat,false,true,true
G9_P4_case96.mat,false,true,true
G9_P4_case96.mat,false,true,true
G9_P4_case96.mat,false,true,true
G9_P4_case96.mat,false,true,true
G9_P4_case96.mat,false,true,true
G9_P4_case96.mat,false,true,true
G9_P4_case96.mat,false,true,true
G9_P4_case96.mat,false,true,true
G9_P4_case96.mat,false,true,true
G9_P4_case96.mat,false,true,true
G9_P4_case96.mat,false,true,true
G9_P4_case96.mat,false,true,true
G9_P4_case96.mat,false,true,true
G9_P4_case96.mat,false,true,true
G9_P4_case96.mat,false,true,true
G9_P5_case91.mat,false,false,true
G9_P5_case91.mat,false,false,true
G9_P5_case91.mat,false,false,true
G9_P5_case91.mat,false,false,true
G9_P5_case91.mat,false,false,true
G9_P5_case91.mat,false,false,true
G9_P5_case91.mat,false,false,true
G9_P5_case91.mat,false,false,true
G9_P5_case91.mat,false,false,true
G9_P5_case91.mat,false,false,true
G9_P5_case91.mat,false,false,true
G9_P5_case91.mat,false,false,true
G9_P5_case91.mat,false,false,true
G9_P5_case91.mat,false,false,true
G9_P5_case91.mat,false,false,true
G9_P5_case91.mat,false,false,true
G9_P5_case91.mat,false,false,true
G9_P5_case91.mat,false,false,true
G9_P5_case91.mat,false,false,true
G9_P5_case92.mat,true,false,false
G9_P5_case92.mat,true,false,false
G9_P5_case92.mat,true,false,false
G9_P5_case92.mat,true,false,false
G9_P5_case92.mat,true,false,false
G9_P5_case92.mat,true,false,false
G9_P5_case92.mat,true,false,false
G9_P5_case92.mat,true,false,false
G9_P5_case92.mat,true,false,false
G9_P5_case92.mat,true,false,false
G9_P5_case92.mat,true,false,false
G9_P5_case92.mat,true,false,false
G9_P5_case92.mat,true,false,false
G9_P5_case92.mat,true,false,false
G9_P5_case92.mat,true,false,false
G9_P5_case92.mat,true,false,false
G9_P5_case92.mat,true,false,false
G9_P5_case92.mat,true,false,false
G9_P5_case92.mat,true,false,false
G9_P5_case93.mat,false,true,false
G9_P5_case93.mat,false,true,false
G9_P5_case93.mat,false,true,false
G9_P5_case93.mat,false,true,false
G9_P5_case93.mat,false,true,false
G9_P5_case93.mat,false,true,false
G9_P5_case93.mat,false,true,false
G9_P5_case93.mat,false,true,false
G9_P5_case93.mat,false,true,false
G9_P5_case93.mat,false,true,false
G9_P5_case93.mat,false,true,false
G9_P5_case93.mat,false,true,false
G9_P5_case93.mat,false,true,false
G9_P5_case93.mat,false,true,false
G9_P5_case93.mat,false,true,false
G9_P5_case93.mat,false,true,false
G9_P5_case93.mat,false,true,false
G9_P5_case93.mat,false,true,false
G9_P5_case93.mat,false,true,false
G9_P5_case95.mat,true,false,true
G9_P5_case95.mat,true,false,true
G9_P5_case95.mat,true,false,true
G9_P5_case95.mat,true,false,true
G9_P5_case95.mat,true,false,true
G9_P5_case95.mat,true,false,true
G9_P5_case95.mat,true,false,true
G9_P5_case95.mat,true,false,true
G9_P5_case95.mat,true,false,true
G9_P5_case95.mat,true,false,true
G9_P5_case95.mat,true,false,true
G9_P5_case95.mat,true,false,true
G9_P5_case95.mat,true,false,true
G9_P5_case95.mat,true,false,true
G9_P5_case95.mat,true,false,true
G9_P5_case95.mat,true,false,true
G9_P5_case95.mat,true,false,true
G9_P5_case95.mat,true,false,true
G9_P5_case95.mat,true,false,true
G9_P5_case96.mat,false,true,true
G9_P5_case96.mat,false,true,true
G9_P5_case96.mat,false,true,true
G9_P5_case96.mat,false,true,true
G9_P5_case96.mat,false,true,true
G9_P5_case96.mat,false,false,true
G9_P5_case96.mat,false,true,true
G9_P5_case96.mat,false,true,true
G9_P5_case96.mat,false,true,true
G9_P5_case96.mat,false,true,true
G9_P5_case96.mat,false,true,true
G9_P5_case96.mat,false,true,true
G9_P5_case96.mat,false,true,true
G9_P5_case96.mat,false,true,true
G9_P5_case96.mat,false,true,true
G9_P5_case96.mat,false,true,true
G9_P5_case96.mat,false,true,true
G9_P5_case96.mat,false,true,true
G9_P5_case96.mat,false,true,true
