file,segment,rms_acc,rms_vel,damping_ratio,peak_vel,rms_pos,amplitude,zcr,rms,dominant_freq,inc_deg,inc_loc,damp,damp_loc,freq,freq_loc
G0_P1_case_perfect.mat,1,0.0779200073588799,0.0874818828490436,0.202094712533968,0.135551984059468,0.0972586808344821,0.00452072938967412,0.02,0.0779200073588799,41.6,0,0,0,0,0,0
G0_P1_case_perfect.mat,2,0.0452870693696264,0.0573940570553264,-0.158894186282236,0.0995836972751448,0.0548537011346239,0.00301035793333636,0.0216666666666667,0.0452870693696264,42.4,0,0,0,0,0,0
G0_P1_case_perfect.mat,3,0.0462872458049401,0.0551248463617893,-0.238900492366844,0.0967995190788964,0.0528754504670417,0.00160576821287776,0.03,0.0462872458049401,32.8,0,0,0,0,0,0
G0_P1_case_perfect.mat,4,0.045770103667089,0.0568108222829544,0.041939010250582,0.0976436414777743,0.0555730342986638,0.00256836287782134,0.03,0.045770103667089,41.6,0,0,0,0,0,0
G0_P1_case_perfect.mat,5,0.0479576340801088,0.054939114309435,0.340581938581656,0.0965380886761965,0.0523507766281015,0.00299496841420791,0.0733333333333333,0.0479576340801088,41.6,0,0,0,0,0,0
G0_P1_case_perfect.mat,6,0.0455949889231304,0.0576390761246608,0.18191332383861,0.0992711590335371,0.0561348081620884,0.00447863765410694,0.0466666666666667,0.0455949889231304,38.8,0,0,0,0,0,0
G0_P1_case_perfect.mat,7,0.0424533546994086,0.0575885479832396,0.0828858719270638,0.0978021663625348,0.0563127214664582,0.0033871217862154,0.0116666666666667,0.0424533546994086,37.2,0,0,0,0,0,0
G0_P1_case_perfect.mat,8,0.0442759235822303,0.0574848365189264,-0.0364068490430702,0.099356460647338,0.0559054336451169,0.0013709187237648,0.025,0.0442759235822303,32.4,0,0,0,0,0,0
G0_P1_case_perfect.mat,9,0.0724865751972806,0.0561914142057604,0.0413407848565987,0.102792386357444,0.0547404827209925,0.0043812158280736,0.065,0.0724865751972806,32.8,0,0,0,0,0,0
G0_P1_case_perfect.mat,10,0.055392715035986,0.051593091190694,-0.23280444281146,0.101132995711944,0.0486034852780661,0.002421283388228,0.0491666666666667,0.055392715035986,38.8,0,0,0,0,0,0
G0_P1_case_perfect.mat,11,0.0605044247934739,0.050661007297639,-0.217781883596251,0.0905240864288657,0.0468993575943923,0.00332927738914432,0.0641666666666667,0.0605044247934739,38.8,0,0,0,0,0,0
G0_P1_case_perfect.mat,12,0.0464655111008969,0.0591088174562897,0.239994971150164,0.101090719660291,0.0582876624373465,0.00222931367480785,0.0366666666666667,0.0464655111008969,33.2,0,0,0,0,0,0
G0_P1_case_perfect.mat,13,0.043934723129003,0.056874312176825,-0.02615892972023,0.0986341786983277,0.0551611517956071,0.00240573386688643,0.0266666666666667,0.043934723129003,33.2,0,0,0,0,0,0
G0_P1_case_perfect.mat,14,0.0467053355956766,0.0581576557761628,0.0111556274636313,0.10007839790495,0.056665635600801,0.0039836437460049,0.0483333333333333,0.0467053355956766,38.8,0,0,0,0,0,0
G0_P1_case_perfect.mat,15,0.0499071798478829,0.0567140173785245,-0.0746438701309238,0.0982130437720428,0.0546254031109089,0.00582566454497493,0.0733333333333333,0.0499071798478829,41.2,0,0,0,0,0,0
G0_P1_case_perfect.mat,16,0.0424557544257444,0.0568772896875319,0.133170796796975,0.0995687743439895,0.0549447004948087,0.00118156643918632,0.00416666666666667,0.0424557544257444,37.6,0,0,0,0,0,0
G0_P1_case_perfect.mat,17,0.0419419921297609,0.0558117780074459,-0.016244773945966,0.0964207485242949,0.0546475078212143,0.00175574025389284,0.0116666666666667,0.0419419921297609,32.4,0,0,0,0,0,0
G0_P1_case_perfect.mat,18,0.0522060334567732,0.0575290647379127,-0.114086936979525,0.101180711002626,0.0558682305243227,0.00165191408575593,0.0316666666666667,0.0522060334567732,38.4,0,0,0,0,0,0
G0_P1_case_perfect.mat,19,0.0438468779009176,0.0565832830565152,-0.0293922556520906,0.0986920700498874,0.0548305381732471,0.00237371119669207,0.0183333333333333,0.0438468779009176,40.8,0,0,0,0,0,0
G0_P2_case_perfect.mat,1,0.235022743342637,0.313807094366428,0.295426103058455,0.546375857640332,0.299827068541263,0.00350443638692837,0.0025,0.235022743342637,35.6,0,0,0,0,0,0
G0_P2_case_perfect.mat,2,0.221928439973446,0.320179032685274,0.00242494957658013,0.553981571761685,0.310137738144384,0.000613507021518751,0,0.221928439973446,49.2,0,0,0,0,0,0
G0_P2_case_perfect.mat,3,0.222076805188845,0.320935802997281,-0.00936709653649895,0.554353087968534,0.311587696257505,0.000516970442609328,0,0.222076805188845,49.6,0,0,0,0,0,0
G0_P2_case_perfect.mat,4,0.221426558784944,0.319483542717038,-0.00427929650180179,0.552715354992223,0.30966503372276,0.000886772822331262,0,0.221426558784944,44.8,0,0,0,0,0,0
G0_P2_case_perfect.mat,5,0.220592593809506,0.316977831896805,0.0188622308323743,0.550487255381147,0.306398010562583,0.00104624200842765,0,0.220592593809506,44.8,0,0,0,0,0,0
G0_P2_case_perfect.mat,6,0.221451744212126,0.318790400293156,-0.0033828016881849,0.552893283645945,0.307877677468324,0.000367762386723186,0,0.221451744212126,44.4,0,0,0,0,0,0
G0_P2_case_perfect.mat,7,0.222854168711113,0.322026838003795,-0.0024033192290291,0.556361410926357,0.311741384669758,0.00018307418890186,0,0.222854168711113,33.2,0,0,0,0,0,0
G0_P2_case_perfect.mat,8,0.222290160831487,0.320099778629709,0.00140655377902891,0.554899187427266,0.30981418015377,0.000431506455017809,0,0.222290160831487,32.4,0,0,0,0,0,0
G0_P2_case_perfect.mat,9,0.220788610090054,0.317293323254954,0.00492903083870375,0.551012833124594,0.307259549451521,0.000731469116706718,0,0.220788610090054,43.2,0,0,0,0,0,0
G0_P2_case_perfect.mat,10,0.22117616140001,0.319388334423294,0.00927379615962588,0.552084958721771,0.309559368119438,0.000372969845056779,0,0.22117616140001,43.2,0,0,0,0,0,0
G0_P2_case_perfect.mat,11,0.222045791218838,0.320089005932228,0.0108389085016162,0.554238184166219,0.309334206781714,0.000488599116092575,0,0.222045791218838,49.6,0,0,0,0,0,0
G0_P2_case_perfect.mat,12,0.221422517458615,0.318443125756524,-0.0058061516793665,0.552676821910465,0.307853642206929,0.000663126583067581,0,0.221422517458615,32.8,0,0,0,0,0,0
G0_P2_case_perfect.mat,13,0.221598698711154,0.319023202328117,-0.00759335631857127,0.553162234880402,0.308613679962727,0.000617920968447297,0,0.221598698711154,33.2,0,0,0,0,0,0
G0_P2_case_perfect.mat,14,0.221423096633128,0.318802338305204,0.00104907927363334,0.552733144747557,0.308196293993612,0.000417348017582383,0,0.221423096633128,33.2,0,0,0,0,0,0
G0_P2_case_perfect.mat,15,0.222067418219022,0.320758555018983,0.0173092138954823,0.554163384070081,0.311090994035307,0.000542894875586844,0,0.222067418219022,33.6,0,0,0,0,0,0
G0_P2_case_perfect.mat,16,0.220494608192775,0.316856864942187,-0.00436249983964631,0.55043195258656,0.305529910513865,0.000191396324898233,0,0.220494608192775,31.2,0,0,0,0,0,0
G0_P2_case_perfect.mat,17,0.222968189855131,0.320208354534794,0.00390459101137132,0.556522629287432,0.309531054733061,0.000495826252666003,0,0.222968189855131,43.6,0,0,0,0,0,0
G0_P2_case_perfect.mat,18,0.221190362295341,0.318904177847761,-0.00141122391377539,0.55181651006715,0.308650388923392,0.000279607542334371,0,0.221190362295341,38.8,0,0,0,0,0,0
G0_P3_case_perfect.mat,1,0.486493931654895,0.677256383025573,0.0155417952613581,1.17381796686253,0.651145516590198,0.00581413394950783,0.00166666666666667,0.486493931654895,31.2,0,0,0,0,0,0
G0_P3_case_perfect.mat,2,0.473951045826024,0.658427715867761,-0.0156320386628304,1.15987098257225,0.633950402723536,0.00172613755264365,0,0.473951045826024,44.4,0,0,0,0,0,0
G0_P3_case_perfect.mat,3,0.474663393790763,0.674962489579528,0.024130196886348,1.15363122483483,0.660206954237765,0.00191107324149793,0,0.474663393790763,38.4,0,0,0,0,0,0
G0_P3_case_perfect.mat,4,0.491596023954548,0.694244164484374,0.0161929814076725,1.20497303623081,0.676221583393271,0.00183352915213214,0,0.491596023954548,44.8,0,0,0,0,0,0
G0_P3_case_perfect.mat,5,0.488919864436549,0.701695351480724,-0.0204528594896997,1.19569555506948,0.686784491663246,0.00341985744114599,0,0.488919864436549,44.8,0,0,0,0,0,0
G0_P3_case_perfect.mat,6,0.485442796829425,0.68902841811266,-0.039581655074943,1.19771805514808,0.66572762425788,0.00165339488034443,0,0.485442796829425,32,0,0,0,0,0,0
G0_P3_case_perfect.mat,7,0.480838879266289,0.680542669674426,0.0118103884043917,1.18782724598662,0.653394582365339,0.00222348159477685,0,0.480838879266289,31.6,0,0,0,0,0,0
G0_P3_case_perfect.mat,8,0.479973670304809,0.682940295767323,0.0146492872757859,1.18226787880232,0.6572218404531,0.00308459118252557,0,0.479973670304809,32.4,0,0,0,0,0,0
G0_P3_case_perfect.mat,9,0.479327755097426,0.687966277336015,-0.0170888124667891,1.18212945767304,0.672841351175167,0.00249777871431725,0,0.479327755097426,32.8,0,0,0,0,0,0
G0_P3_case_perfect.mat,10,0.482733440893273,0.694197160962936,0.0378043746812503,1.18684806698076,0.678076698994739,0.00159252252430172,0,0.482733440893273,30.4,0,0,0,0,0,0
G0_P3_case_perfect.mat,11,0.468672730525026,0.672599909394729,0.0118039418968033,1.14802935486854,0.654680169374305,0.00206819670149268,0,0.468672730525026,32.4,0,0,0,0,0,0
G0_P3_case_perfect.mat,12,0.476568429549064,0.670846173213997,-0.0517651204032691,1.16839991406904,0.641182629115431,0.0028858561975103,0,0.476568429549064,33.6,0,0,0,0,0,0
G0_P3_case_perfect.mat,13,0.478995769575769,0.686051808158992,0.0230515442815395,1.17802146741383,0.664169825320731,0.00143476873072844,0,0.478995769575769,32.4,0,0,0,0,0,0
G0_P3_case_perfect.mat,14,0.470339006601599,0.667424009283612,-0.00758051364707989,1.15959863160898,0.64853372494848,0.00208298964359075,0,0.470339006601599,32.8,0,0,0,0,0,0
G0_P3_case_perfect.mat,15,0.460916059166628,0.662718491337945,-0.00760781268809337,1.13478212726763,0.642842239959841,0.00327585902003513,0,0.460916059166628,31.2,0,0,0,0,0,0
G0_P3_case_perfect.mat,16,0.489119302441892,0.694662451044359,0.0396858339589678,1.2028378973703,0.678907428136611,0.00231652549715232,0,0.489119302441892,32.4,0,0,0,0,0,0
G0_P3_case_perfect.mat,17,0.467212830745365,0.660540274591727,-0.0547513687188388,1.14414428085453,0.634804711772523,0.00171278762957147,0,0.467212830745365,32.4,0,0,0,0,0,0
G0_P3_case_perfect.mat,18,0.483889147692341,0.652906326709996,-0.0676695853472558,1.12790167830511,0.634785937216165,0.00153621515046041,0.005,0.483889147692341,33.2,0,0,0,0,0,0
G0_P3_case_perfect.mat,19,0.473183424735087,0.653535076280414,0.000583850924205578,1.15163734143513,0.630102182759235,0.00122225733752429,0,0.473183424735087,33.6,0,0,0,0,0,0
G0_P4_case_perfect.mat,1,0.135216451730443,0.175897575898862,0.281206403324837,0.299657426180755,0.17465683182141,0.00296469490573946,0.0025,0.135216451730443,30.8,0,0,0,0,0,0
G0_P4_case_perfect.mat,2,0.137909101240773,0.185398642919029,0.00546289232022257,0.327248657027444,0.175788825471685,0.00177279283352564,0.00166666666666667,0.137909101240773,38.4,0,0,0,0,0,0
G0_P4_case_perfect.mat,3,0.146521114469032,0.199326843953111,0.0418169377867072,0.348977410186112,0.192025068943922,0.00361475028161929,0.00166666666666667,0.146521114469032,32.4,0,0,0,0,0,0
G0_P4_case_perfect.mat,4,0.14187603549172,0.19375167601381,0.0439350617507604,0.340356729418618,0.182771915133984,0.00337052241969148,0.00333333333333333,0.14187603549172,46,0,0,0,0,0,0
G0_P4_case_perfect.mat,5,0.174809051478819,0.226891102151204,0.118496344736729,0.384124506460682,0.224085785793671,0.00466897980156618,0.015,0.174809051478819,38.8,0,0,0,0,0,0
G0_P4_case_perfect.mat,6,0.144688560460566,0.196097147631899,-0.0180682860112492,0.342001217180732,0.18991952388721,0.00228749094787435,0.00166666666666667,0.144688560460566,40,0,0,0,0,0,0
G0_P4_case_perfect.mat,7,0.14552912662612,0.193599619763854,-0.118807894232404,0.33316932581817,0.186394520557062,0.00134697234112165,0.00333333333333333,0.14552912662612,38.4,0,0,0,0,0,0
G0_P4_case_perfect.mat,8,0.167667266245613,0.213572580269113,-0.0723276693213928,0.365844990843869,0.209341331021533,0.00316108492758736,0.01,0.167667266245613,31.2,0,0,0,0,0,0
G0_P4_case_perfect.mat,9,0.171739644390238,0.194143558731507,0.113902247173401,0.33436909184945,0.194557589392545,0.0127799866012678,0.0416666666666667,0.171739644390238,31.6,0,0,0,0,0,0
G0_P4_case_perfect.mat,10,0.147448468923066,0.195586057187447,-0.266875471867227,0.338084429994433,0.189850838086177,0.0125774982438193,0.01,0.147448468923066,38.4,0,0,0,0,0,0
G0_P4_case_perfect.mat,11,0.165203555733436,0.199203461068352,-0.114242228598597,0.34319983558505,0.192772215786666,0.0183386937873575,0.0325,0.165203555733436,32.4,0,0,0,0,0,0
G0_P4_case_perfect.mat,12,0.145284022760006,0.188248176721418,0.130427373454776,0.325543704704012,0.180151727916177,0.00397992307203929,0.0075,0.145284022760006,32,0,0,0,0,0,0
G0_P4_case_perfect.mat,13,0.148238342996007,0.194067119043207,0.107699470354386,0.344940657638699,0.184243127371296,0.00379428780101846,0.00166666666666667,0.148238342996007,32,0,0,0,0,0,0
G0_P4_case_perfect.mat,14,0.153521154590395,0.203486518612612,-0.0315603691530123,0.35333234632299,0.195992880570476,0.00357457179830388,0.00166666666666667,0.153521154590395,32.8,0,0,0,0,0,0
G0_P4_case_perfect.mat,15,0.163794954271979,0.202706153587258,0.00736198004131538,0.344759569273113,0.194300900375716,0.00435121252723547,0.0166666666666667,0.163794954271979,39.2,0,0,0,0,0,0
G0_P4_case_perfect.mat,16,0.136188876729588,0.193199780408548,-0.0337165648089517,0.334055792651066,0.188678669745362,0.00326240638924334,0,0.136188876729588,32,0,0,0,0,0,0
G0_P4_case_perfect.mat,17,0.166246704464925,0.189873093812863,0.0177032184229212,0.325420780027228,0.183022273361845,0.0212616979557166,0.055,0.166246704464925,30.4,0,0,0,0,0,0
G0_P4_case_perfect.mat,18,0.17685619591038,0.195318064575345,0.300063541725891,0.334763427677817,0.191362254434643,0.0261768914838356,0.07,0.17685619591038,29.2,0,0,0,0,0,0
G0_P4_case_perfect.mat,19,0.154474903707243,0.213354096519955,0.00748167213180879,0.366037156802647,0.207807779386327,0.00479334951244188,0.00333333333333333,0.154474903707243,29.6,0,0,0,0,0,0
G1_P1_case11.mat,1,0.117864589014699,0.113482257254079,-0.0398852946950592,0.196216216573576,0.108752435134947,0.0211935799963426,0.0416666666666667,0.117864589014699,35.2,0,0,0,0,35,3
G1_P1_case11.mat,2,0.0945528447391236,0.114654678336586,-0.171479083378779,0.201288723989293,0.110613688250271,0.0184263626440268,0.045,0.0945528447391236,35.2,0,0,0,0,35,3
G1_P1_case11.mat,3,0.093827150719992,0.117320529723188,-0.124988154472672,0.20524028591377,0.112405943777776,0.0185567255811581,0.03,0.093827150719992,35.2,0,0,0,0,35,3
G1_P1_case11.mat,4,0.0933533790488743,0.114029080069995,-0.222135586528226,0.201388853369001,0.10797987819743,0.0187166901197542,0.04,0.0933533790488743,35.2,0,0,0,0,35,3
G1_P1_case11.mat,5,0.0941713162184494,0.120686862248304,-0.00744905875128752,0.204325080135571,0.119395014052389,0.0187303376639559,0.0316666666666667,0.0941713162184494,35.2,0,0,0,0,35,3
G1_P1_case11.mat,6,0.0901235442326457,0.115490144325724,0.204726723601904,0.197806865029814,0.111766050826729,0.0187758833454492,0.0266666666666667,0.0901235442326457,35.2,0,0,0,0,35,3
G1_P1_case11.mat,7,0.0904342913042352,0.116320447151088,0.00618768113495711,0.199252961068044,0.113845085726515,0.018805014551463,0.0266666666666667,0.0904342913042352,35.2,0,0,0,0,35,3
G1_P1_case11.mat,8,0.0831128064814055,0.102511637742691,-0.0159298986354997,0.17332451376369,0.0999324433577176,0.0191210848123983,0.0533333333333333,0.0831128064814055,35.2,0,0,0,0,35,3
G1_P1_case11.mat,9,0.0917529021966245,0.113561935408544,-0.144432782894354,0.193475591404855,0.111705398555647,0.0191236607811218,0.0533333333333333,0.0917529021966245,35.2,0,0,0,0,35,3
G1_P1_case11.mat,10,0.0897753720891833,0.10983464907789,0.0798657113482804,0.186673640971371,0.108335691140827,0.0193947600274537,0.0425,0.0897753720891833,35.2,0,0,0,0,35,3
G1_P1_case11.mat,11,0.0877585411851206,0.10528288158176,-0.179534383528232,0.185902476050249,0.0995015105902329,0.0192460478082963,0.0375,0.0877585411851206,35.2,0,0,0,0,35,3
G1_P1_case11.mat,12,0.0862920516256706,0.106720312916404,-0.119975328677929,0.184541987630332,0.102727611359933,0.018837199442554,0.0483333333333333,0.0862920516256706,35.2,0,0,0,0,35,3
G1_P1_case11.mat,13,0.0895904737653347,0.107891003512251,0.0193141155130913,0.1898540045201,0.103713207156117,0.0184961622165332,0.04,0.0895904737653347,35.2,0,0,0,0,35,3
G1_P1_case11.mat,14,0.120026734797626,0.10720842016782,0.329271618993221,0.186113980199145,0.101411067243908,0.0219393553263384,0.0658333333333333,0.120026734797626,35.2,0,0,0,0,35,3
G1_P1_case11.mat,15,0.0886601100033207,0.102786122126108,0.02230347662473,0.180118124054073,0.0999551047090347,0.0229694031519179,0.06,0.0886601100033207,35.2,0,0,0,0,35,3
G1_P1_case11.mat,16,0.08770827621634,0.10488372385056,0.292437749242059,0.183203136167878,0.10143149855735,0.0210548741025707,0.06,0.08770827621634,35.2,0,0,0,0,35,3
G1_P1_case11.mat,17,0.0893598561176093,0.10914800429234,-0.0118407844250665,0.188015694099799,0.107408753720628,0.0198317248135567,0.045,0.0893598561176093,35.2,0,0,0,0,35,3
G1_P1_case11.mat,18,0.105617424101732,0.105920312124249,-0.0556535182562818,0.186668415846278,0.102754050172925,0.0184693800452799,0.0566666666666667,0.105617424101732,35.2,0,0,0,0,35,3
G1_P1_case11.mat,19,0.0898630504335587,0.109010351931792,-0.0650912112851036,0.188061339588224,0.105248228796978,0.018657441997296,0.0491666666666667,0.0898630504335587,35.2,0,0,0,0,35,3
G1_P1_case15.mat,1,0.303874027051942,0.0765546699085397,-0.168538335816344,0.138952770554019,0.068912722586189,0.150591601319274,0.125,0.303874027051942,30,4,4,0,0,30,6
G1_P1_case15.mat,2,0.246114502401755,0.0892820993459971,0.0146064456892708,0.158893680802444,0.0873061045102693,0.117080363720136,0.125,0.246114502401755,30,4,4,0,0,30,6
G1_P1_case15.mat,3,0.227260394244712,0.0912816285326582,0.0707287530402094,0.156929338805058,0.0884773003218363,0.107812866444574,0.125,0.227260394244712,30,4,4,0,0,30,6
G1_P1_case15.mat,4,0.246344961436154,0.089475920248732,0.0802871537718167,0.158372981227669,0.0866042415616093,0.118476024527351,0.125,0.246344961436154,30,4,4,0,0,30,6
G1_P1_case15.mat,5,0.191795884489973,0.0912447808926374,0.0858480836299759,0.157526438718813,0.0889833966308691,0.0802868969106467,0.125,0.191795884489973,30,4,4,0,0,30,6
G1_P1_case15.mat,6,0.102703183475625,0.0901511307992613,0.239747146330457,0.154697253685238,0.0879057290115242,0.0262945496915325,0.118333333333333,0.102703183475625,30,4,4,0,0,30,6
G1_P1_case15.mat,7,0.18532834828735,0.0893958125116216,-0.0926087014652834,0.154127052843752,0.0858605837337746,0.033125841417321,0.111666666666667,0.18532834828735,30,4,4,0,0,30,6
G1_P1_case15.mat,8,0.093071235341354,0.09127230540665,0.0638032445486331,0.15862044853247,0.0874747848257956,0.0270287690360439,0.121666666666667,0.093071235341354,30,4,4,0,0,30,6
G1_P1_case15.mat,9,0.111469796799474,0.0876851613908672,0.0990477326689913,0.151771414341231,0.0831912945618767,0.0371416335801517,0.116666666666667,0.111469796799474,30,4,4,0,0,30,6
G1_P1_case15.mat,10,0.139020651423056,0.0894064079255548,0.104141169099997,0.155165095349467,0.0862816292618399,0.0195614663057752,0.0808333333333333,0.139020651423056,30,4,4,0,0,30,6
G1_P1_case15.mat,11,0.103176613253728,0.0900095178082459,-0.26736238126715,0.157276023012347,0.0857866055661831,0.0280525133460207,0.109166666666667,0.103176613253728,30,4,4,0,0,30,6
G1_P1_case15.mat,12,0.0806899418371745,0.0877225914843971,0.172183710229595,0.151531053188285,0.0856565981604103,0.01429320811491,0.0966666666666667,0.0806899418371745,30,4,4,0,0,30,6
G1_P1_case15.mat,13,0.108301696557424,0.0869276986854906,-0.400863405671408,0.152820973884436,0.084413260909014,0.0360249416035434,0.108333333333333,0.108301696557424,30,4,4,0,0,30,6
G1_P1_case15.mat,14,0.181296811420765,0.088037894627741,-0.16969174418027,0.159611124336092,0.0838110624453548,0.0487453277673963,0.1275,0.181296811420765,30,4,4,0,0,30,6
G1_P1_case15.mat,15,0.272509461531428,0.0870459271416137,-0.134958792895941,0.154735701418784,0.0813761471123188,0.109735361757138,0.120833333333333,0.272509461531428,30,4,4,0,0,30,6
G1_P1_case15.mat,16,0.322409343380521,0.0899700117316947,0.0777734946742337,0.155877359702758,0.0890093489288819,0.161096512475417,0.125,0.322409343380521,30,4,4,0,0,30,6
G1_P1_case15.mat,17,0.320681406258546,0.0921882739550667,0.0316666968658487,0.160929128396509,0.0905168230903625,0.159702433234832,0.125,0.320681406258546,30,4,4,0,0,30,6
G1_P1_case15.mat,18,0.330971035836004,0.0871664291299258,0.033659870926252,0.154848827699798,0.0843775148498939,0.160022332578705,0.125,0.330971035836004,30,4,4,0,0,30,6
G1_P1_case16.mat,1,0.465124902035257,0.0340187742419708,-0.486484318715599,0.0718815546037571,0.0193981279381087,0.231929093278657,0.125,0.465124902035257,30,0,0,1,4,30,6
G1_P1_case16.mat,2,0.349634769444416,0.0565141730492074,-0.000175211052669677,0.103362142588387,0.0537960786660796,0.173441968567986,0.125,0.349634769444416,30,0,0,1,4,30,6
G1_P1_case16.mat,3,0.333023790897966,0.0619017458837856,0.057074818871786,0.10728586782445,0.0605490665782079,0.163915249808468,0.125,0.333023790897966,30,0,0,1,4,30,6
G1_P1_case16.mat,4,0.341346920251782,0.064110765163748,0.0180768661901705,0.111159286255596,0.0640270326879482,0.167929694874153,0.124166666666667,0.341346920251782,30,0,0,1,4,30,6
G1_P1_case16.mat,5,0.222371089160193,0.0651410026745263,0.0456864897202561,0.11102169065375,0.0648165146325991,0.0814391844209342,0.1325,0.222371089160193,30,0,0,1,4,30,6
G1_P1_case16.mat,6,0.150477562500176,0.0579838914984397,-0.164764257508387,0.106679745262652,0.0537944873266969,0.0646731926080764,0.128333333333333,0.150477562500176,30,0,0,1,4,30,6
G1_P1_case16.mat,7,0.189234779559528,0.054823388538384,0.00342163178485982,0.0996701111378024,0.0513842508167069,0.0684285516854385,0.1175,0.189234779559528,30,0,0,1,4,30,6
G1_P1_case16.mat,8,0.101941750636372,0.0585626780944251,-0.0424673781724854,0.102543560650754,0.0567193887463118,0.0341905580452064,0.123333333333333,0.101941750636372,30,0,0,1,4,30,6
G1_P1_case16.mat,9,0.0910626828090186,0.0620855036347096,0.10587212517807,0.107706078578292,0.0588446251500895,0.0312847447995402,0.135833333333333,0.0910626828090186,30,0,0,1,4,30,6
G1_P1_case16.mat,10,0.0856724140865956,0.0587487240093513,-0.00953956447148321,0.104825043310535,0.0556631676719387,0.0222812047619978,0.103333333333333,0.0856724140865956,30,0,0,1,4,30,6
G1_P1_case16.mat,11,0.083900579317267,0.0661086199107899,0.111297818151966,0.110551347705071,0.0654431529860001,0.0241240076786228,0.133333333333333,0.083900579317267,30,0,0,1,4,30,6
G1_P1_case16.mat,12,0.0799337523599018,0.0575797895711327,0.098082961031823,0.103645597405582,0.0536395022743477,0.0204726420325358,0.115833333333333,0.0799337523599018,30,0,0,1,4,30,6
G1_P1_case16.mat,13,0.192108361158546,0.0615559347091782,-0.0513816541839023,0.108703148144291,0.0584410126343549,0.0877308655959058,0.125,0.192108361158546,30,0,0,1,4,30,6
G1_P1_case16.mat,14,0.221999462891411,0.0541848525789685,-0.0257140714698378,0.0948153163185083,0.0512120763711792,0.0944614385611622,0.125,0.221999462891411,30,0,0,1,4,30,6
G1_P1_case16.mat,15,0.393261818669569,0.0604961972677194,0.040266494169967,0.106500016488766,0.0592079892798327,0.176322711057518,0.125833333333333,0.393261818669569,30,0,0,1,4,30,6
G1_P1_case16.mat,16,0.493498546033966,0.0620045190287657,0.0214325057038258,0.107197842764843,0.0625413214481741,0.250905564435649,0.124166666666667,0.493498546033966,30,0,0,1,4,30,6
G1_P1_case16.mat,17,0.501633653514508,0.0648390737910841,-0.0120640485291591,0.112244539406725,0.0663627197029339,0.255717555808086,0.124166666666667,0.501633653514508,30,0,0,1,4,30,6
G1_P1_case16.mat,18,0.509891704693974,0.0621985985998889,-0.00700996417159918,0.110386113946743,0.0611658565624105,0.255990244816013,0.125,0.509891704693974,30,0,0,1,4,30,6
G1_P2_case11.mat,1,0.175120340238388,0.159092508018448,-0.0772634201087129,0.277728931152882,0.15319069510992,0.0241766841382623,0.0525,0.175120340238388,35.2,0,0,0,0,35,3
G1_P2_case11.mat,2,0.145184053431403,0.158605357822035,-0.174767323545642,0.264476118401973,0.159709649653302,0.020727814589109,0.0475,0.145184053431403,35.2,0,0,0,0,35,3
G1_P2_case11.mat,3,0.170520786696103,0.165961912668189,-0.237396987579309,0.31026480384957,0.151209419762035,0.0153395631083386,0.0391666666666667,0.170520786696103,35.2,0,0,0,0,35,3
G1_P2_case11.mat,4,0.176786917028816,0.196441198729789,-0.156541259112296,0.326619432018441,0.191102360398129,0.0153342244727205,0.05,0.176786917028816,35.2,0,0,0,0,35,3
G1_P2_case11.mat,5,0.182742030417432,0.210782189201933,0.22674141869619,0.361469411268379,0.203906187280533,0.0175028053058616,0.0366666666666667,0.182742030417432,35.2,0,0,0,0,35,3
G1_P2_case11.mat,6,0.1507069458845,0.153715183314062,-0.0187900766692673,0.279383722776834,0.146196090846943,0.0143611831245837,0.0433333333333333,0.1507069458845,35.2,0,0,0,0,35,3
G1_P2_case11.mat,7,0.161144078014794,0.177660480825979,-0.101111277489909,0.324537208181286,0.168632409147484,0.0116518912311199,0.0283333333333333,0.161144078014794,35.2,0,0,0,0,35,3
G1_P2_case11.mat,8,0.144887804461734,0.147286087076257,0.0763330618201854,0.239731812695563,0.149596076655372,0.011446386309339,0.0416666666666667,0.144887804461734,35.2,0,0,0,0,35,3
G1_P2_case11.mat,9,0.171269363302714,0.193480211216335,-0.0125293889575119,0.335263752572966,0.192416374996557,0.0100652842771889,0.0366666666666667,0.171269363302714,35.2,0,0,0,0,35,3
G1_P2_case11.mat,10,0.16944477473125,0.190642203824489,-0.0365424780416224,0.310401411298965,0.19074030052944,0.00951488286126564,0.03,0.16944477473125,35.2,0,0,0,0,35,3
G1_P2_case11.mat,11,0.157289537768974,0.163767210905076,0.13048602496582,0.284829142640624,0.163655484449298,0.0097145710932011,0.035,0.157289537768974,35.2,0,0,0,0,35,3
G1_P2_case11.mat,12,0.172768617055417,0.183251671665362,0.0327567047788184,0.318253698198016,0.178079079844863,0.0134534121854811,0.0266666666666667,0.172768617055417,35.2,0,0,0,0,35,3
G1_P2_case11.mat,13,0.183511500716401,0.200685059911249,0.250395201934113,0.348350237078547,0.197584447680988,0.0129932801454817,0.0275,0.183511500716401,35.2,0,0,0,0,35,3
G1_P2_case11.mat,14,0.23294919250843,0.186681685875735,-0.00286485506637551,0.33763919484443,0.174228229651027,0.0204627217657045,0.0458333333333333,0.23294919250843,35.2,0,0,0,0,35,3
G1_P2_case11.mat,15,0.191487819912411,0.189020693640749,-0.198050159279857,0.331275460810724,0.178685899091644,0.0251881207823083,0.05,0.191487819912411,35.2,0,0,0,0,35,3
G1_P2_case11.mat,16,0.170437514263734,0.162518076600868,0.0083387166621928,0.287133924509925,0.145626084828377,0.0260487093214623,0.0416666666666667,0.170437514263734,35.2,0,0,0,0,35,3
G1_P2_case11.mat,17,0.165621676981654,0.179692206565967,0.0262817971587859,0.317491007229121,0.175046688122413,0.0268350994271487,0.04,0.165621676981654,35.2,0,0,0,0,35,3
G1_P2_case11.mat,18,0.192217491168003,0.160673827972972,-0.114776120378451,0.272561251152669,0.157427742885165,0.0251582293299629,0.0608333333333333,0.192217491168003,35.2,0,0,0,0,35,3
G1_P2_case11.mat,19,0.157968970295899,0.159691553806842,0.00984225158257701,0.279902651222598,0.157638079698015,0.0260084846559479,0.0558333333333333,0.157968970295899,35.2,0,0,0,0,35,3
G1_P2_case15.mat,1,0.254639166841576,0.355984585900754,0.159910423335046,0.61738823210302,0.343218014853172,0.00512147764332623,0.000833333333333333,0.254639166841576,29.6,4,4,0,0,30,6
G1_P2_case15.mat,2,0.249434727994279,0.356158437372706,-0.00693612651530926,0.619771532169292,0.343329427335199,0.00215611530594926,0,0.249434727994279,30,4,4,0,0,30,6
G1_P2_case15.mat,3,0.252883204411703,0.363588610322331,-0.00241508603621682,0.628952677593945,0.353142892241837,0.00320365860955964,0,0.252883204411703,30,4,4,0,0,30,6
G1_P2_case15.mat,4,0.250977661770686,0.358470632965511,0.0115526477561185,0.623731377292067,0.345250726231663,0.00257752057227166,0,0.250977661770686,30,4,4,0,0,30,6
G1_P2_case15.mat,5,0.254867454697132,0.367569529674109,0.0382775416260474,0.633380512354585,0.356108607879339,0.00213547207038685,0,0.254867454697132,30,4,4,0,0,30,6
G1_P2_case15.mat,6,0.256424479637855,0.367622722192201,-0.00834464221074977,0.637459650997457,0.354373703829521,0.00209996764079649,0,0.256424479637855,30,4,4,0,0,30,6
G1_P2_case15.mat,7,0.258436248510568,0.368792693118284,0.00765450141786179,0.636850920847898,0.358864665039033,0.00105659926878919,0,0.258436248510568,30,4,4,0,0,30,6
G1_P2_case15.mat,8,0.255147629415565,0.366176273107376,6.21150198262051e-05,0.635036691386927,0.356234584657742,0.000618886870863724,0,0.255147629415565,49.6,4,4,0,0,30,6
G1_P2_case15.mat,9,0.257927265051306,0.370471358751848,0.0138574076446029,0.641383555379261,0.360067601981547,0.00163719269180954,0,0.257927265051306,44,4,4,0,0,30,6
G1_P2_case15.mat,10,0.251227279979707,0.362645602723541,0.0247253569668661,0.622689278810587,0.352563852091983,0.00116288524154022,0,0.251227279979707,40.4,4,4,0,0,30,6
G1_P2_case15.mat,11,0.254443569793126,0.363776620390718,0.00371000404222549,0.632398356886187,0.350918407046787,0.00104308461114152,0,0.254443569793126,49.6,4,4,0,0,30,6
G1_P2_case15.mat,12,0.258853044535572,0.372878080404763,-0.0179728287155164,0.643798926339069,0.36292506121359,0.00145053984487193,0,0.258853044535572,33.2,4,4,0,0,30,6
G1_P2_case15.mat,13,0.254281559161018,0.364737515598308,0.00109185548147484,0.632488419278964,0.352044962139981,0.00185308413329913,0,0.254281559161018,30,4,4,0,0,30,6
G1_P2_case15.mat,14,0.259195376762484,0.369221671768303,-0.000978593431144704,0.6387596510715,0.357915741002791,0.0034111463831165,0,0.259195376762484,30,4,4,0,0,30,6
G1_P2_case15.mat,15,0.262052938333632,0.375815147481649,-0.00845826635315222,0.650631523591538,0.363916400711978,0.00382453429649302,0,0.262052938333632,30,4,4,0,0,30,6
G1_P2_case15.mat,16,0.255646592728707,0.367058037566395,0.0230324944462098,0.635291459064184,0.356120086910456,0.00451993331043536,0,0.255646592728707,30,4,4,0,0,30,6
G1_P2_case15.mat,17,0.255275283870564,0.366044135905214,-0.0149657946427529,0.63291643034696,0.355061621246791,0.00440229027882097,0,0.255275283870564,30,4,4,0,0,30,6
G1_P2_case15.mat,18,0.255432506169884,0.360515464200578,0.033791058188356,0.630817404982237,0.347625316244164,0.0044867232011517,0,0.255432506169884,30,4,4,0,0,30,6
G1_P2_case16.mat,1,0.107319076965709,0.117732996860395,0.270640028624238,0.204074505704296,0.113485478196598,0.00747276208214432,0.0141666666666667,0.107319076965709,29.6,0,0,1,4,30,6
G1_P2_case16.mat,2,0.090136113804395,0.121479252750706,-0.00383512534470909,0.206648836554208,0.120967990945606,0.00349901471034196,0.00833333333333333,0.090136113804395,30,0,0,1,4,30,6
G1_P2_case16.mat,3,0.0859160013376146,0.114994151143215,-0.0249419077229783,0.19720861968064,0.110715699146175,0.00503188237619771,0.00166666666666667,0.0859160013376146,30,0,0,1,4,30,6
G1_P2_case16.mat,4,0.0883535103870329,0.115455879815101,0.0445586016842463,0.202216704060739,0.109423936528346,0.00361216095810597,0.01,0.0883535103870329,44.4,0,0,1,4,30,6
G1_P2_case16.mat,5,0.0932565933219531,0.128712537482722,0.000411878535721332,0.217389095183654,0.125644207929796,0.00219391444599648,0.005,0.0932565933219531,30,0,0,1,4,30,6
G1_P2_case16.mat,6,0.0879011348781453,0.114771205966727,0.121134119482176,0.199981113528032,0.108982240295243,0.00249118579213524,0,0.0879011348781453,30,0,0,1,4,30,6
G1_P2_case16.mat,7,0.0977960624162584,0.112389181963744,0.0305615597919366,0.201497873792961,0.106221915841864,0.00130119001891637,0.0216666666666667,0.0977960624162584,45.2,0,0,1,4,30,6
G1_P2_case16.mat,8,0.082762666258132,0.109628843920771,-0.0400817278512179,0.190969971715823,0.104558062596748,0.00116580988875372,0.00166666666666667,0.082762666258132,32.4,0,0,1,4,30,6
G1_P2_case16.mat,9,0.0889734511695373,0.124615115544286,0.146651955053959,0.204463959393804,0.125205875167693,0.00244316548575076,0.00333333333333333,0.0889734511695373,50,0,0,1,4,30,6
G1_P2_case16.mat,10,0.0935694726558969,0.126920381189446,-0.0328646688066667,0.212980786647095,0.12193188710189,0.00182623949926457,0.00666666666666667,0.0935694726558969,44.4,0,0,1,4,30,6
G1_P2_case16.mat,11,0.0832865914834662,0.110621531945095,-0.0332798193935789,0.19092389264158,0.106334191714492,0.00196437812950638,0.00666666666666667,0.0832865914834662,44.8,0,0,1,4,30,6
G1_P2_case16.mat,12,0.0817652207506687,0.107542323480532,0.000997935353194343,0.189254649774349,0.10314667757091,0.00193536222993591,0.00166666666666667,0.0817652207506687,38,0,0,1,4,30,6
G1_P2_case16.mat,13,0.0923503442958264,0.123956042776602,-0.0237964403925216,0.205576763966408,0.122441790117078,0.00295463968971273,0.00833333333333333,0.0923503442958264,30,0,0,1,4,30,6
G1_P2_case16.mat,14,0.0891756741454382,0.112944303098997,-0.0548322109341383,0.202486333549972,0.108206733838755,0.0050705298448616,0.00833333333333333,0.0891756741454382,30,0,0,1,4,30,6
G1_P2_case16.mat,15,0.0846636616099767,0.111901966345896,0.0745277937041592,0.188942201298681,0.108522023650567,0.0058815492960563,0.0166666666666667,0.0846636616099767,30,0,0,1,4,30,6
G1_P2_case16.mat,16,0.0964648349994866,0.122526021419041,-0.0287348137119069,0.221097592789661,0.113956549143336,0.00757440920362865,0.00833333333333333,0.0964648349994866,30,0,0,1,4,30,6
G1_P2_case16.mat,17,0.0944063297767556,0.123792607889973,-0.00410368901179536,0.21469963898143,0.118771888322583,0.00747114752709332,0.0116666666666667,0.0944063297767556,30,0,0,1,4,30,6
G1_P2_case16.mat,18,0.100523896510249,0.116771418090988,0.051914973215926,0.207256199247636,0.109731150711051,0.00745732823527618,0.0283333333333333,0.100523896510249,30,0,0,1,4,30,6
G1_P2_case16.mat,19,0.098608621206491,0.128624241397475,-0.00662723326683721,0.222168104074763,0.123376737855282,0.00757704834696648,0.0166666666666667,0.098608621206491,30,0,0,1,4,30,6
G1_P3_case11.mat,1,0.15067264192822,0.169395660722115,0.281543651746302,0.294362364711268,0.162053072803397,0.0292984715568315,0.0391666666666667,0.15067264192822,34.8,0,0,0,0,35,3
G1_P3_case11.mat,2,0.134914455204005,0.169626172762498,-0.109775201559795,0.294856633893355,0.164381845493935,0.0236342215763909,0.0216666666666667,0.134914455204005,34.8,0,0,0,0,35,3
G1_P3_case11.mat,3,0.14285363340573,0.179548331865286,0.0738407788518691,0.308897121919885,0.176039897639624,0.0235611486553761,0.0283333333333333,0.14285363340573,34.8,0,0,0,0,35,3
G1_P3_case11.mat,4,0.138315301116883,0.180469720837504,0.0683185860530817,0.30802904792601,0.175611452650616,0.0261656043145882,0.0216666666666667,0.138315301116883,34.8,0,0,0,0,35,3
G1_P3_case11.mat,5,0.135056444833776,0.170485730072644,-0.0396002870010026,0.298316286169597,0.162941815938791,0.0276116067014459,0.02,0.135056444833776,34.8,0,0,0,0,35,3
G1_P3_case11.mat,6,0.139926423580724,0.184568874769546,0.0491772949440943,0.314497319897136,0.179439134911464,0.0287989839686674,0.02,0.139926423580724,34.8,0,0,0,0,35,3
G1_P3_case11.mat,7,0.137030696994475,0.171071274177459,-0.031303205939501,0.305492963800262,0.163909415525573,0.0273289055719885,0.0266666666666667,0.137030696994475,34.8,0,0,0,0,35,3
G1_P3_case11.mat,8,0.13895037344389,0.176751239870733,0.0520185230013731,0.310557560811516,0.16695340411809,0.0265386408469057,0.0166666666666667,0.13895037344389,34.8,0,0,0,0,35,3
G1_P3_case11.mat,9,0.139910976891363,0.18172462241871,0.0458561012210078,0.30961880326248,0.175707980483504,0.0253828811022528,0.03,0.139910976891363,34.8,0,0,0,0,35,3
G1_P3_case11.mat,10,0.148310477904239,0.191077819507834,0.0275636683260671,0.327992939200742,0.187521915731066,0.0265399171431931,0.0233333333333333,0.148310477904239,34.8,0,0,0,0,35,3
G1_P3_case11.mat,11,0.14020204894565,0.181892171144436,0.0390862093632895,0.31651605883016,0.174430399996066,0.0246766224015238,0.0166666666666667,0.14020204894565,34.8,0,0,0,0,35,3
G1_P3_case11.mat,12,0.140263660474423,0.178159745581231,-0.0444455482580476,0.313432227410271,0.170470325386591,0.0267003739561347,0.0183333333333333,0.140263660474423,34.8,0,0,0,0,35,3
G1_P3_case11.mat,13,0.14354658722776,0.185307302013797,-0.016137161992144,0.31716970653804,0.182231937748127,0.0275300325087283,0.0266666666666667,0.14354658722776,34.8,0,0,0,0,35,3
G1_P3_case11.mat,14,0.19274820994669,0.176786987850445,0.0385481521918143,0.308134825910607,0.1716213831164,0.0313001875378082,0.0558333333333333,0.19274820994669,34.8,0,0,0,0,35,3
G1_P3_case11.mat,15,0.170849012592663,0.189171375157463,0.0982280420291715,0.331778430370205,0.181359544927156,0.0353134851046077,0.0391666666666667,0.170849012592663,34.8,0,0,0,0,35,3
G1_P3_case11.mat,16,0.146137708005247,0.184071265161308,0.0097514706302579,0.323071041647634,0.172709968322987,0.0306392967780521,0.0191666666666667,0.146137708005247,34.8,0,0,0,0,35,3
G1_P3_case11.mat,17,0.145140039112393,0.184528643554134,0.0350389496461062,0.318671014393712,0.179877506117352,0.0324948767611017,0.0283333333333333,0.145140039112393,34.8,0,0,0,0,35,3
G1_P3_case11.mat,18,0.18175237264504,0.179455451300154,-0.0138956358764949,0.312267103345151,0.171021405918846,0.0290493909714097,0.0483333333333333,0.18175237264504,34.8,0,0,0,0,35,3
G1_P3_case11.mat,19,0.145536739455687,0.179420202536023,-0.0711209632526018,0.312098966245756,0.174285762656136,0.0295707881048233,0.035,0.145536739455687,34.8,0,0,0,0,35,3
G1_P3_case11.mat,20,0.161615905452812,0.197761297375615,-0.20802349095622,0.33957630911603,0.191725141145456,0.0301254711089039,0.0283333333333333,0.161615905452812,34.8,0,0,0,0,35,3
G1_P3_case15.mat,1,0.075276191748751,0.0134522585113893,0.172401550334837,0.0269801777713324,0.0124259415038076,0.0119239508648221,0.0958333333333333,0.075276191748751,30,4,4,0,0,30,6
G1_P3_case15.mat,2,0.0483115587809239,0.0202076917219462,-0.115302446320794,0.0350929863838589,0.0199777245737071,0.00947365318044684,0.0891666666666667,0.0483115587809239,30,4,4,0,0,30,6
G1_P3_case15.mat,3,0.0453918514112712,0.0260068599352843,0.0185515651391396,0.0453253233555832,0.0283057663546811,0.0100400622173712,0.0783333333333333,0.0453918514112712,30,4,4,0,0,30,6
G1_P3_case15.mat,4,0.0447716077644181,0.0124923163187692,0.234697522056216,0.0253300951952906,0.0103058300608484,0.0102514369015824,0.0916666666666667,0.0447716077644181,30,4,4,0,0,30,6
G1_P3_case15.mat,5,0.0395681713248314,0.00564738354045563,0.106954663897022,0.0136372839016081,0.00214331466538598,0.00701495591444031,0.0791666666666667,0.0395681713248314,30,4,4,0,0,30,6
G1_P3_case15.mat,6,0.042573363921381,0.0223078534384096,0.424395538988209,0.0390809600694591,0.0173523530680496,0.00396015486732862,0.0483333333333333,0.042573363921381,30,4,4,0,0,30,6
G1_P3_case15.mat,7,0.098868463689157,0.00835152865194086,-0.138267520101153,0.0142872848388433,0.00871469815316568,0.00466514995034193,0.0691666666666667,0.098868463689157,30,4,4,0,0,30,6
G1_P3_case15.mat,8,0.0336657258625569,0.0106513457886307,-0.0709474626217704,0.019459640864901,0.0103929973391543,0.00194282535331767,0.0508333333333333,0.0336657258625569,30,4,4,0,0,30,6
G1_P3_case15.mat,9,0.0401537051073127,0.0121504724705558,-0.0286150961081473,0.0227040054937893,0.00958019132092608,0.00139523698302287,0.0566666666666667,0.0401537051073127,30,4,4,0,0,30,6
G1_P3_case15.mat,10,0.0740317913676714,0.018511363008087,0.0467356505928999,0.0344214168876515,0.0155710872998407,0.00144356044503925,0.0616666666666667,0.0740317913676714,31.2,4,4,0,0,30,6
G1_P3_case15.mat,11,0.0372335726484752,0.0187032841728624,0.189486201407743,0.0295952981011286,0.0168458554505227,0.00173001151719513,0.0516666666666667,0.0372335726484752,30,4,4,0,0,30,6
G1_P3_case15.mat,12,0.0357759250560581,0.00981550975799801,-0.173413534804422,0.0185074219292069,0.011527059180473,0.00116592709699657,0.0533333333333333,0.0357759250560581,33.6,4,4,0,0,30,6
G1_P3_case15.mat,13,0.0407944580909588,0.00313819364250551,-0.0646760841917053,0.00855683992925581,0.0018361772160306,0.00449753699783465,0.05,0.0407944580909588,30,4,4,0,0,30,6
G1_P3_case15.mat,14,0.0812378777416371,0.0103750771913294,0.292315998866138,0.0239929231011707,0.00745104674748454,0.00772971650369083,0.0775,0.0812378777416371,30,4,4,0,0,30,6
G1_P3_case15.mat,15,0.0956167650371078,0.00570247948173681,0.040779531445021,0.00892103837291582,0.00757913163730774,0.0103529976841829,0.085,0.0956167650371078,30,4,4,0,0,30,6
G1_P3_case15.mat,16,0.0500163996784156,0.00733827967445014,-0.0404440548714248,0.0168983747074655,0.00587120981221903,0.0141115758766294,0.0966666666666667,0.0500163996784156,30,4,4,0,0,30,6
G1_P3_case15.mat,17,0.0490195386771462,0.0110588935260335,0.268923556169759,0.0242800817404383,0.010788572922335,0.0136820811368029,0.0866666666666667,0.0490195386771462,30,4,4,0,0,30,6
G1_P3_case15.mat,18,0.092367013545308,0.00304580320186804,-0.0218398679226991,0.00652407711876644,0.00259592636018258,0.0137577069855824,0.0866666666666667,0.092367013545308,30,4,4,0,0,30,6
G1_P3_case16.mat,1,0.0747652528764394,0.045555853658458,0.243297594120558,0.0702699368735379,0.0486257108227967,0.0113640276419268,0.0791666666666667,0.0747652528764394,30,0,0,1,4,30,6
G1_P3_case16.mat,2,0.0413819004479428,0.030644711942833,-0.00621007747351368,0.056637779913288,0.0288873279956912,0.00729121536800482,0.0633333333333333,0.0413819004479428,30,0,0,1,4,30,6
G1_P3_case16.mat,3,0.0458978750687672,0.0315784994478998,0.280259836630054,0.0520290633343733,0.0306525489800251,0.00888401130334636,0.0858333333333333,0.0458978750687672,30,0,0,1,4,30,6
G1_P3_case16.mat,4,0.0423911685689829,0.0272732716618206,0.0699936058401081,0.0488239413690147,0.0262143535921163,0.007449261522402,0.0675,0.0423911685689829,30,0,0,1,4,30,6
G1_P3_case16.mat,5,0.0377580165148746,0.0269436280706735,-0.225646168952583,0.0489928235761776,0.0261729077917337,0.00266970846166736,0.0566666666666667,0.0377580165148746,30,0,0,1,4,30,6
G1_P3_case16.mat,6,0.0375984613794848,0.0386165394131198,-0.223834889080358,0.0621200691622118,0.0395456935236156,0.00573759349895875,0.0508333333333333,0.0375984613794848,30,0,0,1,4,30,6
G1_P3_case16.mat,7,0.074295605834049,0.0392823826938728,-0.0316313327130239,0.064766817308584,0.0381563519327568,0.00523277344846366,0.0666666666666667,0.074295605834049,30,0,0,1,4,30,6
G1_P3_case16.mat,8,0.047234841511357,0.0404995592737097,-0.132214256887132,0.0678791622478209,0.040036697085474,0.00261925705949876,0.0466666666666667,0.047234841511357,30,0,0,1,4,30,6
G1_P3_case16.mat,9,0.0364643384471257,0.0367570402043477,-0.147894950045303,0.0591850172842491,0.0366962224274022,0.00111659933128835,0.0391666666666667,0.0364643384471257,30,0,0,1,4,30,6
G1_P3_case16.mat,10,0.0446894341140734,0.0374416071442959,-0.0161436746986966,0.0642351294086339,0.0377666009581063,0.000630376025908254,0.04,0.0446894341140734,31.6,0,0,1,4,30,6
G1_P3_case16.mat,11,0.0374702558442935,0.0304576197613828,0.165525888885481,0.0572653822904074,0.0265299355083209,0.000793083272590192,0.0458333333333333,0.0374702558442935,30.4,0,0,1,4,30,6
G1_P3_case16.mat,12,0.034998049874266,0.033292042052873,0.0609564961814298,0.0534902524986354,0.0323237154790931,0.00212657543444235,0.0408333333333333,0.034998049874266,30,0,0,1,4,30,6
G1_P3_case16.mat,13,0.0466443970560693,0.0419901970249471,-0.205918112816643,0.0728713815913568,0.0405512502947006,0.00583014212224686,0.0533333333333333,0.0466443970560693,30,0,0,1,4,30,6
G1_P3_case16.mat,14,0.0505434420212402,0.0399528672719698,0.039986100208845,0.0692153093950619,0.0384036646052432,0.00849019352685682,0.0691666666666667,0.0505434420212402,30,0,0,1,4,30,6
G1_P3_case16.mat,15,0.0474428281328613,0.0333402887493189,-0.0503537156559983,0.0559599472297091,0.0318370177939229,0.00986165385701074,0.0758333333333333,0.0474428281328613,30,0,0,1,4,30,6
G1_P3_case16.mat,16,0.0504767137014105,0.0398925146928485,-0.0299491988298216,0.066686078680854,0.0382410213119246,0.0129421981741235,0.08,0.0504767137014105,30,0,0,1,4,30,6
G1_P3_case16.mat,17,0.04407338427559,0.0313635074170705,0.0344040569071116,0.0551401696616779,0.0303744182280322,0.0131285223859439,0.0875,0.04407338427559,30,0,0,1,4,30,6
G1_P3_case16.mat,18,0.0797284242617279,0.0318937209956478,0.230416043447926,0.0554553001882344,0.0302951612082431,0.0131650891945603,0.0791666666666667,0.0797284242617279,30,0,0,1,4,30,6
G1_P3_case16.mat,19,0.051700743656115,0.042134240516592,-0.0160191643932223,0.0746725086872651,0.040227266256384,0.013180927108435,0.0758333333333333,0.051700743656115,30,0,0,1,4,30,6
G1_P4_case11.mat,1,0.204965845872741,0.166597257004356,0.140698130981452,0.278946002669291,0.171567110896641,0.0175637788443262,0.0591666666666667,0.204965845872741,35.2,0,0,0,0,35,3
G1_P4_case11.mat,2,0.187744910157855,0.062580916600021,0.164235756713534,0.120673105981713,0.0558137857539046,0.0182254509940551,0.0558333333333333,0.187744910157855,35.2,0,0,0,0,35,3
G1_P4_case11.mat,3,0.159570461687549,0.096102026462952,0.207180524479301,0.168087933783742,0.102604781068816,0.0165787579239158,0.0533333333333333,0.159570461687549,35.2,0,0,0,0,35,3
G1_P4_case11.mat,4,0.156091729248223,0.0655739521195225,0.197991025045212,0.110377017224804,0.0650957732143057,0.0149178629131652,0.0783333333333333,0.156091729248223,35.2,0,0,0,0,35,3
G1_P4_case11.mat,5,0.159072022303236,0.0636106949682549,-0.0659483812694732,0.100520610917248,0.0692503717380002,0.0160437510846283,0.065,0.159072022303236,35.2,0,0,0,0,35,3
G1_P4_case11.mat,6,0.158303757167128,0.0389797519042821,0.131845563872521,0.0727989609441797,0.0476480937553263,0.0135496031800746,0.0466666666666667,0.158303757167128,35.2,0,0,0,0,35,3
G1_P4_case11.mat,7,0.159047905423219,0.0529899903465701,-0.000144871725794534,0.09408141729525,0.0543337341210101,0.0133497939424924,0.0575,0.159047905423219,35.2,0,0,0,0,35,3
G1_P4_case11.mat,8,0.168985300210743,0.073952997832695,0.00687861225518288,0.130016106149099,0.0725704577676253,0.0136967757880329,0.0516666666666667,0.168985300210743,35.2,0,0,0,0,35,3
G1_P4_case11.mat,9,0.164290134449194,0.0612657484025568,0.00909159127658935,0.11042710768332,0.0601311071432105,0.0179748330455302,0.0666666666666667,0.164290134449194,35.2,0,0,0,0,35,3
G1_P4_case11.mat,10,0.18041971895505,0.0660941607884426,-0.183309824881615,0.121780814421626,0.0637829425038451,0.0187276111574419,0.0575,0.18041971895505,35.2,0,0,0,0,35,3
G1_P4_case11.mat,11,0.163206335044097,0.0625552916824292,0.077141304324941,0.124684479058961,0.058906831528742,0.0188708654470668,0.0625,0.163206335044097,35.2,0,0,0,0,35,3
G1_P4_case11.mat,12,0.151636353582159,0.0397647328599657,0.0718875619921295,0.0784249933602843,0.0337932884015055,0.0168871543359244,0.0675,0.151636353582159,35.2,0,0,0,0,35,3
G1_P4_case11.mat,13,0.167373550686933,0.0611873354203093,-0.0407093627211801,0.107156649665093,0.0727101583739219,0.0143075293736024,0.0516666666666667,0.167373550686933,35.2,0,0,0,0,35,3
G1_P4_case11.mat,14,0.245205144954007,0.00993961045665594,0.0124133316809357,0.0243055014488729,0.00328041165497284,0.0167888499686048,0.0641666666666667,0.245205144954007,35.2,0,0,0,0,35,3
G1_P4_case11.mat,15,0.182656604444835,0.022386425280214,0.0743059087416167,0.05334764195503,0.0202123321771024,0.0167170464907811,0.05,0.182656604444835,35.2,0,0,0,0,35,3
G1_P4_case11.mat,16,0.147065998197663,0.0198051143238122,0.14993293296745,0.0434387825699557,0.0209205599742082,0.0164735654051637,0.0583333333333333,0.147065998197663,35.2,0,0,0,0,35,3
G1_P4_case11.mat,17,0.168347981212692,0.049283526882937,-0.11271708266692,0.0986920596363572,0.0391722121833757,0.0163673676959238,0.0466666666666667,0.168347981212692,35.2,0,0,0,0,35,3
G1_P4_case11.mat,18,0.233703319085267,0.0550623688168066,0.0750985356003102,0.104269100218244,0.0522167025095606,0.0156188701449711,0.0716666666666667,0.233703319085267,35.2,0,0,0,0,35,3
G1_P4_case11.mat,19,0.171334412599078,0.0833449211045769,0.0690813518359356,0.132828933945823,0.0848760161889095,0.0147524163047395,0.0508333333333333,0.171334412599078,35.2,0,0,0,0,35,3
G1_P4_case15.mat,1,0.151424454001079,0.132498803122443,0.2623789713288,0.236728615811117,0.123596755478588,0.0375159595556597,0.0891666666666667,0.151424454001079,29.6,4,4,0,0,30,6
G1_P4_case15.mat,2,0.118247836458583,0.124443182639696,0.35385352071215,0.20832384053069,0.125109086951022,0.0281042105942822,0.0783333333333333,0.118247836458583,29.6,4,4,0,0,30,6
G1_P4_case15.mat,3,0.122067881409036,0.109101219496237,0.175761929456079,0.191741544992762,0.105447084705952,0.0282756421641843,0.095,0.122067881409036,29.6,4,4,0,0,30,6
G1_P4_case15.mat,4,0.111443264340432,0.0955383720021265,-0.149600847988254,0.16514497905985,0.0933925414809861,0.0295565022967894,0.0975,0.111443264340432,29.6,4,4,0,0,30,6
G1_P4_case15.mat,5,0.122538167632712,0.0899842058111937,-0.259704160235511,0.144297558924583,0.0892158165204057,0.0287093159095837,0.0925,0.122538167632712,31.2,4,4,0,0,30,6
G1_P4_case15.mat,6,0.0854774803189357,0.053180028139619,-0.319634534014745,0.0880620485535557,0.0532195579605687,0.0203592357156505,0.103333333333333,0.0854774803189357,31.2,4,4,0,0,30,6
G1_P4_case15.mat,7,0.138003630788297,0.0848391687284206,-0.163405336286321,0.143442611976717,0.080157950957668,0.0376229089891397,0.1,0.138003630788297,31.2,4,4,0,0,30,6
G1_P4_case15.mat,8,0.122165288283824,0.0501861247845772,0.138788141470831,0.0957389123885522,0.0478175660009834,0.0350338058074646,0.105,0.122165288283824,31.2,4,4,0,0,30,6
G1_P4_case15.mat,9,0.16107687105817,0.044035631205474,0.00816979958871267,0.0815413701185358,0.0425744569473562,0.0174445700094932,0.0933333333333333,0.16107687105817,31.2,4,4,0,0,30,6
G1_P4_case15.mat,10,0.084633075250103,0.0657334812840368,0.169413715215689,0.118180513329999,0.0626298153984804,0.0138096417573128,0.0833333333333333,0.084633075250103,31.2,4,4,0,0,30,6
G1_P4_case15.mat,11,0.171307008516689,0.0933529893401201,-0.0164288820717251,0.170847988556812,0.0899174248957013,0.0334590498431828,0.0966666666666667,0.171307008516689,31.2,4,4,0,0,30,6
G1_P4_case15.mat,12,0.154798327375164,0.117730604242475,-0.143646040677233,0.208112727700671,0.112800253486129,0.0304999922570334,0.0716666666666667,0.154798327375164,31.2,4,4,0,0,30,6
G1_P4_case15.mat,13,0.10616806124962,0.10836099044489,0.014802988364998,0.185874571857597,0.106791821948175,0.0247212783370973,0.0708333333333333,0.10616806124962,31.2,4,4,0,0,30,6
G1_P4_case15.mat,14,0.142279891022966,0.0955843487189574,-0.0497747429126693,0.151751553467803,0.102410451953392,0.0285386096921753,0.0958333333333333,0.142279891022966,29.6,4,4,0,0,30,6
G1_P4_case15.mat,15,0.164861064366473,0.0940811079467537,-0.0455441964965656,0.158234359810096,0.098316840643995,0.0254565746567699,0.0933333333333333,0.164861064366473,29.6,4,4,0,0,30,6
G1_P4_case15.mat,16,0.12460440846594,0.0722693578080727,-0.074336078320285,0.119185081237377,0.074405960044342,0.0419077877394424,0.116666666666667,0.12460440846594,29.6,4,4,0,0,30,6
G1_P4_case15.mat,17,0.16710925438393,0.0658919745815651,-0.151725711554222,0.124715146447344,0.0622518546550487,0.0481212982332092,0.12,0.16710925438393,29.6,4,4,0,0,30,6
G1_P4_case15.mat,18,0.197010821767469,0.0961563898465538,-0.0961919686060806,0.175020126255274,0.0913276320937842,0.0625990708059005,0.1175,0.197010821767469,29.6,4,4,0,0,30,6
G1_P4_case15.mat,19,0.12313525942103,0.086340379357505,-0.0457232873974676,0.147200131726512,0.0855744048556811,0.0334855961003357,0.103333333333333,0.12313525942103,29.6,4,4,0,0,30,6
G1_P4_case16.mat,1,0.135992325961702,0.166246237425183,0.101057283199123,0.294203388436766,0.157529580616299,0.0146074161176812,0.01,0.135992325961702,29.6,0,0,1,4,30,6
G1_P4_case16.mat,2,0.116283218466133,0.155057078811253,0.0417949376445487,0.259167950042686,0.153613300970729,0.0127725072582838,0.02,0.116283218466133,29.6,0,0,1,4,30,6
G1_P4_case16.mat,3,0.109635880411974,0.129678311113708,0.0301319004469354,0.22842015314521,0.125535070079057,0.0155887923835157,0.0366666666666667,0.109635880411974,29.6,0,0,1,4,30,6
G1_P4_case16.mat,4,0.109447921356823,0.140498281977474,-0.0707193764335845,0.243064897342083,0.135660141667935,0.0120956973674522,0.0183333333333333,0.109447921356823,29.6,0,0,1,4,30,6
G1_P4_case16.mat,5,0.120423239049752,0.145965183062221,0.0648011519589114,0.249597814489039,0.143264816383055,0.0193689013504196,0.0466666666666667,0.120423239049752,31.2,0,0,1,4,30,6
G1_P4_case16.mat,6,0.119539698412363,0.137100957946724,-0.239038591548231,0.242177337496454,0.130297264242879,0.0127758508424421,0.0358333333333333,0.119539698412363,29.6,0,0,1,4,30,6
G1_P4_case16.mat,7,0.119465474089623,0.138181209370825,0.034381929240611,0.239773722417149,0.133485466116881,0.0156940640647187,0.0441666666666667,0.119465474089623,31.2,0,0,1,4,30,6
G1_P4_case16.mat,8,0.155626745813285,0.144457660685605,0.00373596543715507,0.246599256059875,0.139643114303784,0.0158271764989235,0.0375,0.155626745813285,31.2,0,0,1,4,30,6
G1_P4_case16.mat,9,0.171136376940652,0.11829136092115,-0.00793429916868325,0.198284306629421,0.120085508101537,0.00622083835483153,0.0608333333333333,0.171136376940652,32.4,0,0,1,4,30,6
G1_P4_case16.mat,10,0.100545668951067,0.127009747410924,-0.123607472481268,0.219749350586891,0.122433791080052,0.00828396786305332,0.0183333333333333,0.100545668951067,31.2,0,0,1,4,30,6
G1_P4_case16.mat,11,0.191421247186685,0.122696295172199,-0.00641400024427914,0.219012814570635,0.118908164305017,0.0165363709644462,0.0425,0.191421247186685,31.2,0,0,1,4,30,6
G1_P4_case16.mat,12,0.113388878309371,0.138726220391878,0.26718464470789,0.239051144873938,0.13385113731732,0.0103476581849768,0.0175,0.113388878309371,31.2,0,0,1,4,30,6
G1_P4_case16.mat,13,0.111708546989861,0.140898633683148,-0.0457509188269685,0.247400474315877,0.135435573901267,0.0146836089574475,0.015,0.111708546989861,29.6,0,0,1,4,30,6
G1_P4_case16.mat,14,0.124636380024906,0.147602263604767,-0.0332668348642313,0.251671901088695,0.143417560237314,0.0202480645736458,0.0533333333333333,0.124636380024906,29.6,0,0,1,4,30,6
G1_P4_case16.mat,15,0.121954249070022,0.132774795820073,0.0491029967211558,0.232359788084277,0.127038660297012,0.0173043636159231,0.065,0.121954249070022,29.6,0,0,1,4,30,6
G1_P4_case16.mat,16,0.113294970657462,0.129811934216657,-0.286890462352298,0.227439064362725,0.124892585162927,0.0246726630691173,0.0783333333333333,0.113294970657462,29.6,0,0,1,4,30,6
G1_P4_case16.mat,17,0.14575854699738,0.131624768177146,-0.292393637743441,0.237135237941953,0.128790733429548,0.0224405119945321,0.0883333333333333,0.14575854699738,30,0,0,1,4,30,6
G1_P4_case16.mat,18,0.159249378516338,0.131552876541459,-0.224019693176359,0.228682255033572,0.125440502398198,0.0253651129117796,0.0875,0.159249378516338,29.2,0,0,1,4,30,6
G1_P4_case16.mat,19,0.120500562404938,0.118692657065525,0.0756577042139361,0.207987749991488,0.115129035023707,0.0272384743403906,0.0791666666666667,0.120500562404938,29.6,0,0,1,4,30,6
G2_P1_case21.mat,1,0.106012705539929,0.0253092036991654,0.1240449479782,0.042541211988125,0.0246570057177042,0.0406058600449913,0.164166666666667,0.106012705539929,40,0,0,0,0,40,5
G2_P1_case21.mat,2,0.0803791819645108,0.029547110957777,-0.127188233274772,0.0525291259712076,0.0281633560993151,0.0352589724552511,0.165833333333333,0.0803791819645108,40,0,0,0,0,40,5
G2_P1_case21.mat,3,0.113482971227467,0.0226997301276687,-0.205819766520381,0.0394874611597032,0.0217612391238004,0.0590253354943962,0.165833333333333,0.113482971227467,40,0,0,0,0,40,5
G2_P1_case21.mat,4,0.0919505194915305,0.0295294619284892,0.181422792658965,0.0519053533591823,0.0287570506709097,0.0477424384978592,0.165833333333333,0.0919505194915305,40,0,0,0,0,40,5
G2_P1_case21.mat,5,0.109719013303534,0.0299064524066761,-0.0366960099438253,0.0506940392106269,0.0297009148399067,0.0543458456801885,0.165833333333333,0.109719013303534,40,0,0,0,0,40,5
G2_P1_case21.mat,6,0.123219922533414,0.027601380573747,0.189669991995908,0.0492015210690919,0.0255219100394485,0.0644544291855781,0.165833333333333,0.123219922533414,40,0,0,0,0,40,5
G2_P1_case21.mat,7,0.12522817181661,0.0255941495578501,-0.0538900055197697,0.0476717217591122,0.0236483797524523,0.0655129035580656,0.165833333333333,0.12522817181661,40,0,0,0,0,40,5
G2_P1_case21.mat,8,0.114032711683832,0.0273391605426839,-0.0851436699097236,0.0471806859243215,0.026013563303597,0.0586476855416538,0.165833333333333,0.114032711683832,40,0,0,0,0,40,5
G2_P1_case21.mat,9,0.111006101569364,0.0307808538615466,0.0308475005537007,0.0515774075540154,0.0302680272462542,0.0546426238889453,0.165833333333333,0.111006101569364,40,0,0,0,0,40,5
G2_P1_case21.mat,10,0.112783297089197,0.0256494971668069,0.000114868714309071,0.0456612990859317,0.0241313781674407,0.0583341302799296,0.166666666666667,0.112783297089197,40,0,0,0,0,40,5
G2_P1_case21.mat,11,0.119360262064932,0.0267953580562948,-0.127313869977156,0.0480342020779666,0.0256574180771005,0.0641906852309474,0.165833333333333,0.119360262064932,40,0,0,0,0,40,5
G2_P1_case21.mat,12,0.110350640232677,0.0241786486328197,0.0314720088611601,0.042094690380113,0.0239474964242015,0.0566545925883992,0.166666666666667,0.110350640232677,40,0,0,0,0,40,5
G2_P1_case21.mat,13,0.114944380644556,0.0289737772930577,-0.0527208817246462,0.0457401590601532,0.029643491741025,0.0593113240627252,0.165833333333333,0.114944380644556,40,0,0,0,0,40,5
G2_P1_case21.mat,14,0.115673789704541,0.0354247069250332,0.136294936349121,0.0621728289055496,0.0324615053097634,0.0586762467421544,0.165833333333333,0.115673789704541,40,0,0,0,0,40,5
G2_P1_case21.mat,15,0.115829391180928,0.0303784365521605,0.0264859657306366,0.0552374483761618,0.0273922773871347,0.0575293405199815,0.166666666666667,0.115829391180928,40,0,0,0,0,40,5
G2_P1_case21.mat,16,0.0949004603845865,0.0221915048865047,-0.0165399232674165,0.0386826954717753,0.0207415808362864,0.0500152129869967,0.165833333333333,0.0949004603845865,40,0,0,0,0,40,5
G2_P1_case21.mat,17,0.0951240332578966,0.019430705892468,0.22640547226503,0.0352989467961211,0.0182817360361821,0.049112629841616,0.165833333333333,0.0951240332578966,40,0,0,0,0,40,5
G2_P1_case21.mat,18,0.0976331476089926,0.0272578098496411,-0.0576991517912703,0.0462337471137508,0.0265766720552795,0.0489749109456144,0.166666666666667,0.0976331476089926,40,0,0,0,0,40,5
G2_P1_case21.mat,19,0.0914839806052583,0.0277017114507953,-0.0536924656590127,0.0478740677196349,0.0263382167773849,0.0446197853313604,0.165833333333333,0.0914839806052583,40,0,0,0,0,40,5
G2_P1_case25.mat,1,0.226291209647796,0.0212245083314498,0.0475834198061529,0.0288324639739302,0.0272633602640472,0.0971141566321176,0.1475,0.226291209647796,34.8,4,5,0,0,35,6
G2_P1_case25.mat,2,0.225557894350469,0.0112984025136727,0.172944233921732,0.0176535293087126,0.0126737675925966,0.0866678846804679,0.15,0.225557894350469,35.2,4,5,0,0,35,6
G2_P1_case25.mat,3,0.210072190238217,0.0132538906883195,0.0815524394620549,0.0240995814454973,0.0113174955092732,0.0868247760365747,0.145,0.210072190238217,34.8,4,5,0,0,35,6
G2_P1_case25.mat,4,0.231401194858996,0.00806983203554281,0.0170683506157031,0.0200808647200329,0.00676278955478144,0.0906075599118871,0.150833333333333,0.231401194858996,34.8,4,5,0,0,35,6
G2_P1_case25.mat,5,0.183871319969003,0.0119399539009048,0.0262906129056286,0.0181544108868522,0.0122286967088543,0.0695663004300297,0.153333333333333,0.183871319969003,35.2,4,5,0,0,35,6
G2_P1_case25.mat,6,0.073648499816063,0.00866535872569653,0.0474534827655188,0.0157324788071096,0.00807498114690437,0.0349885665551041,0.145833333333333,0.073648499816063,35.2,4,5,0,0,35,6
G2_P1_case25.mat,7,0.046838231026323,0.00776599848429781,0.0185260002274527,0.015320593770018,0.00746538167962791,0.019663667999874,0.1425,0.046838231026323,34.8,4,5,0,0,35,6
G2_P1_case25.mat,8,0.102212942447629,0.00942267756891106,-0.143897554764511,0.0158535788512623,0.0102822308153221,0.00449375311411923,0.136666666666667,0.102212942447629,41.6,4,5,0,0,35,6
G2_P1_case25.mat,9,0.035380504140719,0.007755528978878,-0.20880757831877,0.0149126500807407,0.00690185193189295,0.00932782372532977,0.135833333333333,0.035380504140719,35.2,4,5,0,0,35,6
G2_P1_case25.mat,10,0.127311510448859,0.00643301145173704,-0.01307558887677,0.0115001681115969,0.00638245736482883,0.0357406549690208,0.130833333333333,0.127311510448859,34.8,4,5,0,0,35,6
G2_P1_case25.mat,11,0.0207354657081146,0.00711741387533045,0.0261828547418166,0.0130263091922154,0.00631672666297231,0.00554922775328875,0.153333333333333,0.0207354657081146,34.8,4,5,0,0,35,6
G2_P1_case25.mat,12,0.0255412592207171,0.0082162252844873,-0.0133456003961498,0.0137345192199287,0.00823858053139206,0.0105679161085761,0.149166666666667,0.0255412592207171,34.8,4,5,0,0,35,6
G2_P1_case25.mat,13,0.0533848421238863,0.00845919834473033,-0.0316662147314791,0.0149989448746779,0.00813243739346519,0.0237792921303027,0.146666666666667,0.0533848421238863,34.8,4,5,0,0,35,6
G2_P1_case25.mat,14,0.0691165860716105,0.008113661038995,-0.036090761751962,0.0139430495348119,0.00807403489650041,0.0392194239730325,0.15,0.0691165860716105,34.8,4,5,0,0,35,6
G2_P1_case25.mat,15,0.206263714836717,0.00860782080882719,0.0216968313984007,0.0236551746116876,0.00740136746200583,0.075748705369248,0.151666666666667,0.206263714836717,34.8,4,5,0,0,35,6
G2_P1_case25.mat,16,0.246166250271351,0.0195748243564878,0.248617293650682,0.042313981079604,0.0130329620732149,0.0805753881862755,0.179166666666667,0.246166250271351,34.8,4,5,0,0,35,6
G2_P1_case25.mat,17,0.251013293141938,0.019858251038817,-0.126744839081318,0.0377062554349258,0.0211898450114948,0.0796985527651047,0.169166666666667,0.251013293141938,35.2,4,5,0,0,35,6
G2_P1_case25.mat,18,0.255509620344483,0.00985449765501846,0.000916362776940553,0.0215692967086526,0.00737904253210766,0.0867158700779082,0.158333333333333,0.255509620344483,34.8,4,5,0,0,35,6
G2_P1_case26.mat,1,0.335403840387283,0.173193999670102,0.157874061623963,0.312378776525666,0.153493952447416,0.121963692846887,0.148333333333333,0.335403840387283,34.8,0,0,1,5,35,6
G2_P1_case26.mat,2,0.295910307379044,0.179990319302441,-0.0565374075369579,0.312950201517056,0.173545167338637,0.111033744717847,0.134166666666667,0.295910307379044,35.2,0,0,1,5,35,6
G2_P1_case26.mat,3,0.281201637006462,0.177532323473074,0.15402229759977,0.305876586493881,0.172925693251212,0.108197879083431,0.1375,0.281201637006462,34.8,0,0,1,5,35,6
G2_P1_case26.mat,4,0.312506600551504,0.174253544563989,-0.278850938834155,0.30012696647239,0.168201575629579,0.111725238748733,0.145,0.312506600551504,35.2,0,0,1,5,35,6
G2_P1_case26.mat,5,0.225178467487133,0.149677751322869,-0.174480840141311,0.273822876366462,0.132362597291833,0.0514678363654158,0.07,0.225178467487133,35.2,0,0,1,5,35,6
G2_P1_case26.mat,6,0.138066020575747,0.177016863051582,0.0962977672402122,0.306474140296449,0.171201319893954,0.0295742372704426,0.01,0.138066020575747,35.2,0,0,1,5,35,6
G2_P1_case26.mat,7,0.14191730637818,0.177204189659746,0.0119957097843634,0.306221680934143,0.171420447179592,0.0176953877959714,0.0166666666666667,0.14191730637818,35.2,0,0,1,5,35,6
G2_P1_case26.mat,8,0.127924038495993,0.178032905155787,-0.248405331697763,0.307127319761192,0.172539500841743,0.0104937962721551,0.00166666666666667,0.127924038495993,35.2,0,0,1,5,35,6
G2_P1_case26.mat,9,0.136505021304289,0.176525562987067,0.0429723116420499,0.306817323047048,0.171015010360886,0.0275650012610674,0.0183333333333333,0.136505021304289,35.2,0,0,1,5,35,6
G2_P1_case26.mat,10,0.139063758616932,0.178468934542108,0.0118286810215597,0.309005365073094,0.172777897697297,0.0187201366322097,0.01,0.139063758616932,34.8,0,0,1,5,35,6
G2_P1_case26.mat,11,0.12618830165576,0.176981840408114,-0.0325041102041843,0.306116903183021,0.171122049459297,0.0119850049377841,0,0.12618830165576,34.8,0,0,1,5,35,6
G2_P1_case26.mat,12,0.125404628019237,0.177209270737565,-0.0206705356307832,0.305456586203081,0.171845464230358,0.00884230415962485,0,0.125404628019237,34.8,0,0,1,5,35,6
G2_P1_case26.mat,13,0.137925322098606,0.176879305809607,-0.0119646207465815,0.306586231229217,0.171103623986413,0.0296618243565548,0.01,0.137925322098606,34.8,0,0,1,5,35,6
G2_P1_case26.mat,14,0.13528602003487,0.176587286886696,0.000163449906450445,0.30558057851846,0.171216284894698,0.0317787997757247,0.0116666666666667,0.13528602003487,34.8,0,0,1,5,35,6
G2_P1_case26.mat,15,0.238188199287219,0.183292886507698,0.298537350871177,0.3183571614375,0.17607824843678,0.0699725969371241,0.106666666666667,0.238188199287219,34.8,0,0,1,5,35,6
G2_P1_case26.mat,16,0.247487692446888,0.170872913176523,-0.0576664347894453,0.300818712040279,0.161022430683663,0.0736239613585237,0.115,0.247487692446888,34.8,0,0,1,5,35,6
G2_P1_case26.mat,17,0.247184870534304,0.175516669742531,0.244572586436698,0.301424334776076,0.16930124710669,0.0729331262558514,0.111666666666667,0.247184870534304,35.2,0,0,1,5,35,6
G2_P1_case26.mat,18,0.254314427481189,0.181931071550515,-0.0179771751479471,0.308977761602544,0.178311251682728,0.0770770895473059,0.123333333333333,0.254314427481189,35.2,0,0,1,5,35,6
G2_P2_case21.mat,1,0.555048577457077,0.0124017735661756,-0.00175864807581314,0.0249741374352806,0.0107998277584139,0.285274459216111,0.1675,0.555048577457077,40.4,0,0,0,0,40,5
G2_P2_case21.mat,2,0.618071920318114,0.0149993864172891,0.00203512305455818,0.0269841082248079,0.0160331168364994,0.368974717875127,0.168333333333333,0.618071920318114,40.4,0,0,0,0,40,5
G2_P2_case21.mat,3,0.63992243726651,0.00931024011003337,-0.00457727558822319,0.0196285528090954,0.00768285902778331,0.330302666704039,0.1675,0.63992243726651,40.4,0,0,0,0,40,5
G2_P2_case21.mat,4,0.608972892565488,0.0112316568574999,0.000310711143310843,0.0215560970716016,0.0109783138840801,0.37780231987939,0.1675,0.608972892565488,40.4,0,0,0,0,40,5
G2_P2_case21.mat,5,0.548833744725877,0.0122062529895707,-0.00114988315560228,0.0212290063883011,0.0134948950059289,0.323593629166839,0.168333333333333,0.548833744725877,40.4,0,0,0,0,40,5
G2_P2_case21.mat,6,0.521487363395236,0.00687304764237481,-0.00401493397820071,0.0151710206149803,0.00513252291352741,0.29595899014802,0.1675,0.521487363395236,40.4,0,0,0,0,40,5
G2_P2_case21.mat,7,0.522510540544129,0.00783698538723787,-0.00683167159083665,0.0159973483036909,0.00714999992556824,0.295994467236009,0.1675,0.522510540544129,40.4,0,0,0,0,40,5
G2_P2_case21.mat,8,0.526330544309678,0.00973647631276258,0.0021741422373903,0.0180720993617694,0.0104893925585468,0.293494515910845,0.1675,0.526330544309678,40.4,0,0,0,0,40,5
G2_P2_case21.mat,9,0.536190013826233,0.00514238659473219,-0.000624712207091645,0.0115054529794307,0.00315411626298605,0.302341750476197,0.1675,0.536190013826233,40.4,0,0,0,0,40,5
G2_P2_case21.mat,10,0.546938178138839,0.00693760821917056,0.00759619347825559,0.0138809364697155,0.00683295964600947,0.307199154004678,0.1675,0.546938178138839,40.4,0,0,0,0,40,5
G2_P2_case21.mat,11,0.560717049000057,0.00667844702943765,8.20137645077565e-05,0.0136336357333045,0.006536408798346,0.323209751492628,0.1675,0.560717049000057,40.4,0,0,0,0,40,5
G2_P2_case21.mat,12,0.530344376816456,0.00387918471719901,-0.0029114107698688,0.00942036499223234,0.00174845156631326,0.296660158033577,0.168333333333333,0.530344376816456,40.4,0,0,0,0,40,5
G2_P2_case21.mat,13,0.515178132120755,0.00816513986958421,0.00343858940090635,0.0155817000550099,0.00875545323200035,0.29795421666942,0.1675,0.515178132120755,40.4,0,0,0,0,40,5
G2_P2_case21.mat,14,0.516015870825331,0.00637944156832223,0.00170993544174252,0.0130770247529408,0.00627494709378906,0.285109457034179,0.1675,0.516015870825331,40.4,0,0,0,0,40,5
G2_P2_case21.mat,15,0.552102193184765,0.00297944553414996,-0.00535299592593995,0.00693057939724081,0.000952944218904832,0.305866398387363,0.1675,0.552102193184765,40.4,0,0,0,0,40,5
G2_P2_case21.mat,16,0.531197573958499,0.00554707588589175,0.00325371098163977,0.00981738681415955,0.00650439775992781,0.30272260715135,0.1675,0.531197573958499,40.4,0,0,0,0,40,5
G2_P2_case21.mat,17,0.5196948272414,0.00229364758669349,0.00191218016029025,0.00517568514964343,0.000510472297742617,0.292779281971483,0.1675,0.5196948272414,40.4,0,0,0,0,40,5
G2_P2_case21.mat,18,0.520811425722479,0.0028275038073706,-0.00343408851664708,0.0068535893929834,0.00137206282027387,0.300572343766966,0.1675,0.520811425722479,40.4,0,0,0,0,40,5
G2_P2_case21.mat,19,0.528238101272529,0.00608660466230084,0.000549879212843756,0.0116815988602841,0.00681754471568077,0.302264093547945,0.168333333333333,0.528238101272529,40.4,0,0,0,0,40,5
G2_P2_case25.mat,1,0.100245321220437,0.0289753642502093,0.163981130756663,0.0519873178860416,0.0276355192402116,0.0117789733179008,0.0758333333333333,0.100245321220437,34.8,4,5,0,0,35,6
G2_P2_case25.mat,2,0.114164532869094,0.0331331463520598,-0.0790386197727822,0.0642627155405266,0.0294695892399933,0.0135167252201962,0.0733333333333333,0.114164532869094,34.8,4,5,0,0,35,6
G2_P2_case25.mat,3,0.0583195539182419,0.0443878012066977,0.0411175215635739,0.0766730190313209,0.0437244810564054,0.0114272255486108,0.0691666666666667,0.0583195539182419,34.8,4,5,0,0,35,6
G2_P2_case25.mat,4,0.112699828066854,0.0479946893173182,0.0168358166924208,0.0839062235308494,0.04397602682421,0.0143585322033206,0.0608333333333333,0.112699828066854,34.8,4,5,0,0,35,6
G2_P2_case25.mat,5,0.10527288890904,0.0493508470855023,-0.162075853184471,0.083413545561476,0.048303054150226,0.00765708404613288,0.0583333333333333,0.10527288890904,34.8,4,5,0,0,35,6
G2_P2_case25.mat,6,0.0488379215376128,0.0416483679132052,-0.10049470133545,0.0744850733906079,0.0426504145075693,0.00705403251103726,0.0516666666666667,0.0488379215376128,34.8,4,5,0,0,35,6
G2_P2_case25.mat,7,0.112847511908328,0.057743860985099,0.0589519854665852,0.103116296321568,0.0569231242761961,0.00342612548315355,0.0416666666666667,0.112847511908328,34.8,4,5,0,0,35,6
G2_P2_case25.mat,8,0.0636486772584838,0.0554862053704961,-0.0647396089676922,0.0952371349054776,0.0556020543279709,0.0076531447042932,0.0525,0.0636486772584838,34.8,4,5,0,0,35,6
G2_P2_case25.mat,9,0.0590656531478545,0.0569196347751749,-0.0721632609810113,0.0899777079488188,0.0580804338413215,0.0114845153653062,0.0641666666666667,0.0590656531478545,34.8,4,5,0,0,35,6
G2_P2_case25.mat,10,0.101572736148899,0.0609178843643851,0.0496771816018595,0.0993950785672809,0.0623444839078796,0.00670471812193892,0.0766666666666667,0.101572736148899,33.6,4,5,0,0,35,6
G2_P2_case25.mat,11,0.0557611737908712,0.0518278040353532,0.0613786308856753,0.0928437138851819,0.0508270022868656,0.00932712008388596,0.0533333333333333,0.0557611737908712,34.8,4,5,0,0,35,6
G2_P2_case25.mat,12,0.0521848624102965,0.0469473810636002,-0.0848525731617638,0.0799182254106227,0.0448986755232154,0.00322167161904307,0.0533333333333333,0.0521848624102965,34.8,4,5,0,0,35,6
G2_P2_case25.mat,13,0.0496996346250996,0.044053626466527,0.0839430928386543,0.0726167470819001,0.0454838697433837,0.0054699266905517,0.06,0.0496996346250996,34.8,4,5,0,0,35,6
G2_P2_case25.mat,14,0.0627788645020512,0.0511565070420846,-0.119811489616591,0.0968998505065535,0.0466176270475229,0.00924351588205458,0.0533333333333333,0.0627788645020512,34.8,4,5,0,0,35,6
G2_P2_case25.mat,15,0.132066905133686,0.0563935023139263,0.188387293167177,0.0984139317411628,0.0531882328018795,0.0114120506496953,0.0666666666666667,0.132066905133686,34.8,4,5,0,0,35,6
G2_P2_case25.mat,16,0.186196509611547,0.0497127185060744,-0.301994402019078,0.0783698591300347,0.0522435828760708,0.00885247807247856,0.0733333333333333,0.186196509611547,34.8,4,5,0,0,35,6
G2_P2_case25.mat,17,0.165294689467319,0.0460406217467759,-0.011636712605731,0.0863059342736492,0.0454864079978952,0.00729692053317608,0.0708333333333333,0.165294689467319,34.8,4,5,0,0,35,6
G2_P2_case25.mat,18,0.179439440189413,0.0437549539757665,0.012236929436793,0.0841230298651574,0.0370868464444292,0.0066231903571398,0.0725,0.179439440189413,30.4,4,5,0,0,35,6
G2_P2_case26.mat,1,0.166917851196124,0.116207714945639,0.061758338018911,0.204371934288991,0.11016987985381,0.0154791763900976,0.065,0.166917851196124,34.8,0,0,1,5,35,6
G2_P2_case26.mat,2,0.0924989868266784,0.116407612942289,0.254480862672446,0.201439786870723,0.112984322567433,0.0156214988598198,0.0308333333333333,0.0924989868266784,34.8,0,0,1,5,35,6
G2_P2_case26.mat,3,0.0943815260984959,0.124162866335559,0.0179284238324842,0.212787372357089,0.122251941608845,0.0119292653894948,0.015,0.0943815260984959,34.8,0,0,1,5,35,6
G2_P2_case26.mat,4,0.143908224528114,0.116562663825554,0.0228040891230849,0.202245464018015,0.113952299840201,0.0170397281545452,0.0558333333333333,0.143908224528114,34.8,0,0,1,5,35,6
G2_P2_case26.mat,5,0.120908261272827,0.121394930739923,0.247838507138667,0.214708484248291,0.116863410078452,0.00850302908321079,0.0275,0.120908261272827,34.8,0,0,1,5,35,6
G2_P2_case26.mat,6,0.0840029857213263,0.115769541047234,-0.011673255326879,0.199414881484671,0.112434760661421,0.000735014997819634,0,0.0840029857213263,30.4,0,0,1,5,35,6
G2_P2_case26.mat,7,0.0900585289670627,0.120643980861824,-0.0247431166552967,0.206376836825045,0.117467392730934,0.00277832620692549,0.00833333333333333,0.0900585289670627,34.8,0,0,1,5,35,6
G2_P2_case26.mat,8,0.0853530866452886,0.117838987426373,-0.0173117858939041,0.204747594768313,0.114674977627391,0.00623848669149278,0,0.0853530866452886,34.8,0,0,1,5,35,6
G2_P2_case26.mat,9,0.0905170815480757,0.121064521328651,0.0313576549852792,0.214584039600383,0.113646498617864,0.0087465265318983,0.00166666666666667,0.0905170815480757,34.8,0,0,1,5,35,6
G2_P2_case26.mat,10,0.0859016085112051,0.119526715885058,-0.058404982650214,0.201807746571013,0.116864906093178,0.00721975519189963,0,0.0859016085112051,34.8,0,0,1,5,35,6
G2_P2_case26.mat,11,0.0908927583266173,0.122365441825171,-0.0410389369581829,0.215979056970243,0.116744975637726,0.00703817711548806,0.00333333333333333,0.0908927583266173,34.8,0,0,1,5,35,6
G2_P2_case26.mat,12,0.0882122678690015,0.119213567303093,-0.0491970417341613,0.210631607495297,0.112814216423655,0.00431928269050551,0,0.0882122678690015,34.8,0,0,1,5,35,6
G2_P2_case26.mat,13,0.0848571025874851,0.114490318825429,0.059705216124316,0.200776026323719,0.109800745345747,0.00183498991590898,0,0.0848571025874851,34.8,0,0,1,5,35,6
G2_P2_case26.mat,14,0.0891648405099441,0.124797985457228,0.0515266919303322,0.212420554750759,0.120376165107654,0.00281508891893896,0,0.0891648405099441,34.8,0,0,1,5,35,6
G2_P2_case26.mat,15,0.0975183086564802,0.118105653369657,0.000806204224472044,0.207562532785549,0.113816521109439,0.0114965403077062,0.0266666666666667,0.0975183086564802,34.8,0,0,1,5,35,6
G2_P2_case26.mat,16,0.0910471377175375,0.112429999267263,-0.00753504394769167,0.196094061626648,0.109304827929045,0.01436847261638,0.025,0.0910471377175375,34.8,0,0,1,5,35,6
G2_P2_case26.mat,17,0.0947055881150215,0.118646965219278,0.0441187585317485,0.202860302291335,0.116578138092585,0.0142145105508558,0.0233333333333333,0.0947055881150215,34.8,0,0,1,5,35,6
G2_P2_case26.mat,18,0.103717344964504,0.127780287253734,-0.0101661199625315,0.225863442794248,0.1223374263793,0.013286286286893,0.01,0.103717344964504,34.8,0,0,1,5,35,6
G2_P3_case21.mat,1,0.137443660189598,0.0956713843934321,0.113388079257372,0.164938684568302,0.0867364207876195,0.0408207214557852,0.106666666666667,0.137443660189598,40,0,0,0,0,40,5
G2_P3_case21.mat,2,0.123222348070329,0.106377580437438,-0.0191844859706626,0.1900020091618,0.0999159863156972,0.0356057869742504,0.125,0.123222348070329,40,0,0,0,0,40,5
G2_P3_case21.mat,3,0.110760524429495,0.0993438130314461,-0.0381507268460648,0.174140379473015,0.0967519656609503,0.0349814817966881,0.11,0.110760524429495,40,0,0,0,0,40,5
G2_P3_case21.mat,4,0.121276320243991,0.0926762247251202,0.0958689283032705,0.151239322500483,0.0953900366805337,0.0299010590720142,0.1125,0.121276320243991,39.6,0,0,0,0,40,5
G2_P3_case21.mat,5,0.128903431837646,0.0923344492844721,-0.202114314311581,0.155201175007866,0.0919475658225339,0.0295284917013116,0.0975,0.128903431837646,40,0,0,0,0,40,5
G2_P3_case21.mat,6,0.159600089839997,0.107687392184115,0.0764305758641856,0.179218797484337,0.105631299665584,0.0412969507965557,0.0983333333333333,0.159600089839997,40,0,0,0,0,40,5
G2_P3_case21.mat,7,0.13471804154103,0.0997658171906812,0.102364324347812,0.165680992116206,0.0991182506758006,0.0483609503592419,0.1325,0.13471804154103,40,0,0,0,0,40,5
G2_P3_case21.mat,8,0.135803045192539,0.104302140619872,0.087425554915817,0.181108039662693,0.0997856938707374,0.0481419909816123,0.134166666666667,0.135803045192539,40,0,0,0,0,40,5
G2_P3_case21.mat,9,0.143006616836518,0.0934564603920926,0.125950223093451,0.169764338255771,0.0850958453492723,0.0466648155171734,0.120833333333333,0.143006616836518,40,0,0,0,0,40,5
G2_P3_case21.mat,10,0.1161816727717,0.0795538640623316,-0.0448941185217611,0.137031626042703,0.0786985091053185,0.0400611540471817,0.143333333333333,0.1161816727717,40,0,0,0,0,40,5
G2_P3_case21.mat,11,0.134721512090362,0.100662543694059,-0.0497351310663054,0.17585222876852,0.0985663725768455,0.0463778041764553,0.1425,0.134721512090362,40,0,0,0,0,40,5
G2_P3_case21.mat,12,0.135132011243476,0.0919912969567876,0.0283764936647637,0.162946635506142,0.0889265381369339,0.0465558089362688,0.130833333333333,0.135132011243476,40,0,0,0,0,40,5
G2_P3_case21.mat,13,0.147169917328887,0.108824046718975,-0.218065467646959,0.186500432541617,0.104338233383044,0.0469235537233007,0.116666666666667,0.147169917328887,40,0,0,0,0,40,5
G2_P3_case21.mat,14,0.131232217435908,0.108348650879138,0.239808502094839,0.188529041085529,0.10861751139471,0.0398893696202606,0.106666666666667,0.131232217435908,40,0,0,0,0,40,5
G2_P3_case21.mat,15,0.130131316819905,0.103805120988307,-0.087874747147799,0.174052289938897,0.100905014092313,0.0348931291812948,0.1025,0.130131316819905,40,0,0,0,0,40,5
G2_P3_case21.mat,16,0.114475836200414,0.0896349410489034,0.200052383742661,0.156335565155359,0.0888256411568183,0.0355578752234233,0.123333333333333,0.114475836200414,40,0,0,0,0,40,5
G2_P3_case21.mat,17,0.120542511879451,0.104507478033184,0.182381201073235,0.171151708220139,0.105534318250504,0.0363177320329919,0.126666666666667,0.120542511879451,40,0,0,0,0,40,5
G2_P3_case21.mat,18,0.159869719968878,0.105398397909946,0.261870247998373,0.180569942959312,0.103097525957543,0.0403741198118619,0.101666666666667,0.159869719968878,40,0,0,0,0,40,5
G2_P3_case21.mat,19,0.118623737353988,0.0933152297361446,-0.290176942546011,0.161705450216003,0.0906639297458736,0.0370322727736994,0.115833333333333,0.118623737353988,40,0,0,0,0,40,5
G2_P3_case25.mat,1,0.29244881071073,0.385834570239197,0.15745775498002,0.667884213822169,0.374776570902834,0.0233938232981977,0.00666666666666667,0.29244881071073,34.8,4,5,0,0,35,6
G2_P3_case25.mat,2,0.296853775392897,0.381336835770682,-0.0197828254546775,0.662761260150318,0.368972739830171,0.0260300542285798,0.0266666666666667,0.296853775392897,34.8,4,5,0,0,35,6
G2_P3_case25.mat,3,0.271834909583543,0.381521135350505,0.00588095055846704,0.662369150527283,0.366816623272331,0.0235981944815232,0,0.271834909583543,34.8,4,5,0,0,35,6
G2_P3_case25.mat,4,0.285625409815279,0.381127085234255,-0.0387703692284125,0.656175178725268,0.370294194345343,0.024333260437383,0.01,0.285625409815279,34.8,4,5,0,0,35,6
G2_P3_case25.mat,5,0.284895219833066,0.380096117271273,0.00379690071678011,0.657841947017973,0.368857105785865,0.0140834787512718,0.0133333333333333,0.284895219833066,35.2,4,5,0,0,35,6
G2_P3_case25.mat,6,0.261797223054829,0.375106953080238,-0.0184320105343946,0.651014724600441,0.362813053723512,0.00633499601021852,0,0.261797223054829,34.8,4,5,0,0,35,6
G2_P3_case25.mat,7,0.263257458754155,0.37318079159924,-0.0110738361800665,0.650248899241102,0.361284482652434,0.00321040177020321,0,0.263257458754155,34.8,4,5,0,0,35,6
G2_P3_case25.mat,8,0.284221875011417,0.372259315647638,-0.1875594473282,0.64522679874967,0.361268504910603,0.00127246431162771,0.00583333333333333,0.284221875011417,34.8,4,5,0,0,35,6
G2_P3_case25.mat,9,0.265762180006363,0.380812396543686,-0.0196138459601299,0.6595839452184,0.368373291998627,0.00106960993750929,0,0.265762180006363,35.2,4,5,0,0,35,6
G2_P3_case25.mat,10,0.274450375529187,0.38100470321572,0.00148599247585983,0.662588856937587,0.368039677613444,0.0085813610343591,0.00333333333333333,0.274450375529187,34.4,4,5,0,0,35,6
G2_P3_case25.mat,11,0.262528465837959,0.375386571105132,0.00905773314341192,0.653461122792584,0.362475050601781,0.00168383258934822,0,0.262528465837959,34.8,4,5,0,0,35,6
G2_P3_case25.mat,12,0.263932678420052,0.378028496235867,0.0169626907222085,0.656874179668304,0.365592421793117,0.00324138725012182,0,0.263932678420052,34.8,4,5,0,0,35,6
G2_P3_case25.mat,13,0.26254880091737,0.374385399985187,0.00299297736347625,0.648671919929558,0.363290215856392,0.00587937802766771,0,0.26254880091737,34.8,4,5,0,0,35,6
G2_P3_case25.mat,14,0.264549806027729,0.380413461425977,-0.039168348670627,0.65761744815501,0.370042301583066,0.00537343238442687,0,0.264549806027729,35.2,4,5,0,0,35,6
G2_P3_case25.mat,15,0.285248446367894,0.379955612167073,-0.0324746291635095,0.655112617280099,0.36918847467858,0.0262482627771317,0.0183333333333333,0.285248446367894,34.8,4,5,0,0,35,6
G2_P3_case25.mat,16,0.313797950150703,0.38607168971224,0.475366503325402,0.672524327895967,0.371331825663223,0.0211403013141263,0.0316666666666667,0.313797950150703,34.8,4,5,0,0,35,6
G2_P3_case25.mat,17,0.308479973410327,0.379833985605349,0.0115738496712271,0.667954748314732,0.365278858039538,0.0213012356832556,0.025,0.308479973410327,34.8,4,5,0,0,35,6
G2_P3_case25.mat,18,0.317023358695345,0.37783028188256,-0.00566253438869457,0.657758940886023,0.365066640523292,0.0205265051909762,0.0466666666666667,0.317023358695345,34.8,4,5,0,0,35,6
G2_P3_case26.mat,1,0.172902485175119,0.0207204287796184,0.129392865760392,0.0375953113195199,0.0190443668818865,0.018682505170816,0.0841666666666667,0.172902485175119,34.8,0,0,1,5,35,6
G2_P3_case26.mat,2,0.0506081333172708,0.0283037792155103,0.0802163196944701,0.0485059848556646,0.0282217313280865,0.0213466093764663,0.133333333333333,0.0506081333172708,34.8,0,0,1,5,35,6
G2_P3_case26.mat,3,0.0532278862969705,0.0358288357743143,0.0846217354940717,0.0624338839185534,0.034138226042731,0.0171449099404041,0.126666666666667,0.0532278862969705,34.8,0,0,1,5,35,6
G2_P3_case26.mat,4,0.131454239576349,0.0253742437731136,-0.0667699776924906,0.0475894881583905,0.0238598372783173,0.0171284575765646,0.1025,0.131454239576349,34.8,0,0,1,5,35,6
G2_P3_case26.mat,5,0.129627913388246,0.0362073573430745,-0.0240720842796538,0.058959944828252,0.0357604362513384,0.00744527601268923,0.065,0.129627913388246,34.8,0,0,1,5,35,6
G2_P3_case26.mat,6,0.0318255406985731,0.0315463165541168,0.0374611529163877,0.0566945567266322,0.0312474127733318,0.00475051922448278,0.0466666666666667,0.0318255406985731,34.8,0,0,1,5,35,6
G2_P3_case26.mat,7,0.0517966915593951,0.0295251110075373,-0.0967401333012216,0.0507716263832077,0.0286079544975749,0.00265349615706169,0.0625,0.0517966915593951,34.8,0,0,1,5,35,6
G2_P3_case26.mat,8,0.029894430564843,0.0243054695658908,0.0544842963902564,0.0415370386196952,0.0228550435928056,0.00114823258993728,0.0375,0.029894430564843,35.2,0,0,1,5,35,6
G2_P3_case26.mat,9,0.0274211360669225,0.0246621484479365,0.107605019072416,0.0471827128692496,0.0227246665010925,0.00146225818880651,0.0366666666666667,0.0274211360669225,34.8,0,0,1,5,35,6
G2_P3_case26.mat,10,0.034477371762615,0.0296949178341111,-0.310580770316102,0.0498636132489146,0.0293892772293819,0.0010732189379134,0.0416666666666667,0.034477371762615,34.8,0,0,1,5,35,6
G2_P3_case26.mat,11,0.0240218499255091,0.0275873529453331,0.025334858999988,0.0456882405754414,0.0262631482558265,0.00125118547621443,0.0316666666666667,0.0240218499255091,34.8,0,0,1,5,35,6
G2_P3_case26.mat,12,0.0228705263384789,0.0251493735219106,0.512537913471377,0.0399350790518956,0.0256598164239317,0.00182331949201208,0.0408333333333333,0.0228705263384789,34.8,0,0,1,5,35,6
G2_P3_case26.mat,13,0.0296796118023047,0.0297939726337392,-0.0923057695419553,0.0507629182956163,0.0288002980604384,0.00420207707304998,0.0541666666666667,0.0296796118023047,34.8,0,0,1,5,35,6
G2_P3_case26.mat,14,0.0265900846613109,0.0272691417263724,-0.146643486967904,0.0472602849511952,0.0264403332360469,0.003071297464642,0.0391666666666667,0.0265900846613109,35.2,0,0,1,5,35,6
G2_P3_case26.mat,15,0.0662695531831491,0.0264220480394185,-0.0456164841706328,0.0451191073388214,0.0262799288579702,0.0169143849201673,0.0875,0.0662695531831491,34.8,0,0,1,5,35,6
G2_P3_case26.mat,16,0.0588698004079424,0.0311016242530111,0.113243631162177,0.0512079297525382,0.0317570909755763,0.015824517455893,0.0983333333333333,0.0588698004079424,34.8,0,0,1,5,35,6
G2_P3_case26.mat,17,0.0619641787557078,0.030133915131072,-0.120857705903015,0.0539769941489671,0.0282214009697877,0.0157760320022641,0.0916666666666667,0.0619641787557078,34.8,0,0,1,5,35,6
G2_P3_case26.mat,18,0.0669116708496516,0.0337982851747362,0.0959042723609005,0.0583099696666238,0.0327589803072951,0.0152349810248079,0.0916666666666667,0.0669116708496516,34.8,0,0,1,5,35,6
G2_P4_case21.mat,1,0.145283787934028,0.15542430534896,0.243054093179248,0.267144786137849,0.152207838484051,0.0440692002856944,0.0858333333333333,0.145283787934028,40,0,0,0,0,40,5
G2_P4_case21.mat,2,0.141155661946652,0.14343998976012,-0.250653104026491,0.245416724758788,0.140672179935981,0.0605641023861877,0.131666666666667,0.141155661946652,40,0,0,0,0,40,5
G2_P4_case21.mat,3,0.146855503876614,0.131082100353912,-0.177938741631344,0.229304380834632,0.125093692118565,0.0705481464314891,0.133333333333333,0.146855503876614,40,0,0,0,0,40,5
G2_P4_case21.mat,4,0.139657280706571,0.140863475754186,-0.0220919559262722,0.243729420570844,0.133782856238867,0.0575721915322905,0.1325,0.139657280706571,40,0,0,0,0,40,5
G2_P4_case21.mat,5,0.139603679085192,0.138792119454967,0.0257258419981135,0.239987190151016,0.134229645380441,0.058204847367566,0.125,0.139603679085192,40,0,0,0,0,40,5
G2_P4_case21.mat,6,0.135336366300046,0.134156126188975,0.269506515589002,0.23322835811405,0.129683733543237,0.0565724540938173,0.155,0.135336366300046,40,0,0,0,0,40,5
G2_P4_case21.mat,7,0.126873339187038,0.135390941314512,0.0243601423500019,0.233112901679212,0.130648803262496,0.052038614728572,0.0975,0.126873339187038,40,0,0,0,0,40,5
G2_P4_case21.mat,8,0.126882822974441,0.140480516154737,0.192997468603682,0.241898155317186,0.135523337600755,0.0486565424983464,0.125,0.126882822974441,40,0,0,0,0,40,5
G2_P4_case21.mat,9,0.132315027614572,0.144215947260927,0.0582387827504126,0.242576134166159,0.141771427273616,0.0501599089846322,0.0983333333333333,0.132315027614572,40,0,0,0,0,40,5
G2_P4_case21.mat,10,0.133891619609893,0.129111202310012,0.131395989172176,0.225499281553279,0.124976455970345,0.0590214801750199,0.145,0.133891619609893,40,0,0,0,0,40,5
G2_P4_case21.mat,11,0.127023818273593,0.139092604329106,-0.0452373170448033,0.241086144127347,0.133952906354052,0.0459838629273058,0.106666666666667,0.127023818273593,40,0,0,0,0,40,5
G2_P4_case21.mat,12,0.125510498289101,0.140989433495671,-0.212375269568463,0.250489292000963,0.134295478353245,0.0446666227281516,0.116666666666667,0.125510498289101,40,0,0,0,0,40,5
G2_P4_case21.mat,13,0.127374943614117,0.141967080730548,0.0166953756727091,0.241738663770057,0.139593433409455,0.0489731046979867,0.0866666666666667,0.127374943614117,40,0,0,0,0,40,5
G2_P4_case21.mat,14,0.123127415364389,0.127840615074966,0.248707826932264,0.218101008286395,0.125096878286085,0.0527733339860062,0.165833333333333,0.123127415364389,40,0,0,0,0,40,5
G2_P4_case21.mat,15,0.131750364479236,0.136076046982817,0.305059195740068,0.239475550170529,0.130381932282351,0.0547418934088678,0.126666666666667,0.131750364479236,40,0,0,0,0,40,5
G2_P4_case21.mat,16,0.124686121447858,0.139901887797283,0.00361834354730319,0.241285870626649,0.136827963282939,0.0475420314082817,0.129166666666667,0.124686121447858,40,0,0,0,0,40,5
G2_P4_case21.mat,17,0.12790814776164,0.133812943624767,0.241016792121687,0.232251151235014,0.128391671465357,0.0474122281305871,0.104166666666667,0.12790814776164,40,0,0,0,0,40,5
G2_P4_case21.mat,18,0.125789515572998,0.126388558416721,-0.00240020325188745,0.218456762342614,0.122539910388302,0.0437948398160804,0.101666666666667,0.125789515572998,40,0,0,0,0,40,5
G2_P4_case21.mat,19,0.11841711864506,0.12957015991981,0.131037928897042,0.225952623654272,0.124422928939346,0.0455238155774514,0.103333333333333,0.11841711864506,40,0,0,0,0,40,5
G2_P4_case25.mat,1,0.175879626194489,0.181653648325996,0.125508837256001,0.32405966334091,0.174972843421155,0.0185133555652047,0.0491666666666667,0.175879626194489,34.8,4,5,0,0,35,6
G2_P4_case25.mat,2,0.178773123004031,0.178996860655164,-0.0674843977480013,0.314840988396886,0.170242370416282,0.0200088176467373,0.0691666666666667,0.178773123004031,34.4,4,5,0,0,35,6
G2_P4_case25.mat,3,0.164191140904515,0.18374549723382,0.147343847906423,0.317422262285152,0.177769681371284,0.017399693866926,0.0525,0.164191140904515,34.4,4,5,0,0,35,6
G2_P4_case25.mat,4,0.169301309631677,0.187246471359935,-0.117224945141716,0.323509897568951,0.182271318811853,0.0237265758247224,0.0583333333333333,0.169301309631677,33.6,4,5,0,0,35,6
G2_P4_case25.mat,5,0.157340594948126,0.198858552934963,0.143677394574891,0.339481895054966,0.195843476854341,0.00988699151532391,0.0183333333333333,0.157340594948126,34.8,4,5,0,0,35,6
G2_P4_case25.mat,6,0.137624196306955,0.189291133917429,0.0159030996723429,0.326464908964819,0.183295907083234,0.00279231865141389,0,0.137624196306955,34.4,4,5,0,0,35,6
G2_P4_case25.mat,7,0.135602890692598,0.187081180480357,-0.00199842868532155,0.32209615323896,0.181684616947517,0.00229432057696836,0.00166666666666667,0.135602890692598,39.6,4,5,0,0,35,6
G2_P4_case25.mat,8,0.133464158671933,0.182714685763485,0.0446297369754639,0.313388023202476,0.177348372821317,0.00181892424444793,0.005,0.133464158671933,32.4,4,5,0,0,35,6
G2_P4_case25.mat,9,0.132363149332087,0.185113796137272,0.0773533517439518,0.320960532933805,0.179559284217316,0.00139708481274897,0,0.132363149332087,31.2,4,5,0,0,35,6
G2_P4_case25.mat,10,0.16103553773575,0.180263853150241,0.00960632271343621,0.315860330548869,0.172947704132653,0.00734911803456024,0.0166666666666667,0.16103553773575,34.4,4,5,0,0,35,6
G2_P4_case25.mat,11,0.141488208732122,0.19112584664637,0.00879690382716965,0.329769142844108,0.184842622639046,0.00198816099849108,0.00666666666666667,0.141488208732122,32.4,4,5,0,0,35,6
G2_P4_case25.mat,12,0.133892324392199,0.189585358705012,0.00777956548284302,0.32847470820459,0.183859953128721,0.00166386390870813,0,0.133892324392199,34.4,4,5,0,0,35,6
G2_P4_case25.mat,13,0.132862279444383,0.186574884605308,0.0276973996080984,0.320306611400094,0.181614321197157,0.00255365613269112,0,0.132862279444383,34.4,4,5,0,0,35,6
G2_P4_case25.mat,14,0.136474899033463,0.184938017613767,-0.0294402745872732,0.320595957167266,0.178961640587639,0.00432924761777058,0,0.136474899033463,34.8,4,5,0,0,35,6
G2_P4_case25.mat,15,0.168909876856343,0.180104238229926,-0.0388374817348045,0.318198253743869,0.177205925574466,0.026933001913892,0.06,0.168909876856343,33.2,4,5,0,0,35,6
G2_P4_case25.mat,16,0.199465478472411,0.178015259465721,0.188800961329184,0.304056373635172,0.1661962501916,0.0739122675059588,0.0916666666666667,0.199465478472411,33.6,4,5,0,0,35,6
G2_P4_case25.mat,17,0.19451346829636,0.196631807855762,0.147383900401443,0.341332047332666,0.196329538938455,0.0556787410342871,0.0716666666666667,0.19451346829636,33.6,4,5,0,0,35,6
G2_P4_case25.mat,18,0.189168644795325,0.1849745068993,-0.00358483731749799,0.312091647815843,0.174440618809803,0.0600112892590606,0.0891666666666667,0.189168644795325,33.6,4,5,0,0,35,6
G2_P4_case26.mat,1,0.259874853583288,0.246288660719812,0.185069077575413,0.421183582235826,0.243690943282054,0.0584579827519525,0.0716666666666667,0.259874853583288,33.6,0,0,1,5,35,6
G2_P4_case26.mat,2,0.203810772030492,0.230548777519041,-0.180843017691674,0.402471838410016,0.221787225431622,0.0242717167649024,0.0416666666666667,0.203810772030492,34.4,0,0,1,5,35,6
G2_P4_case26.mat,3,0.21152673637198,0.243697609216355,-0.0592847941789954,0.423036658607574,0.233556843904392,0.0207385846457953,0.0383333333333333,0.21152673637198,34.4,0,0,1,5,35,6
G2_P4_case26.mat,4,0.250867311768975,0.266922815832229,-0.114160837099305,0.461790633352943,0.256487785017666,0.0589819215519254,0.0616666666666667,0.250867311768975,33.6,0,0,1,5,35,6
G2_P4_case26.mat,5,0.18714278650555,0.242006482670831,0.0659997923904918,0.419926837983076,0.232251164353509,0.0183993734020559,0.0183333333333333,0.18714278650555,32.8,0,0,1,5,35,6
G2_P4_case26.mat,6,0.172456995512006,0.243012757789768,0.0476561327921257,0.418852359995631,0.235671402671511,0.00320614601990746,0,0.172456995512006,34.4,0,0,1,5,35,6
G2_P4_case26.mat,7,0.172450751010126,0.238999521211676,0.0265558231810135,0.413478637440259,0.231919536183968,0.00175812576241397,0.00166666666666667,0.172450751010126,34.4,0,0,1,5,35,6
G2_P4_case26.mat,8,0.178074515713486,0.243112814893436,0.0136570616348678,0.422773077927829,0.234937332942306,0.00134514973296654,0.00333333333333333,0.178074515713486,32.8,0,0,1,5,35,6
G2_P4_case26.mat,9,0.180763908894038,0.247350348241579,0.0647249016910404,0.429477880298963,0.237406615118605,0.00187232741610407,0.00333333333333333,0.180763908894038,31.2,0,0,1,5,35,6
G2_P4_case26.mat,10,0.170983801592588,0.242168436598393,0.0143965448180939,0.419603222376975,0.234025572108615,0.00104602759371674,0,0.170983801592588,38,0,0,1,5,35,6
G2_P4_case26.mat,11,0.1802997139602,0.246064773656892,0.000765398341299469,0.425033898816805,0.237233263005275,0.00258851402194276,0.00333333333333333,0.1802997139602,32.4,0,0,1,5,35,6
G2_P4_case26.mat,12,0.172102669500041,0.240017431803241,-0.0231012129372733,0.414676974498405,0.232663897453415,0.00151615060794842,0,0.172102669500041,32.8,0,0,1,5,35,6
G2_P4_case26.mat,13,0.166532771435654,0.238628124096455,-0.00295316370784017,0.412198172054051,0.231824871528798,0.00221331395273235,0,0.166532771435654,34.4,0,0,1,5,35,6
G2_P4_case26.mat,14,0.169059002737217,0.237800996559546,0.00990965813157126,0.412057470440153,0.229435183406377,0.00272055070742009,0,0.169059002737217,34.8,0,0,1,5,35,6
G2_P4_case26.mat,15,0.201634816478499,0.240517089523573,0.000590065287537461,0.414969255291043,0.234741737240061,0.0143814694628711,0.0333333333333333,0.201634816478499,34.4,0,0,1,5,35,6
G2_P4_case26.mat,16,0.23197223860022,0.245739773006075,-0.336287176143508,0.42300615085567,0.238452324961567,0.0187988966183596,0.06,0.23197223860022,34.4,0,0,1,5,35,6
G2_P4_case26.mat,17,0.233134409079302,0.241694618525948,-0.363411081825506,0.415993144191486,0.236150828464329,0.0184373560942321,0.0633333333333333,0.233134409079302,34.4,0,0,1,5,35,6
G2_P4_case26.mat,18,0.231865691287287,0.238566147267088,0.283145898370013,0.410869580539831,0.230358009159095,0.0204678891439395,0.06,0.231865691287287,34.4,0,0,1,5,35,6
G3_P1_case31.mat,1,0.124704041206294,0.133936058015259,-0.102027428199711,0.233243686683641,0.130194250779889,0.0442346496696238,0.126666666666667,0.124704041206294,44.8,0,0,0,0,45,2
G3_P1_case31.mat,2,0.11180966756105,0.135917124787768,0.290480145263389,0.235543381040177,0.131338313089596,0.0320302117203007,0.09,0.11180966756105,44.8,0,0,0,0,45,2
G3_P1_case31.mat,3,0.116339368750388,0.135775609980671,0.0707369267691693,0.235013446929691,0.131385061474359,0.038040556857117,0.115,0.116339368750388,44.8,0,0,0,0,45,2
G3_P1_case31.mat,4,0.118789373435493,0.135986954256845,-0.00841216467337455,0.235834428781204,0.131855029040038,0.0390348952759307,0.110833333333333,0.118789373435493,44.8,0,0,0,0,45,2
G3_P1_case31.mat,5,0.144436281252327,0.135137313042202,0.147673275603717,0.234402983658814,0.131088704251295,0.063009811997961,0.151666666666667,0.144436281252327,44.8,0,0,0,0,45,2
G3_P1_case31.mat,6,0.138474851254207,0.134300385155163,-0.167423566698211,0.231138114594612,0.129831274955332,0.05794733309101,0.15,0.138474851254207,44.8,0,0,0,0,45,2
G3_P1_case31.mat,7,0.121652336482838,0.13198813887974,-0.159952834848731,0.230382423549757,0.126970147087358,0.0423168842096795,0.136666666666667,0.121652336482838,44.8,0,0,0,0,45,2
G3_P1_case31.mat,8,0.129350858580886,0.136353863763432,-0.076404978239335,0.235913702387384,0.131670045550701,0.0480129301488639,0.133333333333333,0.129350858580886,44.8,0,0,0,0,45,2
G3_P1_case31.mat,9,0.12797393784355,0.137040772667751,0.172550659662732,0.236212056108753,0.133597992821887,0.0435116243525098,0.130833333333333,0.12797393784355,44.8,0,0,0,0,45,2
G3_P1_case31.mat,10,0.125978525307592,0.139719618260942,0.0662039507945564,0.240575965608054,0.136523737731538,0.0448642940996634,0.1225,0.125978525307592,44.8,0,0,0,0,45,2
G3_P1_case31.mat,11,0.120400322085349,0.134895993059002,-0.0783152061972498,0.238840221293938,0.129794342792807,0.0415183318152367,0.113333333333333,0.120400322085349,44.8,0,0,0,0,45,2
G3_P1_case31.mat,12,0.121281161808835,0.135891839652629,-0.0612158384917222,0.236580449593442,0.131581316069025,0.0425756981358692,0.12,0.121281161808835,44.8,0,0,0,0,45,2
G3_P1_case31.mat,13,0.114780447498524,0.136555463746039,-0.0332044710526835,0.236930069462948,0.132106638210533,0.0365068165152999,0.108333333333333,0.114780447498524,44.8,0,0,0,0,45,2
G3_P1_case31.mat,14,0.123570432969147,0.136898551945689,0.0120623527365428,0.234916778581446,0.134203996578738,0.044580234157849,0.125,0.123570432969147,44.8,0,0,0,0,45,2
G3_P1_case31.mat,15,0.137148877754278,0.137284657826475,-0.131546208637384,0.236879977302373,0.132555616916761,0.0514429691257837,0.14,0.137148877754278,44.8,0,0,0,0,45,2
G3_P1_case31.mat,16,0.131259183154722,0.138001480183837,-0.0539802187912166,0.240102030530911,0.132997201870058,0.0497319553813183,0.136666666666667,0.131259183154722,44.8,0,0,0,0,45,2
G3_P1_case31.mat,17,0.132520430512857,0.138200159166256,0.20067821856288,0.23929828685701,0.13451116691563,0.0511052994004904,0.138333333333333,0.132520430512857,44.8,0,0,0,0,45,2
G3_P1_case31.mat,18,0.133468748485789,0.140065978234432,0.275627128989623,0.240812125548551,0.13696104351103,0.0503666719580576,0.134166666666667,0.133468748485789,44.8,0,0,0,0,45,2
G3_P1_case31.mat,19,0.130940489541331,0.138970837663703,0.0151760072987649,0.238993164394562,0.136734861022696,0.0497316029206021,0.130833333333333,0.130940489541331,44.8,0,0,0,0,45,2
G3_P1_case35.mat,1,0.271058392466838,0.205246118277208,0.208234842445799,0.35105887986544,0.203618027615502,0.157496113173284,0.165833333333333,0.271058392466838,40,4,4,0,0,40,6
G3_P1_case35.mat,2,0.274984128500079,0.19285421587939,-0.0847220002840254,0.335287619423264,0.186250723380617,0.16706647778078,0.165833333333333,0.274984128500079,40,4,4,0,0,40,6
G3_P1_case35.mat,3,0.26180254780599,0.193266253074136,-0.205244520557232,0.336547390370964,0.185609346007275,0.155254842585644,0.165833333333333,0.26180254780599,40,4,4,0,0,40,6
G3_P1_case35.mat,4,0.265691923786122,0.191939497534174,-0.193404645977165,0.33401184816733,0.185441436651887,0.159305385267944,0.165833333333333,0.265691923786122,40,4,4,0,0,40,6
G3_P1_case35.mat,5,0.255981739718129,0.193384579739411,-0.1149241987434,0.337005600105563,0.186512356982919,0.150066440078367,0.165833333333333,0.255981739718129,40,4,4,0,0,40,6
G3_P1_case35.mat,6,0.290038614208396,0.192626613334335,0.042383972476192,0.33417099334762,0.185482609478235,0.157021148074136,0.166666666666667,0.290038614208396,40,4,4,0,0,40,6
G3_P1_case35.mat,7,0.240094608071492,0.192181053817565,0.18414915625352,0.334364161724776,0.185965101476486,0.122341670755435,0.153333333333333,0.240094608071492,40,4,4,0,0,40,6
G3_P1_case35.mat,8,0.193780485298062,0.194958249721675,0.0957897737055945,0.338346209665654,0.188132299565238,0.0888459700118245,0.130833333333333,0.193780485298062,40,4,4,0,0,40,6
G3_P1_case35.mat,9,0.187092859961522,0.19404704977731,0.27986615125363,0.335939607761298,0.18760871703229,0.0877946808265376,0.150833333333333,0.187092859961522,40,4,4,0,0,40,6
G3_P1_case35.mat,10,0.21301658744293,0.193972366642091,0.18693002155782,0.33581859111848,0.187702383953746,0.110204712067395,0.153333333333333,0.21301658744293,40,4,4,0,0,40,6
G3_P1_case35.mat,11,0.185001050862733,0.194341648592982,-0.00930221086438643,0.336050363849303,0.188352323131433,0.0868333811543808,0.158333333333333,0.185001050862733,40,4,4,0,0,40,6
G3_P1_case35.mat,12,0.209484901754251,0.195201231726248,0.224451326377453,0.337337288917195,0.1894129951489,0.106175784757607,0.163333333333333,0.209484901754251,40,4,4,0,0,40,6
G3_P1_case35.mat,13,0.185925654837024,0.194690979493017,0.104598404972871,0.336952326009903,0.188432256434396,0.0617801232088436,0.085,0.185925654837024,40,4,4,0,0,40,6
G3_P1_case35.mat,14,0.292999663294889,0.193378153002519,0.173757975029342,0.335325828383032,0.187946889509282,0.165335705457148,0.166666666666667,0.292999663294889,40,4,4,0,0,40,6
G3_P1_case35.mat,15,0.294778257552402,0.193109618463859,-0.0431239311548279,0.33521699836588,0.187111537032852,0.173095798430834,0.1625,0.294778257552402,40,4,4,0,0,40,6
G3_P1_case35.mat,16,0.272218623839281,0.194656748928111,-0.1474926413972,0.337885681406307,0.188214548509894,0.16487292428741,0.165833333333333,0.272218623839281,40,4,4,0,0,40,6
G3_P1_case35.mat,17,0.272389248319724,0.191686476729604,-0.117789183115944,0.335445280307095,0.184226258836755,0.165156312592647,0.165833333333333,0.272389248319724,40,4,4,0,0,40,6
G3_P1_case35.mat,18,0.276629942875279,0.191939729315939,-0.134366287593009,0.335441018181191,0.184199383063253,0.167164335175047,0.165833333333333,0.276629942875279,40,4,4,0,0,40,6
G3_P1_case36.mat,1,0.287119524749618,0.00568157356750616,-0.0990246244364723,0.00951682652532376,0.00822756109133508,0.189373590021856,0.165833333333333,0.287119524749618,40,0,0,1,4,40,6
G3_P1_case36.mat,2,0.24268746652516,0.002277931934129,-0.0489340048344002,0.00677207422168095,0.00154246218899737,0.152418091931688,0.166666666666667,0.24268746652516,40,0,0,1,4,40,6
G3_P1_case36.mat,3,0.211316449751105,0.00605915826648969,-0.0178666552850273,0.0110934453568481,0.00702206158161094,0.131686436591566,0.165833333333333,0.211316449751105,40,0,0,1,4,40,6
G3_P1_case36.mat,4,0.213976681781261,0.00478532177666002,0.0279432105892611,0.00927202101638733,0.00456192286015409,0.129142754949051,0.166666666666667,0.213976681781261,40,0,0,1,4,40,6
G3_P1_case36.mat,5,0.246685083446321,0.00297914654868602,-0.082118414531497,0.00769268715828045,0.00229438110116004,0.136913287333835,0.1675,0.246685083446321,40,0,0,1,4,40,6
G3_P1_case36.mat,6,0.308685228810435,0.00958259917966308,0.0393385656601522,0.0184536582330855,0.00900359628363704,0.20291317522119,0.166666666666667,0.308685228810435,40,0,0,1,4,40,6
G3_P1_case36.mat,7,0.192779027444043,0.0073635576098542,-0.0768977472643629,0.0107209430421275,0.00855176386719382,0.109059091409323,0.163333333333333,0.192779027444043,40,0,0,1,4,40,6
G3_P1_case36.mat,8,0.0691390098984811,0.00380991686213446,0.170198980332829,0.00717663242808102,0.00346393884037568,0.0450042332995969,0.166666666666667,0.0691390098984811,40,0,0,1,4,40,6
G3_P1_case36.mat,9,0.125554030426443,0.00353852656247923,-0.0329085570178694,0.00595631080720743,0.00427054938676893,0.0723470590224939,0.165833333333333,0.125554030426443,40,0,0,1,4,40,6
G3_P1_case36.mat,10,0.153457793500929,0.00549362887650984,0.0116408106353938,0.0104121285792453,0.00584491792436358,0.1031344911087,0.165833333333333,0.153457793500929,40,0,0,1,4,40,6
G3_P1_case36.mat,11,0.106887895228815,0.00558298820790225,-0.0105576745912805,0.00870605945097205,0.00596652551982262,0.0642200386593961,0.166666666666667,0.106887895228815,40,0,0,1,4,40,6
G3_P1_case36.mat,12,0.0613708835634235,0.00389387354106603,0.109420183504127,0.00769896263845956,0.00290705565438625,0.036697215407912,0.166666666666667,0.0613708835634235,40,0,0,1,4,40,6
G3_P1_case36.mat,13,0.197007482582887,0.00391020225649905,0.0793957341892245,0.0100889557820695,0.00229079339759382,0.112438290557789,0.166666666666667,0.197007482582887,40,0,0,1,4,40,6
G3_P1_case36.mat,14,0.302661920101611,0.00968565013412293,-0.0464950869184312,0.016587576839316,0.0106813314155241,0.192670663760848,0.166666666666667,0.302661920101611,40,0,0,1,4,40,6
G3_P1_case36.mat,15,0.262293244519993,0.00251547450855597,0.00592131073976626,0.00665212826244924,0.00105238067611611,0.154649828043279,0.165833333333333,0.262293244519993,40,0,0,1,4,40,6
G3_P1_case36.mat,16,0.211606742821749,0.00649172302783542,0.0213092179377232,0.0106082615235253,0.00730343567482282,0.134377837917352,0.166666666666667,0.211606742821749,40,0,0,1,4,40,6
G3_P1_case36.mat,17,0.212006529622482,0.00546070725505922,-0.0612557399494262,0.00998514903299008,0.00604199209131209,0.134488120038105,0.165833333333333,0.212006529622482,40,0,0,1,4,40,6
G3_P1_case36.mat,18,0.207969069154709,0.00351681380309262,-0.0496869397002949,0.00761911679286597,0.00319314292097671,0.13168321579585,0.166666666666667,0.207969069154709,40,0,0,1,4,40,6
G3_P1_case36.mat,19,0.213416012906464,0.00548776651646234,0.0282481159285559,0.0107883666017966,0.00583070855296566,0.137239561463271,0.166666666666667,0.213416012906464,40,0,0,1,4,40,6
G3_P2_case31.mat,1,0.119660932968379,0.0137742458266075,0.13440417299419,0.0210429077840094,0.0148928103783207,0.0437132142837145,0.184166666666667,0.119660932968379,44.8,0,0,0,0,45,2
G3_P2_case31.mat,2,0.119736668855723,0.0108253064319768,-0.0169621544045596,0.019554888092297,0.0117680236643065,0.0568251046123106,0.185833333333333,0.119736668855723,44.8,0,0,0,0,45,2
G3_P2_case31.mat,3,0.105537594810335,0.00135913643398842,0.0201118682629445,0.00342574352321829,0.000304443134302167,0.0460134526980465,0.185833333333333,0.105537594810335,44.8,0,0,0,0,45,2
G3_P2_case31.mat,4,0.110166243535829,0.00573847360697322,0.0340416286533611,0.00988297923751913,0.00677550999841558,0.0511931684739978,0.185,0.110166243535829,44.8,0,0,0,0,45,2
G3_P2_case31.mat,5,0.160751884091999,0.00521780517530212,0.0387958026082537,0.01464851223203,0.00192219140121884,0.0772804161395348,0.1875,0.160751884091999,44.8,0,0,0,0,45,2
G3_P2_case31.mat,6,0.26244893451487,0.00376111471876545,0.0560961846506806,0.00958512271121024,0.00143362525346226,0.113026925965319,0.1875,0.26244893451487,44.8,0,0,0,0,45,2
G3_P2_case31.mat,7,0.23560529321724,0.00296199830557389,-0.0888064313711101,0.00778384522660942,0.00335557797702973,0.109456363021693,0.186666666666667,0.23560529321724,44.8,0,0,0,0,45,2
G3_P2_case31.mat,8,0.216651397136027,0.00158735147953957,-0.00827627832519922,0.00424268384983164,0.00132071069302084,0.107179585383784,0.1875,0.216651397136027,44.8,0,0,0,0,45,2
G3_P2_case31.mat,9,0.189326387286026,0.00612738258660264,0.105100419570333,0.0102109701482192,0.00819354597473313,0.0917592582625895,0.1875,0.189326387286026,44.8,0,0,0,0,45,2
G3_P2_case31.mat,10,0.105687604289251,0.00233679672362744,0.0586581314876758,0.00499018296148658,0.00122615750627985,0.0485387574326982,0.185,0.105687604289251,44.8,0,0,0,0,45,2
G3_P2_case31.mat,11,0.132385654147152,0.00177604200380072,0.0142701431475091,0.00440802432181438,0.001855866756293,0.0469682325098658,0.185833333333333,0.132385654147152,44.8,0,0,0,0,45,2
G3_P2_case31.mat,12,0.195159594451911,0.00145165797265041,0.0269891532807972,0.0035465427133172,0.000842392142067381,0.0880753785211274,0.1875,0.195159594451911,44.8,0,0,0,0,45,2
G3_P2_case31.mat,13,0.196613496316504,0.00396293422403324,0.0517783409654551,0.00853822867359535,0.00528707054696082,0.084377047437424,0.1875,0.196613496316504,44.8,0,0,0,0,45,2
G3_P2_case31.mat,14,0.231299709403831,0.00182287096185283,-0.113741229865175,0.00557695799518822,0.00191572383320694,0.106237605056639,0.186666666666667,0.231299709403831,44.8,0,0,0,0,45,2
G3_P2_case31.mat,15,0.229161825064322,0.00424623726045409,-0.00597486897054609,0.00915595058300833,0.00256407068684419,0.116231480262213,0.1875,0.229161825064322,44.8,0,0,0,0,45,2
G3_P2_case31.mat,16,0.126582109270701,0.00103194601091908,0.0673386168042884,0.00315052560173212,0.000273510650843499,0.0578394645617153,0.1875,0.126582109270701,44.8,0,0,0,0,45,2
G3_P2_case31.mat,17,0.120715723545298,0.00534081326509018,0.0624746397698147,0.0118273248160742,0.00412421168585548,0.0554437212191078,0.186666666666667,0.120715723545298,44.8,0,0,0,0,45,2
G3_P2_case31.mat,18,0.121748941961284,0.00306783625174193,-0.173121001326839,0.00715844977359798,0.00375358965902193,0.0540255345439821,0.1875,0.121748941961284,44.8,0,0,0,0,45,2
G3_P2_case31.mat,19,0.108544384218415,0.00198882628732224,-0.0172298551042242,0.00491122966328212,0.00241376984207981,0.0496012923165193,0.1875,0.108544384218415,44.8,0,0,0,0,45,2
G3_P2_case35.mat,1,0.22372222067778,0.202521870990125,0.25993827911895,0.389760587056983,0.188892888076683,0.00674121553398365,0.0116666666666667,0.22372222067778,38.4,4,4,0,0,40,6
G3_P2_case35.mat,2,0.203396590018584,0.170708391881796,0.223564680717149,0.292337281276845,0.147709418272923,0.0129294094578791,0.025,0.203396590018584,38.4,4,4,0,0,40,6
G3_P2_case35.mat,3,0.200723445459876,0.233889044964448,0.00623230734962054,0.343636042967106,0.244079467977065,0.0129694387936022,0.015,0.200723445459876,38.4,4,4,0,0,40,6
G3_P2_case35.mat,4,0.246709664261133,0.199143402267196,-0.0481958356017865,0.342798039902703,0.212255907439739,0.0148884128748279,0.0166666666666667,0.246709664261133,38.4,4,4,0,0,40,6
G3_P2_case35.mat,5,0.209623787578145,0.154549868360681,0.141403294908689,0.323883140626136,0.13066658874354,0.0117306813996332,0.025,0.209623787578145,38.4,4,4,0,0,40,6
G3_P2_case35.mat,6,0.265178396817628,0.135145195774085,-0.00828692799663343,0.266165517435417,0.0960618855893075,0.0176235312203943,0.0208333333333333,0.265178396817628,38.4,4,4,0,0,40,6
G3_P2_case35.mat,7,0.207571730156879,0.133222293338064,0.305677288058915,0.261561896915556,0.0867636391253169,0.0135429698507552,0.0125,0.207571730156879,38.8,4,4,0,0,40,6
G3_P2_case35.mat,8,0.163687811380471,0.19116463515674,0.0707389500551432,0.327279175701055,0.17943102224534,0.00970199940782655,0.0116666666666667,0.163687811380471,38.4,4,4,0,0,40,6
G3_P2_case35.mat,9,0.194670484779583,0.180651413478054,0.0156998804653997,0.320419917626663,0.176334393795545,0.0219974718321826,0.0216666666666667,0.194670484779583,38.4,4,4,0,0,40,6
G3_P2_case35.mat,10,0.198193635161728,0.21502171180467,0.00449277667752445,0.358403420791059,0.216232925581824,0.0153850578141235,0.025,0.198193635161728,38.4,4,4,0,0,40,6
G3_P2_case35.mat,11,0.236542721311635,0.154753303342471,0.156330753272426,0.286888303521063,0.153601241097753,0.0155264754870001,0.03,0.236542721311635,38.4,4,4,0,0,40,6
G3_P2_case35.mat,12,0.193703922432318,0.170352657692303,-0.0831567476915035,0.294531799357605,0.142719254213604,0.0201821328780807,0.0141666666666667,0.193703922432318,38.4,4,4,0,0,40,6
G3_P2_case35.mat,13,0.184527452389792,0.200740259113045,0.143161771598938,0.365638990102541,0.178804737906502,0.00690898853792601,0.0108333333333333,0.184527452389792,38.8,4,4,0,0,40,6
G3_P2_case35.mat,14,0.146309273784599,0.158792948431776,0.0104089765409757,0.272456036195481,0.149533284348749,0.0204801240690914,0.025,0.146309273784599,38.4,4,4,0,0,40,6
G3_P2_case35.mat,15,0.192257923817049,0.195625453090416,0.0895349161525459,0.34984011715677,0.193993640485059,0.0144228081074586,0.015,0.192257923817049,38.4,4,4,0,0,40,6
G3_P2_case35.mat,16,0.160197498547579,0.173431801799175,0.181525663038281,0.309104942929603,0.16383147406158,0.0118592565801869,0.015,0.160197498547579,38.4,4,4,0,0,40,6
G3_P2_case35.mat,17,0.14958780758635,0.169641594543962,0.0395860335936624,0.2933845087917,0.153359485444642,0.0120200494478143,0.015,0.14958780758635,38.4,4,4,0,0,40,6
G3_P2_case35.mat,18,0.145753179184633,0.173015559515968,-0.0876432960504303,0.299835480214119,0.163572406608859,0.00930169854616233,0.0133333333333333,0.145753179184633,38.4,4,4,0,0,40,6
G3_P2_case35.mat,19,0.15570857705861,0.165251831716385,0.210293175606138,0.298914340364774,0.158824029077306,0.0124917182138082,0.015,0.15570857705861,38.4,4,4,0,0,40,6
G3_P2_case36.mat,1,0.233493024539089,0.087550384799487,0.497173909854622,0.157264969663883,0.0688244744566532,0.0169419914145866,0.0791666666666667,0.233493024539089,38.4,0,0,1,4,40,6
G3_P2_case36.mat,2,0.133870861071557,0.106500486681902,0.00706556508852985,0.140230048540484,0.117248255863649,0.00615239082288213,0.06,0.133870861071557,40,0,0,1,4,40,6
G3_P2_case36.mat,3,0.103703556731707,0.0508624631781251,-0.157313189979637,0.1118269435122,0.037542205453156,0.00464924624948334,0.0525,0.103703556731707,38.8,0,0,1,4,40,6
G3_P2_case36.mat,4,0.106254485943088,0.0550405108467547,0.0788479896572062,0.0823148575583547,0.0529217428764354,0.00703259281661456,0.0616666666666667,0.106254485943088,38.4,0,0,1,4,40,6
G3_P2_case36.mat,5,0.12227996167692,0.09826615838445,0.00791906743506341,0.146545960671503,0.093757023713917,0.00685879147498219,0.0525,0.12227996167692,38.8,0,0,1,4,40,6
G3_P2_case36.mat,6,0.168590756300624,0.0216181766600988,0.242975085960387,0.0400557347339689,0.015086091814846,0.0185319808053447,0.0908333333333333,0.168590756300624,38.8,0,0,1,4,40,6
G3_P2_case36.mat,7,0.167289527037747,0.0454985998611815,-0.10128787386649,0.102404660019031,0.0480130436794049,0.0194724835393867,0.0975,0.167289527037747,38.8,0,0,1,4,40,6
G3_P2_case36.mat,8,0.123069934065855,0.0425103465379046,-0.0327791690663597,0.066611867152943,0.0442321683785601,0.0272439874278333,0.129166666666667,0.123069934065855,38.4,0,0,1,4,40,6
G3_P2_case36.mat,9,0.189506946961214,0.0611387307134438,0.0972350731903865,0.0953535635247719,0.0581551875535515,0.0257103568330429,0.119166666666667,0.189506946961214,38.4,0,0,1,4,40,6
G3_P2_case36.mat,10,0.247892443500672,0.0402917980023374,-0.165650634631381,0.0739639678372397,0.0225457272737374,0.0224306142951206,0.1,0.247892443500672,38.4,0,0,1,4,40,6
G3_P2_case36.mat,11,0.28447393782443,0.106059220163365,0.119343413529219,0.166980715837656,0.132343267924183,0.0202107450753344,0.100833333333333,0.28447393782443,38.8,0,0,1,4,40,6
G3_P2_case36.mat,12,0.182402186115826,0.0475538753318279,-0.00774813904094715,0.0691535428666981,0.0662614722840818,0.0151625591304963,0.1025,0.182402186115826,38.4,0,0,1,4,40,6
G3_P2_case36.mat,13,0.0955964968502884,0.0360640573507777,-0.176358488617237,0.0760449233283387,0.0364064165953092,0.00982733922442978,0.0758333333333333,0.0955964968502884,38.4,0,0,1,4,40,6
G3_P2_case36.mat,14,0.0865681046233208,0.0224737297985096,-0.109822317770514,0.0495017337741138,0.0205483905279563,0.00683476324588121,0.0641666666666667,0.0865681046233208,38.4,0,0,1,4,40,6
G3_P2_case36.mat,15,0.0725372506613831,0.0408778269457228,0.16154297784014,0.0627170046616289,0.0469805881461716,0.00359314263150618,0.065,0.0725372506613831,38.4,0,0,1,4,40,6
G3_P2_case36.mat,16,0.0434934600116127,0.0433093775057529,-0.0177551158762585,0.0724451914609267,0.0442575295322226,0.00235706747494959,0.045,0.0434934600116127,38.4,0,0,1,4,40,6
G3_P2_case36.mat,17,0.0436788167577349,0.0319560722497383,-0.179861778829146,0.059720895678743,0.0270753933734753,0.00223794497342116,0.0433333333333333,0.0436788167577349,38.4,0,0,1,4,40,6
G3_P2_case36.mat,18,0.0540679331199003,0.0524081180368377,-0.178414565342086,0.0874018878455665,0.0512865449920857,0.00209045786677735,0.05,0.0540679331199003,38.8,0,0,1,4,40,6
G3_P2_case36.mat,19,0.0509500661165966,0.0383641461558778,-0.0672538746445424,0.0634013442392822,0.0400208150217562,0.00321750510213524,0.0491666666666667,0.0509500661165966,38.4,0,0,1,4,40,6
G3_P3_case31.mat,1,0.14156001343266,0.16786090768901,0.0191534905091422,0.290502391236783,0.160584405754917,0.010751836572808,0.0466666666666667,0.14156001343266,41.6,0,0,0,0,45,2
G3_P3_case31.mat,2,0.143880045866397,0.161353931065727,0.106488995658234,0.276045211270495,0.15572629772193,0.00630542272731372,0.05,0.143880045866397,36.4,0,0,0,0,45,2
G3_P3_case31.mat,3,0.140358265835882,0.166938640932795,-0.0483034433184095,0.294331877190067,0.159950247282086,0.0104668309971848,0.0416666666666667,0.140358265835882,41.6,0,0,0,0,45,2
G3_P3_case31.mat,4,0.132877579248763,0.155558940322382,0.00562491808194354,0.277782040107126,0.149911251623454,0.00656520938138501,0.035,0.132877579248763,36,0,0,0,0,45,2
G3_P3_case31.mat,5,0.165819164259598,0.162718266001118,-0.000133252963017575,0.296817613578963,0.152285035544404,0.014193381875549,0.0833333333333333,0.165819164259598,36.4,0,0,0,0,45,2
G3_P3_case31.mat,6,0.166993127805797,0.139100354728101,-0.077562341996648,0.255434318907315,0.128227389871014,0.009081543951607,0.085,0.166993127805797,33.2,0,0,0,0,45,2
G3_P3_case31.mat,7,0.165133949870499,0.169120942096398,0.125691981382598,0.28439492153129,0.166524105004791,0.0094539124630687,0.08,0.165133949870499,45.2,0,0,0,0,45,2
G3_P3_case31.mat,8,0.177555650252004,0.179714973979085,-0.0182725136971375,0.297552960771838,0.179554853549238,0.0100737596157628,0.09,0.177555650252004,45.2,0,0,0,0,45,2
G3_P3_case31.mat,9,0.220086821870289,0.174949941304478,0.0327797506983522,0.294945267551126,0.171193339993387,0.0116374702560276,0.0741666666666667,0.220086821870289,45.2,0,0,0,0,45,2
G3_P3_case31.mat,10,0.202765429917493,0.152603468950454,0.331695700318737,0.269973223664448,0.150884078542955,0.012762085916073,0.0675,0.202765429917493,45.2,0,0,0,0,45,2
G3_P3_case31.mat,11,0.224903941507462,0.164502764751366,-0.283160205672236,0.284523623573436,0.163448073103382,0.0111263988329047,0.0666666666666667,0.224903941507462,45.2,0,0,0,0,45,2
G3_P3_case31.mat,12,0.14844936001402,0.163453378720319,0.107378761772009,0.279572963888832,0.157323417168433,0.0110994920483762,0.0816666666666667,0.14844936001402,37.2,0,0,0,0,45,2
G3_P3_case31.mat,13,0.146903262444912,0.165200938463044,0.147076727522816,0.285145229226772,0.160088320494144,0.00917419581005887,0.0566666666666667,0.146903262444912,44.8,0,0,0,0,45,2
G3_P3_case31.mat,14,0.14875007207435,0.16642498676025,0.0256087692758551,0.287747922236759,0.161479857599332,0.0112164287229972,0.0883333333333333,0.14875007207435,38.8,0,0,0,0,45,2
G3_P3_case31.mat,15,0.174157176997902,0.171028216064241,0.029597359917113,0.296847291643545,0.163335282444931,0.00949750396840223,0.0966666666666667,0.174157176997902,33.2,0,0,0,0,45,2
G3_P3_case31.mat,16,0.134129961886603,0.153033009930937,0.128658379418405,0.269513169482139,0.146197872149313,0.0104600291972967,0.0583333333333333,0.134129961886603,41.6,0,0,0,0,45,2
G3_P3_case31.mat,17,0.138094985970531,0.16352415786668,-0.0951780661365171,0.283585986929443,0.156939708477446,0.010951407767806,0.0666666666666667,0.138094985970531,41.6,0,0,0,0,45,2
G3_P3_case31.mat,18,0.173364550412934,0.167690588158538,-0.139029430913689,0.286531149882434,0.167519275580962,0.00910196278044391,0.065,0.173364550412934,41.6,0,0,0,0,45,2
G3_P3_case31.mat,19,0.144637478341033,0.162258971335858,0.0770959448674568,0.284944494474275,0.156291590211539,0.0112518270364853,0.0533333333333333,0.144637478341033,36.4,0,0,0,0,45,2
G3_P3_case35.mat,1,0.331818463554944,0.429841372845858,0.0894787603176163,0.744977396137604,0.420805714124835,0.0639063403034125,0.00333333333333333,0.331818463554944,40,4,4,0,0,40,6
G3_P3_case35.mat,2,0.316856858499021,0.406673801146665,0.0449394158360989,0.701046820918567,0.393225273012312,0.0809223034744359,0.0466666666666667,0.316856858499021,40,4,4,0,0,40,6
G3_P3_case35.mat,3,0.328261761125841,0.428915092254717,-0.0964919466546363,0.739757204474892,0.412346471622815,0.0691119335694482,0.0166666666666667,0.328261761125841,40,4,4,0,0,40,6
G3_P3_case35.mat,4,0.331373076847967,0.418031234159199,-0.0285393216908279,0.729878993741904,0.405300415948269,0.0756855596800185,0.0266666666666667,0.331373076847967,40,4,4,0,0,40,6
G3_P3_case35.mat,5,0.308931251218905,0.420169940978747,0.035558790497273,0.720531542850374,0.412052290147055,0.058612494229218,0.00333333333333333,0.308931251218905,40,4,4,0,0,40,6
G3_P3_case35.mat,6,0.296998010973969,0.418809134041769,0.0440704717359546,0.720426738329947,0.41006099731046,0.0235886942260223,0,0.296998010973969,40,4,4,0,0,40,6
G3_P3_case35.mat,7,0.304770237313384,0.433267346007462,0.0832797181475003,0.742334391922936,0.422517681583869,0.0115928284349457,0,0.304770237313384,40,4,4,0,0,40,6
G3_P3_case35.mat,8,0.30860090299373,0.415707358154604,-0.0158842255067876,0.718041856942513,0.403336614181356,0.0111009569059715,0.00666666666666667,0.30860090299373,40,4,4,0,0,40,6
G3_P3_case35.mat,9,0.30345359941465,0.425181689822761,-0.000857023110439692,0.731740438061833,0.411383087095481,0.0183095235781039,0,0.30345359941465,40,4,4,0,0,40,6
G3_P3_case35.mat,10,0.308240526142434,0.427736902515604,-0.0306082469026591,0.739857453169787,0.411924763850933,0.0291913859048003,0,0.308240526142434,40,4,4,0,0,40,6
G3_P3_case35.mat,11,0.296587853701753,0.418341892696332,0.0281364439153751,0.720413180335668,0.408547895723673,0.0203757897238353,0,0.296587853701753,40,4,4,0,0,40,6
G3_P3_case35.mat,12,0.304615363565619,0.432176129448409,-0.0480043523225233,0.745226258823548,0.417505788079014,0.0108685501271681,0,0.304615363565619,40,4,4,0,0,40,6
G3_P3_case35.mat,13,0.306904361201816,0.401195843236712,0.0159009766772175,0.697465711386638,0.388533746248898,0.0168481465674576,0.00833333333333333,0.306904361201816,40,4,4,0,0,40,6
G3_P3_case35.mat,14,0.292651719252325,0.402388727482313,0.0211387079496449,0.705974464201704,0.387351516394585,0.0140475917968504,0.000833333333333333,0.292651719252325,40,4,4,0,0,40,6
G3_P3_case35.mat,15,0.339124993508381,0.412325164540687,-0.218489611095713,0.707238699133237,0.40338985990935,0.0524649955226189,0.0225,0.339124993508381,40,4,4,0,0,40,6
G3_P3_case35.mat,16,0.299885116289777,0.397288914638058,-0.0486059723898042,0.687710629452122,0.384127737282332,0.0638596895443679,0.0116666666666667,0.299885116289777,40,4,4,0,0,40,6
G3_P3_case35.mat,17,0.301401788753011,0.404128708809804,-0.0356286407544016,0.694777175169791,0.395100953162328,0.0643919661275692,0.005,0.301401788753011,40,4,4,0,0,40,6
G3_P3_case35.mat,18,0.350619308903263,0.417334229551361,0.00870032205643357,0.715651869545284,0.408519463246682,0.0663870504502225,0.0383333333333333,0.350619308903263,40,4,4,0,0,40,6
G3_P3_case36.mat,1,0.217143992951513,0.174624022495174,0.189785657674713,0.31101190858402,0.163604176748836,0.0804191049703691,0.140833333333333,0.217143992951513,40,0,0,1,4,40,6
G3_P3_case36.mat,2,0.23601247917265,0.180402891586634,0.194804339092217,0.3072722887808,0.179974780280553,0.0819180124825366,0.115833333333333,0.23601247917265,40,0,0,1,4,40,6
G3_P3_case36.mat,3,0.267284114635825,0.161744484614982,0.27345952563473,0.28618120366672,0.152565124922542,0.087823496088709,0.116666666666667,0.267284114635825,40,0,0,1,4,40,6
G3_P3_case36.mat,4,0.247926416993782,0.150562779259189,0.199345508922712,0.263519773122527,0.148532434336703,0.079614687903474,0.105,0.247926416993782,40,0,0,1,4,40,6
G3_P3_case36.mat,5,0.138797849387329,0.133660332652035,0.228260409485533,0.236579389411656,0.125434108875566,0.0473408572301231,0.0958333333333333,0.138797849387329,40,0,0,1,4,40,6
G3_P3_case36.mat,6,0.121387700284507,0.148379480416049,0.151362316059049,0.260186360307728,0.146049767918966,0.0178525107736575,0.025,0.121387700284507,40,0,0,1,4,40,6
G3_P3_case36.mat,7,0.176734119489137,0.146249568266564,-0.140463310570868,0.258981316081238,0.136950036837374,0.00902339019676363,0.05,0.176734119489137,40,0,0,1,4,40,6
G3_P3_case36.mat,8,0.129002107091747,0.165280141139578,0.0621547681887495,0.289857762554372,0.156850901461141,0.0105174720282177,0.01,0.129002107091747,40,0,0,1,4,40,6
G3_P3_case36.mat,9,0.132393607698669,0.151658734788559,0.0569338285048918,0.268481224854058,0.14334084393268,0.0292963096125909,0.05,0.132393607698669,40,0,0,1,4,40,6
G3_P3_case36.mat,10,0.126139508493402,0.142657286889967,-0.277256449683798,0.249168233821799,0.134625022143445,0.0297119706373801,0.0591666666666667,0.126139508493402,40,0,0,1,4,40,6
G3_P3_case36.mat,11,0.120045965994441,0.151122156548336,-0.067091126321446,0.26007632242096,0.148929288976755,0.013595254648256,0.02,0.120045965994441,40,0,0,1,4,40,6
G3_P3_case36.mat,12,0.121782916745474,0.152909817445449,0.121839316196946,0.257319689079721,0.151279477255691,0.00604116398854726,0.0141666666666667,0.121782916745474,40,0,0,1,4,40,6
G3_P3_case36.mat,13,0.118623003117959,0.117185265856876,0.0441285520454308,0.209513540344054,0.112482078175136,0.0230894726582915,0.0675,0.118623003117959,40,0,0,1,4,40,6
G3_P3_case36.mat,14,0.137336751778154,0.152288709146623,-0.0233777094955111,0.266342412871684,0.144809072508885,0.0258603034635381,0.0625,0.137336751778154,40,0,0,1,4,40,6
G3_P3_case36.mat,15,0.164130939597101,0.12846021933843,0.0685688357894807,0.227190085402854,0.120775592172475,0.0717144765737812,0.136666666666667,0.164130939597101,40,0,0,1,4,40,6
G3_P3_case36.mat,16,0.152471475044738,0.134948059086787,0.198591561963574,0.232195638758578,0.131947020363915,0.0677919861394524,0.1525,0.152471475044738,40,0,0,1,4,40,6
G3_P3_case36.mat,17,0.149731762180788,0.127434183643851,0.0712509541540496,0.219473668736649,0.12355547662381,0.0678561826736986,0.124166666666667,0.149731762180788,40,0,0,1,4,40,6
G3_P3_case36.mat,18,0.201151413053827,0.154849923992184,-0.196048401769212,0.263379609413662,0.151339112465569,0.0722118767237187,0.126666666666667,0.201151413053827,40,0,0,1,4,40,6
G3_P4_case31.mat,1,0.180495933223486,0.225723790516367,0.32852928146178,0.395242844833568,0.217526039765533,0.0267198621495808,0.0175,0.180495933223486,45.2,0,0,0,0,45,2
G3_P4_case31.mat,2,0.167290306436156,0.232674908494442,0.0510785159591229,0.403830297833093,0.22559580542119,0.0183194075246683,0,0.167290306436156,45.2,0,0,0,0,45,2
G3_P4_case31.mat,3,0.171815320667088,0.236869873548374,-0.0333546643210888,0.409211385664062,0.230467518229367,0.0205745599170631,0,0.171815320667088,45.2,0,0,0,0,45,2
G3_P4_case31.mat,4,0.169796082586163,0.234655166943474,-0.0170615017657659,0.407335484920712,0.226045097709508,0.0180232815881927,0,0.169796082586163,45.2,0,0,0,0,45,2
G3_P4_case31.mat,5,0.187169270684362,0.234344465514266,0.0147694091986714,0.408877431441938,0.224862673299601,0.0370991317732591,0.0608333333333333,0.187169270684362,45.2,0,0,0,0,45,2
G3_P4_case31.mat,6,0.198024738883444,0.233448434330022,0.304082061658885,0.405399333428988,0.224850812369157,0.0468277617360657,0.115833333333333,0.198024738883444,45.2,0,0,0,0,45,2
G3_P4_case31.mat,7,0.187167449877115,0.237275686926309,0.0497140611987721,0.408120328742062,0.230160934101447,0.0408764125812205,0.07,0.187167449877115,45.2,0,0,0,0,45,2
G3_P4_case31.mat,8,0.185107900160237,0.2287270046339,-0.0650788146448776,0.397461884351878,0.220042029185166,0.0428589457374349,0.0866666666666667,0.185107900160237,45.2,0,0,0,0,45,2
G3_P4_case31.mat,9,0.181637882180215,0.227594874654643,-0.00958592589415958,0.389475780843196,0.220834451157136,0.0454838394626712,0.0816666666666667,0.181637882180215,45.2,0,0,0,0,45,2
G3_P4_case31.mat,10,0.17275594562444,0.222388715148125,0.0554669303863016,0.385821689366144,0.215751977364323,0.0330507023767677,0.05,0.17275594562444,45.2,0,0,0,0,45,2
G3_P4_case31.mat,11,0.168985670120905,0.220320460854834,-0.00842844453508569,0.381260767716822,0.213809043678002,0.0266080394831659,0.0333333333333333,0.168985670120905,45.6,0,0,0,0,45,2
G3_P4_case31.mat,12,0.172697537889277,0.221176595572614,-0.0581712124940808,0.383552701667644,0.213882866100602,0.0322526128005694,0.055,0.172697537889277,45.2,0,0,0,0,45,2
G3_P4_case31.mat,13,0.16861883808907,0.223198091039073,-0.0581384769788363,0.384485674315099,0.217063484818539,0.0259164336933088,0.0183333333333333,0.16861883808907,45.2,0,0,0,0,45,2
G3_P4_case31.mat,14,0.17149420714017,0.220727058494968,-0.017324377008145,0.379209600177334,0.214223108336629,0.0327944136645943,0.0566666666666667,0.17149420714017,45.2,0,0,0,0,45,2
G3_P4_case31.mat,15,0.174389274034672,0.21926183420643,-0.0163812340374347,0.381846469335685,0.211319113120147,0.0406192074671758,0.0733333333333333,0.174389274034672,45.2,0,0,0,0,45,2
G3_P4_case31.mat,16,0.162939641877757,0.217316333228191,0.0260826407223908,0.373788431385874,0.210014736448405,0.0274838350235877,0.0225,0.162939641877757,45.2,0,0,0,0,45,2
G3_P4_case31.mat,17,0.165977712041662,0.21869928367941,-0.0176514242950863,0.379619517965826,0.211882206136074,0.0276566113694551,0.0233333333333333,0.165977712041662,45.2,0,0,0,0,45,2
G3_P4_case31.mat,18,0.164194563580327,0.216064024517626,-0.0463655006409897,0.374492099350476,0.20838159646975,0.0262598400107395,0.03,0.164194563580327,45.2,0,0,0,0,45,2
G3_P4_case31.mat,19,0.163929930139887,0.216098315806107,-0.0160883404746245,0.374683995726378,0.209146036709708,0.0272463890608818,0.0233333333333333,0.163929930139887,45.2,0,0,0,0,45,2
G3_P4_case31.mat,20,0.162524209711809,0.214002682226251,0.0123315742770354,0.369494406981256,0.206836050430293,0.0290741243399813,0.0233333333333333,0.162524209711809,45.2,0,0,0,0,45,2
G3_P4_case35.mat,1,0.259573227010381,0.29934497555612,0.0618185835264262,0.52848085066238,0.285020390733718,0.0692353196323158,0.095,0.259573227010381,39.6,4,4,0,0,40,6
G3_P4_case35.mat,2,0.249344870887483,0.299980086228412,0.190910422761613,0.519258119580792,0.287725383120712,0.0771032650866584,0.101666666666667,0.249344870887483,39.6,4,4,0,0,40,6
G3_P4_case35.mat,3,0.245612582762609,0.292060460833887,-0.0216575113825427,0.510440591240632,0.283484144011747,0.0734254868748456,0.0958333333333333,0.245612582762609,39.6,4,4,0,0,40,6
G3_P4_case35.mat,4,0.256049589106227,0.31139875334723,-0.0464447203448483,0.534838469734258,0.302239033356552,0.076070015203911,0.0966666666666667,0.256049589106227,39.6,4,4,0,0,40,6
G3_P4_case35.mat,5,0.256466052606136,0.303834668882246,0.00826109025544619,0.532770659645259,0.293689963185007,0.0805883470709165,0.0783333333333333,0.256466052606136,39.6,4,4,0,0,40,6
G3_P4_case35.mat,6,0.365904755878949,0.363083567951934,-0.253159053431783,0.65614407182902,0.350661001028419,0.080151157076849,0.105833333333333,0.365904755878949,39.6,4,4,0,0,40,6
G3_P4_case35.mat,7,0.351956652995594,0.307728581309394,0.117523753498252,0.525721157795724,0.307221588494999,0.110301977346994,0.104166666666667,0.351956652995594,40.8,4,4,0,0,40,6
G3_P4_case35.mat,8,0.236351595651609,0.326072134851263,0.0333748083405899,0.552558655221038,0.321551469377924,0.0408396921571415,0.00333333333333333,0.236351595651609,39.6,4,4,0,0,40,6
G3_P4_case35.mat,9,0.230733840210372,0.307642918791447,-0.0839510876572952,0.532234406777088,0.298290314586099,0.0301396356515887,0.005,0.230733840210372,39.6,4,4,0,0,40,6
G3_P4_case35.mat,10,0.222376523342132,0.305049466867298,-0.00527543844544196,0.523929906285816,0.297142720277545,0.0329593397021429,0,0.222376523342132,39.6,4,4,0,0,40,6
G3_P4_case35.mat,11,0.228292303873192,0.311725501353859,-0.0130011687349851,0.54073625219157,0.300423600010481,0.0307536429064148,0.00166666666666667,0.228292303873192,39.6,4,4,0,0,40,6
G3_P4_case35.mat,12,0.228445904960456,0.297992314922117,-0.0964886764128959,0.523840363512578,0.286414713098365,0.0322114487533951,0.015,0.228445904960456,39.6,4,4,0,0,40,6
G3_P4_case35.mat,13,0.235903223917174,0.305264931427475,0.174790453561414,0.532999120146751,0.293351565333601,0.0382443842173686,0.0341666666666667,0.235903223917174,39.6,4,4,0,0,40,6
G3_P4_case35.mat,14,0.323326053301157,0.331898176221471,0.150887448948673,0.570989002113167,0.315235329866166,0.0648931317930857,0.104166666666667,0.323326053301157,39.6,4,4,0,0,40,6
G3_P4_case35.mat,15,0.267516393000064,0.288607551536342,-0.0551849743904659,0.515873000611709,0.268193864100831,0.0742353915049139,0.0966666666666667,0.267516393000064,39.6,4,4,0,0,40,6
G3_P4_case35.mat,16,0.24765318075938,0.297564121754986,-0.0115617763470268,0.519263988333696,0.284987768236792,0.0736542373928675,0.0833333333333333,0.24765318075938,39.6,4,4,0,0,40,6
G3_P4_case35.mat,17,0.254012052940296,0.309207786264131,-0.0134745217393024,0.536645600683151,0.299579098223606,0.07135937529589,0.07,0.254012052940296,39.6,4,4,0,0,40,6
G3_P4_case35.mat,18,0.249299051636675,0.300757972260351,-0.0533599682341733,0.517839621601718,0.290211672743951,0.0747293822238465,0.095,0.249299051636675,39.6,4,4,0,0,40,6
G3_P4_case35.mat,19,0.245980539030438,0.300024555489723,-0.00377839081135604,0.521067490906127,0.290598616223995,0.0701974321133144,0.0766666666666667,0.245980539030438,39.6,4,4,0,0,40,6
G3_P4_case35.mat,20,0.251913645347261,0.307709550994236,0.003610591257625,0.535539752808928,0.296234986909751,0.0708098079674914,0.0733333333333333,0.251913645347261,39.6,4,4,0,0,40,6
G3_P4_case35.mat,21,0.216535834515342,0.300333922450884,0.23924944550832,0.519968719591332,0.288735159760198,0.0170296384143567,0.00916666666666667,0.216535834515342,39.2,4,4,0,0,40,6
G3_P4_case36.mat,1,0.124566166676717,0.0636612632698086,0.215273813358144,0.120353877413691,0.058351075259311,0.0420625364319027,0.144166666666667,0.124566166676717,39.6,0,0,1,4,40,6
G3_P4_case36.mat,2,0.0994429063809286,0.0701361233884953,0.0118480177450447,0.123183562513485,0.0687168279012177,0.0316342435308362,0.131666666666667,0.0994429063809286,39.6,0,0,1,4,40,6
G3_P4_case36.mat,3,0.0905374319281602,0.0646130748117165,-0.0734930285039138,0.112862406943215,0.0639854564822842,0.0286934540881445,0.130833333333333,0.0905374319281602,39.6,0,0,1,4,40,6
G3_P4_case36.mat,4,0.0916280428431529,0.0643237177378515,-0.118842736512319,0.113646310941135,0.0624261915192838,0.0310503519001993,0.1325,0.0916280428431529,39.6,0,0,1,4,40,6
G3_P4_case36.mat,5,0.0879844620980738,0.0663806418791441,-0.230350462405941,0.109536354262387,0.0633394617702806,0.0372625927386182,0.141666666666667,0.0879844620980738,39.6,0,0,1,4,40,6
G3_P4_case36.mat,6,0.14962791264658,0.0576224598193697,-0.138804286771348,0.0862715781065953,0.0634210453770439,0.0499344617960261,0.13,0.14962791264658,41.2,0,0,1,4,40,6
G3_P4_case36.mat,7,0.109574066226205,0.0409996078524758,0.080496494030753,0.0742187309135184,0.0326492032941675,0.0416821183172591,0.128333333333333,0.109574066226205,40.8,0,0,1,4,40,6
G3_P4_case36.mat,8,0.0510564577585961,0.0479892523748509,0.0593901138848199,0.0855089399473202,0.0450592840374491,0.00556712891722655,0.0333333333333333,0.0510564577585961,39.6,0,0,1,4,40,6
G3_P4_case36.mat,9,0.0566149605933507,0.0457696027600271,-0.028694584795908,0.0788014819923333,0.0441043587103062,0.00805493376974637,0.0616666666666667,0.0566149605933507,39.2,0,0,1,4,40,6
G3_P4_case36.mat,10,0.0415212391364303,0.0487121990540196,0.00502760779313329,0.0843926457713206,0.0468640633452013,0.0109326774415587,0.08,0.0415212391364303,39.6,0,0,1,4,40,6
G3_P4_case36.mat,11,0.061420310245677,0.0500341530637239,-0.00752434718174077,0.0858839763686631,0.0482448400131428,0.00914977591685806,0.05,0.061420310245677,39.6,0,0,1,4,40,6
G3_P4_case36.mat,12,0.043140149864517,0.0539759496547541,0.018788269864173,0.0904728861958207,0.0530058482566729,0.00538763154436174,0.015,0.043140149864517,39.6,0,0,1,4,40,6
G3_P4_case36.mat,13,0.0898073202293414,0.0547668278432326,-0.0190640843662502,0.101556795638974,0.0540407759551252,0.021544682393059,0.095,0.0898073202293414,41.2,0,0,1,4,40,6
G3_P4_case36.mat,14,0.113966542024625,0.0442609176941245,-0.0675887619194608,0.0856155160385927,0.039927701684604,0.0321522214836416,0.128333333333333,0.113966542024625,39.6,0,0,1,4,40,6
G3_P4_case36.mat,15,0.0879267084773783,0.052398133836274,-0.017736300151971,0.0902121890750081,0.0478383976745057,0.0325947431769578,0.14,0.0879267084773783,39.6,0,0,1,4,40,6
G3_P4_case36.mat,16,0.0750760866321869,0.044777256194166,0.347108376790293,0.0748532120487541,0.0449216739763854,0.0312834097900535,0.151666666666667,0.0750760866321869,39.6,0,0,1,4,40,6
G3_P4_case36.mat,17,0.0776106870877924,0.0509674236716765,-0.0299000566722907,0.0865337225309158,0.0525678508218614,0.0289087382224369,0.143333333333333,0.0776106870877924,39.6,0,0,1,4,40,6
G3_P4_case36.mat,18,0.0796199517300197,0.051189533540185,-0.021227745196452,0.094802174660463,0.0479419804398979,0.0286286045138841,0.133333333333333,0.0796199517300197,39.6,0,0,1,4,40,6
G4_P1_case41.mat,1,0.381837923687566,0.498226143303659,-0.111618726878913,0.861307477909391,0.483626922891501,0.0611398689239037,0.00166666666666667,0.381837923687566,50,0,0,0,0,50,3
G4_P1_case41.mat,2,0.386836371454655,0.497069022284896,0.0554376407462845,0.859140746990298,0.481327758153182,0.0708423375577574,0.0133333333333333,0.386836371454655,50,0,0,0,0,50,3
G4_P1_case41.mat,3,0.392837374015486,0.496616575084752,0.0293504185927411,0.861076942444412,0.481184716235507,0.0758908621700978,0.0133333333333333,0.392837374015486,50,0,0,0,0,50,3
G4_P1_case41.mat,4,0.388752615276444,0.493875241802303,-0.0706987186919142,0.855741118254363,0.478526435892984,0.073879539872229,0.00666666666666667,0.388752615276444,50,0,0,0,0,50,3
G4_P1_case41.mat,5,0.391758572791124,0.497400122120409,-0.0136194552769889,0.861065966383015,0.481148261367644,0.0737244947595547,0.0166666666666667,0.391758572791124,50,0,0,0,0,50,3
G4_P1_case41.mat,6,0.390536236867228,0.495012462780028,0.055010873306442,0.85525075026554,0.479721738301897,0.0727163957552305,0.0266666666666667,0.390536236867228,50,0,0,0,0,50,3
G4_P1_case41.mat,7,0.390073464854375,0.498450437724932,-0.0282132375004625,0.861563657434484,0.483617212394674,0.0689969125105853,0.01,0.390073464854375,50,0,0,0,0,50,3
G4_P1_case41.mat,8,0.378795590684266,0.496297257358949,-0.0530636721841488,0.858629149156056,0.48018961770947,0.0594177128515111,0,0.378795590684266,50,0,0,0,0,50,3
G4_P1_case41.mat,9,0.379379557690888,0.495629360520232,0.044195488918904,0.856809135048766,0.479678937037359,0.0591636760114419,0.00333333333333333,0.379379557690888,50,0,0,0,0,50,3
G4_P1_case41.mat,10,0.371986456919496,0.493434926596865,0.035297060834727,0.853229820998628,0.479697532344065,0.0488001422920303,0.0133333333333333,0.371986456919496,50,0,0,0,0,50,3
G4_P1_case41.mat,11,0.364100211806075,0.502920253979989,-0.0887340537424453,0.861642811207187,0.48918517759706,0.0398443282166481,0.00166666666666667,0.364100211806075,50,0,0,0,0,50,3
G4_P1_case41.mat,12,0.377438969548011,0.503007465739104,-0.0216618606591984,0.865889386879839,0.488800780701742,0.0505958181850158,0.005,0.377438969548011,50,0,0,0,0,50,3
G4_P1_case41.mat,13,0.374144419708265,0.494295450118293,0.0499487231524424,0.856583890442814,0.477749511348802,0.0523132092461728,0,0.374144419708265,50,0,0,0,0,50,3
G4_P1_case41.mat,14,0.374829639665212,0.495960746764823,-0.06012742068457,0.858025525999973,0.481623856362105,0.0533277928300324,0,0.374829639665212,50,0,0,0,0,50,3
G4_P1_case41.mat,15,0.395222451971913,0.497767806384323,-0.0224517111160836,0.861316132299196,0.481727849510155,0.0678774001692562,0.0166666666666667,0.395222451971913,50,0,0,0,0,50,3
G4_P1_case41.mat,16,0.391989886088628,0.497055035220598,0.0116933251122063,0.860118628523947,0.48079517946942,0.0710477008887729,0.0166666666666667,0.391989886088628,50,0,0,0,0,50,3
G4_P1_case41.mat,17,0.380621234093858,0.495051143196792,0.0583831426658881,0.859095314774768,0.477886061013534,0.0621327650710357,0.00333333333333333,0.380621234093858,50,0,0,0,0,50,3
G4_P1_case41.mat,18,0.381190043358067,0.494045597459918,-0.0855201947438842,0.855907649309663,0.477173519009566,0.0649196666631855,0.00333333333333333,0.381190043358067,50,0,0,0,0,50,3
G4_P1_case41.mat,19,0.384523132734001,0.497093916531316,-0.0185424651039021,0.860980764792669,0.481379135748679,0.0678317235478776,0.00166666666666667,0.384523132734001,50,0,0,0,0,50,3
G4_P1_case41.mat,20,0.38374951023791,0.496327154472092,0.0734485569734954,0.858696098236399,0.480980002944405,0.0681955502343054,0.00166666666666667,0.38374951023791,50,0,0,0,0,50,3
G4_P1_case45.mat,1,0.0829981430356026,0.0577756803527024,-0.047794318685817,0.105728074436474,0.0514189921509263,0.0094003323877306,0.0766666666666667,0.0829981430356026,44.8,4,5,0,0,45,6
G4_P1_case45.mat,2,0.0642957780095432,0.0694416414704272,-0.243207677872098,0.120915201664358,0.0667964791881628,0.006679954154387,0.06,0.0642957780095432,44.8,4,5,0,0,45,6
G4_P1_case45.mat,3,0.0651699614081476,0.0682756343427444,0.240667345429729,0.117644814980979,0.0661635400030649,0.00712481000323125,0.0658333333333333,0.0651699614081476,45.2,4,5,0,0,45,6
G4_P1_case45.mat,4,0.0673019781306327,0.0695268457976646,0.108580742729345,0.120020413913431,0.0674686458267359,0.0074318358011767,0.0683333333333333,0.0673019781306327,45.2,4,5,0,0,45,6
G4_P1_case45.mat,5,0.0713807284636788,0.0686228784555296,0.147847370298258,0.11951604056341,0.0666765363373333,0.00792847465580736,0.0766666666666667,0.0713807284636788,45.2,4,5,0,0,45,6
G4_P1_case45.mat,6,0.0960928874871058,0.0610104586653201,0.00730495635518663,0.0891594850830251,0.063530370323447,0.014132991699936,0.204166666666667,0.0960928874871058,32.8,4,5,0,0,45,6
G4_P1_case45.mat,7,0.107568784736601,0.0582880175711364,-0.0277139737919216,0.104124349410581,0.0538515286647524,0.0137938037038695,0.255833333333333,0.107568784736601,32.8,4,5,0,0,45,6
G4_P1_case45.mat,8,0.127633438412972,0.0813170726157511,0.461178062077914,0.145043964413424,0.0767834784252876,0.0211876303923209,0.271666666666667,0.127633438412972,33.2,4,5,0,0,45,6
G4_P1_case45.mat,9,0.119129402038382,0.0570006910624499,0.0728667189258109,0.0809439763752711,0.0621094137804923,0.0220300541463416,0.271666666666667,0.119129402038382,32.8,4,5,0,0,45,6
G4_P1_case45.mat,10,0.163174017255102,0.0113749457211364,0.0380406441401016,0.0317430163252054,0.0072549942669138,0.026475976120921,0.236666666666667,0.163174017255102,32.8,4,5,0,0,45,6
G4_P1_case45.mat,11,0.122607278530585,0.0376726248607096,-0.0194459401492156,0.0730410374969007,0.0311265912487401,0.0233713842446837,0.2775,0.122607278530585,32.8,4,5,0,0,45,6
G4_P1_case45.mat,12,0.131304401940857,0.0544055119682011,-0.0194444227037697,0.0972130757843382,0.0517214033395325,0.0318602076665699,0.314166666666667,0.131304401940857,32.8,4,5,0,0,45,6
G4_P1_case45.mat,13,0.0975371748831447,0.0705418404574594,-0.11734023284707,0.121775838417079,0.0672010686422886,0.0200169427283887,0.251666666666667,0.0975371748831447,32.8,4,5,0,0,45,6
G4_P1_case45.mat,14,0.0980009794193351,0.0689717942321845,0.0980130744991607,0.118082777264145,0.0673797284996627,0.0143710070398893,0.190833333333333,0.0980009794193351,32.8,4,5,0,0,45,6
G4_P1_case45.mat,15,0.0650030959283696,0.0708742141558567,0.0455549439226015,0.121373584302211,0.0693472043390561,0.00672889648124141,0.07,0.0650030959283696,45.2,4,5,0,0,45,6
G4_P1_case45.mat,16,0.0628754266272369,0.0680947134996795,0.146635936997647,0.116990407380313,0.0660714230239702,0.00685992683835832,0.065,0.0628754266272369,45.2,4,5,0,0,45,6
G4_P1_case45.mat,17,0.0698439058524262,0.0700796106750834,-0.0953472221372549,0.122755262464487,0.0681770961919371,0.00783323023972718,0.0683333333333333,0.0698439058524262,44.8,4,5,0,0,45,6
G4_P1_case45.mat,18,0.0749856907909675,0.0675393650254014,-0.0915995966023991,0.118758148804381,0.0647461843629505,0.00820958509189746,0.0716666666666667,0.0749856907909675,44.8,4,5,0,0,45,6
G4_P1_case46.mat,1,0.235521508450268,0.324209592537446,0.150434024488047,0.56601223212564,0.310698892168825,0.00837114675747502,0.00333333333333333,0.235521508450268,44.8,0,0,1,5,45,6
G4_P1_case46.mat,2,0.23332149309561,0.331101013174984,-0.0436144816846529,0.574281659953968,0.319661335250887,0.00585481495048514,0,0.23332149309561,44.8,0,0,1,5,45,6
G4_P1_case46.mat,3,0.233425067757895,0.330249183765932,0.034969840835309,0.573148443356278,0.318866018434177,0.00696895690668432,0,0.233425067757895,44.8,0,0,1,5,45,6
G4_P1_case46.mat,4,0.233061981279548,0.33098767201848,-0.0419149237945665,0.572950487492953,0.320266238182128,0.00667338289435272,0,0.233061981279548,45.2,0,0,1,5,45,6
G4_P1_case46.mat,5,0.240983417371932,0.332552953178213,-0.0228955462106522,0.575330662997902,0.3212728385121,0.0104665676155125,0.00333333333333333,0.240983417371932,45.2,0,0,1,5,45,6
G4_P1_case46.mat,6,0.247251114338193,0.335393743677161,0.00203431731010861,0.579066157053813,0.326572407728191,0.0118038036532204,0.01,0.247251114338193,45.2,0,0,1,5,45,6
G4_P1_case46.mat,7,0.241562802607565,0.331885581783423,0.0548481724783071,0.574800637651383,0.321625006749708,0.0101058157212723,0,0.241562802607565,33.2,0,0,1,5,45,6
G4_P1_case46.mat,8,0.251906810580801,0.340095357135714,-0.0111346363860899,0.588069488944604,0.328650145975611,0.0141068459871885,0.0133333333333333,0.251906810580801,44.8,0,0,1,5,45,6
G4_P1_case46.mat,9,0.260219974189776,0.337977573247584,-0.0597699925210758,0.58378925165909,0.328758305122043,0.0174469760552428,0.0216666666666667,0.260219974189776,44.8,0,0,1,5,45,6
G4_P1_case46.mat,10,0.255159292890404,0.33380924601444,-0.0302228607308688,0.578980647620386,0.323353808797325,0.0125529379979465,0.0316666666666667,0.255159292890404,45.2,0,0,1,5,45,6
G4_P1_case46.mat,11,0.243011101452876,0.330457130665603,-0.0394000641412472,0.572554660153825,0.319361189507342,0.0121995855159002,0.01,0.243011101452876,32.8,0,0,1,5,45,6
G4_P1_case46.mat,12,0.245258469795823,0.331959051720259,0.0079647761424558,0.575972524894908,0.321512951292741,0.0179476778292121,0.01,0.245258469795823,32.8,0,0,1,5,45,6
G4_P1_case46.mat,13,0.236936475762965,0.330909901202822,-0.0128821975057559,0.573496228636962,0.319451669915041,0.00725476057054083,0,0.236936475762965,44.8,0,0,1,5,45,6
G4_P1_case46.mat,14,0.242148718853788,0.332287082986672,-0.0616363044371548,0.573883801193929,0.32172532253394,0.0129966342899052,0.00666666666666667,0.242148718853788,44.8,0,0,1,5,45,6
G4_P1_case46.mat,15,0.234253975574762,0.330414007443084,-0.0654903512464109,0.571625823680712,0.319888858471279,0.00787357368367552,0,0.234253975574762,45.2,0,0,1,5,45,6
G4_P1_case46.mat,16,0.234400712673303,0.33154587329003,0.0343999708841985,0.573728300372907,0.320851038717483,0.00762522490482097,0,0.234400712673303,45.2,0,0,1,5,45,6
G4_P1_case46.mat,17,0.235426644432909,0.331865792408594,0.0709247223596569,0.574536995033632,0.321009685049509,0.00810928454687694,0,0.235426644432909,45.2,0,0,1,5,45,6
G4_P1_case46.mat,18,0.236526350312144,0.331459884290971,-0.0718757677587942,0.574353208169134,0.320348952099307,0.00896505401509125,0,0.236526350312144,44.8,0,0,1,5,45,6
G4_P2_case41.mat,1,0.320453503437134,0.451425017817824,-0.0342780701029335,0.779372320479221,0.433698198729037,0.0144656408987179,0.00333333333333333,0.320453503437134,49.6,0,0,0,0,50,3
G4_P2_case41.mat,2,0.320045962060132,0.457754468818581,-0.00501239142968824,0.791315282643202,0.444372346591216,0.0122977673290275,0,0.320045962060132,49.6,0,0,0,0,50,3
G4_P2_case41.mat,3,0.320694842782964,0.456572728839946,0.00308981898493741,0.793685177326974,0.442573527101451,0.0118746703987094,0,0.320694842782964,49.6,0,0,0,0,50,3
G4_P2_case41.mat,4,0.315404880117069,0.452050338802858,0.00115269148205753,0.780160401564911,0.435347803910465,0.0116301804300515,0,0.315404880117069,49.6,0,0,0,0,50,3
G4_P2_case41.mat,5,0.321184503404272,0.458102200577773,-0.00590078372982134,0.793383693841425,0.445954011225036,0.0133608428673434,0,0.321184503404272,49.6,0,0,0,0,50,3
G4_P2_case41.mat,6,0.318753130146276,0.453079876150182,0.00669118225114855,0.788758618629356,0.437082829355726,0.00478456236938914,0,0.318753130146276,49.6,0,0,0,0,50,3
G4_P2_case41.mat,7,0.315187996313579,0.452053763106064,0.017656370830628,0.779791685490519,0.435391742082108,0.00769886819956849,0,0.315187996313579,49.6,0,0,0,0,50,3
G4_P2_case41.mat,8,0.321257078757946,0.458838341170238,-0.0105568416801145,0.795519406773127,0.446981120631593,0.00800271969167479,0,0.321257078757946,49.6,0,0,0,0,50,3
G4_P2_case41.mat,9,0.316974672237505,0.452428128198429,0.00395220278279984,0.785553498689499,0.435974087760806,0.00634514155917195,0,0.316974672237505,49.6,0,0,0,0,50,3
G4_P2_case41.mat,10,0.315706464938021,0.454291756717648,0.0135331934324783,0.782415257660193,0.43894628973556,0.00663660936301971,0,0.315706464938021,49.6,0,0,0,0,50,3
G4_P2_case41.mat,11,0.320235180767707,0.456021196488743,-0.000912496086621409,0.793542045529966,0.443244245614648,0.00797378918864432,0,0.320235180767707,49.6,0,0,0,0,50,3
G4_P2_case41.mat,12,0.316284530449321,0.452936702087142,0.00469947833764602,0.783917988286854,0.436362718519887,0.00639805089956431,0,0.316284530449321,49.6,0,0,0,0,50,3
G4_P2_case41.mat,13,0.318146611394507,0.455587460770711,-0.0159936910485627,0.788612944159658,0.441047507716453,0.00635779657015281,0,0.318146611394507,49.6,0,0,0,0,50,3
G4_P2_case41.mat,14,0.319984208646833,0.456173420596932,0.00386176856798093,0.792461403046427,0.441468063467517,0.0088442142201182,0,0.319984208646833,49.6,0,0,0,0,50,3
G4_P2_case41.mat,15,0.316128892643209,0.452141638245632,-0.0104622808464503,0.783226588709232,0.435516188483197,0.00783498416545704,0,0.316128892643209,49.6,0,0,0,0,50,3
G4_P2_case41.mat,16,0.318821363185283,0.456089948136723,-0.0184747600930791,0.789927472598671,0.442123798070825,0.00647329486935071,0,0.318821363185283,49.6,0,0,0,0,50,3
G4_P2_case41.mat,17,0.319664807746265,0.454625282211599,0.00227895452130528,0.790865704554168,0.439975877130844,0.0114445285648512,0,0.319664807746265,49.6,0,0,0,0,50,3
G4_P2_case41.mat,18,0.315521530718863,0.452036874790812,-0.00629623597736337,0.779913717323514,0.435550861356044,0.0115655298133739,0,0.315521530718863,49.6,0,0,0,0,50,3
G4_P2_case41.mat,19,0.321781565106837,0.458901414088936,-0.00712144650210862,0.795247912614159,0.447226047089056,0.012597932975832,0,0.321781565106837,49.6,0,0,0,0,50,3
G4_P2_case41.mat,20,0.318146680648006,0.452673659194127,0.0063411880192192,0.785896826547323,0.436565802609421,0.0129202047015057,0,0.318146680648006,49.6,0,0,0,0,50,3
G4_P2_case45.mat,1,0.119024198191063,0.0772963098768871,0.113707356842519,0.139170048705577,0.0720723852483824,0.00561423583255599,0.0258333333333333,0.119024198191063,43.6,4,5,0,0,45,6
G4_P2_case45.mat,2,0.128142876163822,0.0760439757387388,-0.0500946566196826,0.137850514035169,0.069941539377806,0.00460164379832096,0.0233333333333333,0.128142876163822,44.8,4,5,0,0,45,6
G4_P2_case45.mat,3,0.136651314366319,0.104494528661836,0.102879269367795,0.159104313544383,0.115082455586198,0.00610404968366516,0.0233333333333333,0.136651314366319,43.6,4,5,0,0,45,6
G4_P2_case45.mat,4,0.139700293680733,0.100194304759247,0.333170344183561,0.174859269695512,0.0975816557219773,0.00483192534681749,0.0233333333333333,0.139700293680733,43.6,4,5,0,0,45,6
G4_P2_case45.mat,5,0.233802383634429,0.116147444068539,0.233927360291124,0.220501855103556,0.102494723863086,0.00899392707799769,0.0433333333333333,0.233802383634429,43.6,4,5,0,0,45,6
G4_P2_case45.mat,6,0.256621017565193,0.107921796330359,-0.0474360818476443,0.18461855041185,0.0995596561358476,0.0133462709784761,0.0733333333333333,0.256621017565193,43.6,4,5,0,0,45,6
G4_P2_case45.mat,7,0.19292222459325,0.117551361431325,-0.143653314286677,0.186984471857494,0.117090490424498,0.00701835105813964,0.0516666666666667,0.19292222459325,43.6,4,5,0,0,45,6
G4_P2_case45.mat,8,0.0992684533750762,0.0885152118718404,0.103316941354345,0.154242154309679,0.0869975805871208,0.00301187909467387,0.0191666666666667,0.0992684533750762,43.6,4,5,0,0,45,6
G4_P2_case45.mat,9,0.086187705987985,0.0794753786775346,0.109839097658414,0.145636338912752,0.0668764226258905,0.00261381498213308,0.0191666666666667,0.086187705987985,43.6,4,5,0,0,45,6
G4_P2_case45.mat,10,0.176049746919344,0.0789330555876141,-0.273538192897387,0.139975499844402,0.0741486459785126,0.00576630687582024,0.0308333333333333,0.176049746919344,44,4,5,0,0,45,6
G4_P2_case45.mat,11,0.0615741411366685,0.0836676004268102,-0.0167733870378514,0.140851828650109,0.0820475496618635,0.00385130159560155,0.005,0.0615741411366685,43.6,4,5,0,0,45,6
G4_P2_case45.mat,12,0.064613207181016,0.0813762591441542,-0.0247475881343268,0.135254263847571,0.0812877458225775,0.00343181696444037,0.015,0.064613207181016,43.6,4,5,0,0,45,6
G4_P2_case45.mat,13,0.164874374476527,0.114458132380541,0.161752757131737,0.212028649110807,0.103163625768745,0.0124612176034102,0.065,0.164874374476527,43.6,4,5,0,0,45,6
G4_P2_case45.mat,14,0.127319154860679,0.101997074670385,0.245473206527073,0.180170745161327,0.10441508449568,0.0121501419780993,0.055,0.127319154860679,43.6,4,5,0,0,45,6
G4_P2_case45.mat,15,0.0914245981981581,0.0833701665030448,0.27348309676595,0.149056335783804,0.0833761138402462,0.00737811078465708,0.0258333333333333,0.0914245981981581,43.6,4,5,0,0,45,6
G4_P2_case45.mat,16,0.0973507267776942,0.069623001527243,0.0619406453849029,0.118226118928069,0.0688572477561112,0.00476920242023239,0.0225,0.0973507267776942,43.6,4,5,0,0,45,6
G4_P2_case45.mat,17,0.0852949678583688,0.069072172505971,-0.037483920683819,0.118717776292284,0.066189502327877,0.00782280143197944,0.0216666666666667,0.0852949678583688,43.6,4,5,0,0,45,6
G4_P2_case45.mat,18,0.0883891649132736,0.0714658720621242,0.0149439344618515,0.121830626635341,0.0718512305403833,0.00545861790202271,0.03,0.0883891649132736,43.6,4,5,0,0,45,6
G4_P2_case45.mat,19,0.0921134169744782,0.0894987229690331,-0.0286244549393246,0.154160564848765,0.0917628204069298,0.00765577675229983,0.0225,0.0921134169744782,43.6,4,5,0,0,45,6
G4_P2_case46.mat,1,0.322999223168906,0.438506059160541,0.119092319938106,0.763180636067299,0.422847746770625,0.0464513950229739,0.0025,0.322999223168906,44.8,0,0,1,5,45,6
G4_P2_case46.mat,2,0.319672385095031,0.445568349076324,-0.0127377278885947,0.773286192901344,0.429733877927553,0.0440231798984314,0,0.319672385095031,44.8,0,0,1,5,45,6
G4_P2_case46.mat,3,0.320887005732478,0.444603231244142,-0.0280930033234403,0.770974264137531,0.42924355908356,0.0500312440363236,0,0.320887005732478,44.8,0,0,1,5,45,6
G4_P2_case46.mat,4,0.317327724314649,0.441702924091155,-0.027627353704854,0.766074125698827,0.426376735646818,0.044268149926969,0,0.317327724314649,44.8,0,0,1,5,45,6
G4_P2_case46.mat,5,0.360937689474369,0.446742697391592,0.0150074588448538,0.774051146013631,0.432126435015611,0.103361264292301,0.0716666666666667,0.360937689474369,44.8,0,0,1,5,45,6
G4_P2_case46.mat,6,0.401997542092113,0.447671220086875,-0.19460658484522,0.774148971185376,0.433822252313581,0.14686535082107,0.125,0.401997542092113,44.8,0,0,1,5,45,6
G4_P2_case46.mat,7,0.360565140287338,0.448458819486873,-0.219282045490908,0.775551885247799,0.433953729486597,0.0994061080756069,0.0633333333333333,0.360565140287338,44.8,0,0,1,5,45,6
G4_P2_case46.mat,8,0.319746805670327,0.445899014031428,0.0281280938835326,0.770842338459382,0.431454293169621,0.0398251541062858,0,0.319746805670327,44.8,0,0,1,5,45,6
G4_P2_case46.mat,9,0.341291402106411,0.448283674418666,-0.0152182256735832,0.778048739959835,0.433323745906993,0.0617085674654535,0.03,0.341291402106411,44.8,0,0,1,5,45,6
G4_P2_case46.mat,10,0.324617761056765,0.451050172334826,0.0239733068019312,0.78284156846566,0.436136900254415,0.0365855164031841,0.00583333333333333,0.324617761056765,44.8,0,0,1,5,45,6
G4_P2_case46.mat,11,0.316029074810728,0.450507313084914,-0.00535751610626911,0.777717391225253,0.437712763722091,0.0273473587457492,0,0.316029074810728,44.8,0,0,1,5,45,6
G4_P2_case46.mat,12,0.329779904445687,0.450524023655386,-4.473698008175e-05,0.779269274586764,0.435735436685456,0.0573180087258462,0.00333333333333333,0.329779904445687,44.8,0,0,1,5,45,6
G4_P2_case46.mat,13,0.394197296720731,0.447583642323627,-0.077720062569621,0.774992569249474,0.433527369417868,0.13745341668719,0.116666666666667,0.394197296720731,44.8,0,0,1,5,45,6
G4_P2_case46.mat,14,0.384520337780388,0.447427889835203,0.255314560263625,0.774512900075559,0.433242728783101,0.128436203857358,0.111666666666667,0.384520337780388,44.8,0,0,1,5,45,6
G4_P2_case46.mat,15,0.329259230773081,0.44697274243197,0.0231273594462058,0.772199935037606,0.433619849097886,0.062621647144343,0.0125,0.329259230773081,44.8,0,0,1,5,45,6
G4_P2_case46.mat,16,0.319130864939915,0.442460104109513,0.0255278867629429,0.767340116436799,0.427329837919252,0.0495376347893513,0,0.319130864939915,44.8,0,0,1,5,45,6
G4_P2_case46.mat,17,0.322727446758035,0.445679931817152,0.0388118085060787,0.772156743913048,0.431326897617512,0.0531322667657585,0,0.322727446758035,44.8,0,0,1,5,45,6
G4_P2_case46.mat,18,0.321838293775623,0.448196133678164,0.0310677337434057,0.775579447702947,0.43456352864661,0.0469584284187184,0,0.321838293775623,44.8,0,0,1,5,45,6
G4_P2_case46.mat,19,0.316343476393036,0.444449062114618,-0.0427885419491786,0.7700748050385,0.43008965977761,0.0403803148057746,0,0.316343476393036,44.8,0,0,1,5,45,6
G4_P3_case41.mat,1,0.175430480216253,0.166206011852713,-0.0498024498947801,0.276743965649094,0.161649419361303,0.0286961851502017,0.0925,0.175430480216253,50,0,0,0,0,50,3
G4_P3_case41.mat,2,0.172865899906294,0.0488430046806227,0.270949363574141,0.140463133705249,0.018408783820003,0.0358987734046201,0.126666666666667,0.172865899906294,50,0,0,0,0,50,3
G4_P3_case41.mat,3,0.293653531558501,0.364452231538099,0.0843776232346567,0.651967374266643,0.332434420277895,0.0227350529192379,0.0166666666666667,0.293653531558501,50,0,0,0,0,50,3
G4_P3_case41.mat,4,0.251135592132118,0.330499533405491,-0.287411968109955,0.53301746402969,0.324431750190329,0.00623991229672371,0.015,0.251135592132118,49.6,0,0,0,0,50,3
G4_P3_case41.mat,5,0.145058524920533,0.0368446036866001,-0.0323891132418543,0.0596661264934514,0.0436347325733656,0.0249611386046523,0.0958333333333333,0.145058524920533,50,0,0,0,0,50,3
G4_P3_case41.mat,6,0.171618015525258,0.0988552869018498,-0.0354714533701135,0.13593397648529,0.122590822687535,0.0287373994166254,0.0966666666666667,0.171618015525258,50,0,0,0,0,50,3
G4_P3_case41.mat,7,0.221213411742882,0.194147237739127,0.0272310288953849,0.407265626026817,0.147778561543322,0.0261052572258611,0.0558333333333333,0.221213411742882,50,0,0,0,0,50,3
G4_P3_case41.mat,8,0.323775986226964,0.437048574052896,-6.93913127050043e-05,0.744168586919885,0.417602132742173,0.00838164070485796,0.00166666666666667,0.323775986226964,50,0,0,0,0,50,3
G4_P3_case41.mat,9,0.239897354955157,0.299349651470343,0.0101311781023247,0.448987405367667,0.319489450993676,0.0397540083575803,0.0883333333333333,0.239897354955157,50,0,0,0,0,50,3
G4_P3_case41.mat,10,0.208446534761826,0.11932930409175,-0.146531115350596,0.195785138001103,0.123005890140067,0.0716863159445519,0.193333333333333,0.208446534761826,50,0,0,0,0,50,3
G4_P3_case41.mat,11,0.28178119607316,0.214258583169359,-0.212218526026482,0.444622255441166,0.17780337687616,0.0774397344351296,0.153333333333333,0.28178119607316,50,0,0,0,0,50,3
G4_P3_case41.mat,12,0.486232014429073,0.633230801036303,0.0660651893448608,1.15499476991956,0.57881014053404,0.034450590399697,0.00333333333333333,0.486232014429073,50,0,0,0,0,50,3
G4_P3_case41.mat,13,0.394742718678935,0.570781413317709,0.026097122785386,0.920687667360477,0.593459850262532,0.0102572074308754,0.00333333333333333,0.394742718678935,50,0,0,0,0,50,3
G4_P3_case41.mat,14,0.219557601511928,0.15788910991596,-0.000324740850903655,0.208060016648839,0.184761668123884,0.0542454379175912,0.1375,0.219557601511928,50,0,0,0,0,50,3
G4_P3_case41.mat,15,0.24183758254986,0.100160472391193,-0.24491151009313,0.162609448144178,0.102162159158956,0.0492948551423986,0.134166666666667,0.24183758254986,50,0,0,0,0,50,3
G4_P3_case41.mat,16,0.133679319449739,0.0325242232477152,-0.00308542132775608,0.0782199214915722,0.0276410549261967,0.0287019487667154,0.11,0.133679319449739,50,0,0,0,0,50,3
G4_P3_case41.mat,17,0.267872257466188,0.330130030019149,0.143844760457944,0.592852087133382,0.304262108493936,0.0250399380196632,0.0183333333333333,0.267872257466188,50,0,0,0,0,50,3
G4_P3_case41.mat,18,0.244342163137192,0.352239356915373,-0.128506877172244,0.539506569603068,0.362020043051133,0.00425309723558983,0.0116666666666667,0.244342163137192,49.6,0,0,0,0,50,3
G4_P3_case41.mat,19,0.234190074692131,0.0209252441336759,0.0745616837815927,0.0394129296388719,0.0239276490419047,0.0209965724452416,0.08,0.234190074692131,50,0,0,0,0,50,3
G4_P3_case41.mat,20,0.180336339750102,0.158783071150561,0.0102133316061997,0.248601682618513,0.15939088079689,0.0383316383377262,0.115,0.180336339750102,50,0,0,0,0,50,3
G4_P3_case45.mat,1,0.103746596437133,0.00429814632010226,0.0721957683414431,0.0104646482969221,0.00220578384140094,0.032375520892066,0.158333333333333,0.103746596437133,44.8,4,5,0,0,45,6
G4_P3_case45.mat,2,0.0917598793828357,0.00494214672256649,0.419993582439627,0.0101841436262704,0.00524983806825381,0.0299152988889071,0.156666666666667,0.0917598793828357,44.8,4,5,0,0,45,6
G4_P3_case45.mat,3,0.0922257314922097,0.00803924933866437,0.0110505568528959,0.0182454881621466,0.00277267735543996,0.0296689498739133,0.1525,0.0922257314922097,44.8,4,5,0,0,45,6
G4_P3_case45.mat,4,0.0909071609877543,0.0101582887952393,0.276093525189307,0.0164181586847441,0.0118562187247258,0.0328617389690253,0.164166666666667,0.0909071609877543,44.8,4,5,0,0,45,6
G4_P3_case45.mat,5,0.0934276365283884,0.00392054444779134,0.0513036893580166,0.00796133510398065,0.0025436151152441,0.030780271708486,0.169166666666667,0.0934276365283884,44.8,4,5,0,0,45,6
G4_P3_case45.mat,6,0.0649509127593812,0.00494074113187662,-0.0545961424063933,0.0107255244112202,0.00458315798638636,0.0179346488855317,0.119166666666667,0.0649509127593812,45.2,4,5,0,0,45,6
G4_P3_case45.mat,7,0.166059592797093,0.00484324932138693,0.402948219892453,0.0140323081099621,0.0038935722346986,0.0143388534488449,0.0891666666666667,0.166059592797093,44.8,4,5,0,0,45,6
G4_P3_case45.mat,8,0.108109989253153,0.0119012901188705,0.125704273270153,0.0318899824943402,0.0051070801505947,0.0403384386087914,0.178333333333333,0.108109989253153,44.8,4,5,0,0,45,6
G4_P3_case45.mat,9,0.176486657752682,0.00809783117540939,0.264556582128844,0.0173620263045658,0.00518423282681795,0.0508037214697245,0.1275,0.176486657752682,44.8,4,5,0,0,45,6
G4_P3_case45.mat,10,0.191746216160243,0.00998229579523864,-0.0443780629188521,0.0216640567403234,0.00650887878118279,0.0285967144616329,0.113333333333333,0.191746216160243,44.8,4,5,0,0,45,6
G4_P3_case45.mat,11,0.185430502504742,0.00595785086710091,0.227701624402532,0.0161728993584486,0.00186747019178244,0.0406438995435938,0.1025,0.185430502504742,44.8,4,5,0,0,45,6
G4_P3_case45.mat,12,0.16469488981021,0.00620930025129854,0.198099935155557,0.0151457308131492,0.00347450882936919,0.0404465616105551,0.110833333333333,0.16469488981021,44.8,4,5,0,0,45,6
G4_P3_case45.mat,13,0.0692787706939522,0.00365260871960473,-0.113303991227994,0.00965497474279114,0.00334838610636557,0.0151066648311441,0.0866666666666667,0.0692787706939522,44.8,4,5,0,0,45,6
G4_P3_case45.mat,14,0.067176576607181,0.00925635578439344,0.248031288738692,0.0184331281081565,0.00769167265827746,0.0103700832758202,0.0833333333333333,0.067176576607181,44.8,4,5,0,0,45,6
G4_P3_case45.mat,15,0.0776816451208688,0.00599881984948278,-0.0441118497266343,0.0164618166570262,0.00546051283417994,0.0268213187129976,0.163333333333333,0.0776816451208688,44.8,4,5,0,0,45,6
G4_P3_case45.mat,16,0.0841775298685227,0.0168414645503236,-0.0424256081785477,0.0251931188062485,0.0185678228885537,0.0296996640559035,0.16,0.0841775298685227,44.8,4,5,0,0,45,6
G4_P3_case45.mat,17,0.0850025704991374,0.0061254102620487,0.240107681562219,0.0114270566752373,0.00777381390319907,0.0311777112487776,0.1675,0.0850025704991374,44.8,4,5,0,0,45,6
G4_P3_case45.mat,18,0.147105319811971,0.00569328764044463,0.139407688847211,0.0134920413252525,0.0069660402648638,0.0334047979867584,0.144166666666667,0.147105319811971,44.8,4,5,0,0,45,6
G4_P3_case46.mat,1,0.0885686304527791,0.02392247344722,0.149097392286849,0.0412017680476725,0.0240377390879554,0.0293108213615369,0.165,0.0885686304527791,44.8,0,0,1,5,45,6
G4_P3_case46.mat,2,0.0768414525817923,0.0180462313465722,0.113023387449751,0.0376569343638384,0.0156622432115243,0.0271807032089349,0.1775,0.0768414525817923,44.8,0,0,1,5,45,6
G4_P3_case46.mat,3,0.0801359182561985,0.0295983582055862,-0.090858075058168,0.0560813447066151,0.0255831424206162,0.0305766298288539,0.1775,0.0801359182561985,44.8,0,0,1,5,45,6
G4_P3_case46.mat,4,0.0756896039740341,0.0233784738953736,0.164607220318848,0.0400153312625842,0.021446859896936,0.0261531736487213,0.175833333333333,0.0756896039740341,44.8,0,0,1,5,45,6
G4_P3_case46.mat,5,0.0854526328607033,0.032031614907642,-0.0310921278028081,0.04934883041473,0.032311574532071,0.0276489960090685,0.1725,0.0854526328607033,45.2,0,0,1,5,45,6
G4_P3_case46.mat,6,0.067538407319696,0.0252318450531878,0.0746118183428784,0.0463956056026171,0.0217403224813132,0.0234105816502655,0.1625,0.067538407319696,44.8,0,0,1,5,45,6
G4_P3_case46.mat,7,0.0930442425739558,0.0279349503848754,0.183164036547257,0.0581391908802352,0.0225792923635755,0.0181483127363327,0.0983333333333333,0.0930442425739558,44.8,0,0,1,5,45,6
G4_P3_case46.mat,8,0.0845933861017105,0.0154886292012136,0.215051601276214,0.02602701325542,0.0156446833383522,0.0371558814184553,0.179166666666667,0.0845933861017105,44.8,0,0,1,5,45,6
G4_P3_case46.mat,9,0.143403341278128,0.0257232342296504,0.0684611431323186,0.0406796170707384,0.0258634679207016,0.0569444555921874,0.180833333333333,0.143403341278128,44.8,0,0,1,5,45,6
G4_P3_case46.mat,10,0.11597103287652,0.0176654271046149,-0.0983523124733409,0.0292627817884463,0.0176663384315149,0.0417878309379662,0.18,0.11597103287652,44.8,0,0,1,5,45,6
G4_P3_case46.mat,11,0.0820163839731472,0.0190421252872031,-0.131124504261255,0.0372644832201038,0.0153919255115869,0.028576721152363,0.18,0.0820163839731472,44.8,0,0,1,5,45,6
G4_P3_case46.mat,12,0.0700714608714515,0.0231384456920191,0.158620774897086,0.040965564199836,0.0247182433559132,0.0257762880797146,0.165,0.0700714608714515,44.8,0,0,1,5,45,6
G4_P3_case46.mat,13,0.0647210938319402,0.00887359178650006,0.0552987475914168,0.019171744939913,0.00606623986057827,0.00991962705988278,0.0891666666666667,0.0647210938319402,45.2,0,0,1,5,45,6
G4_P3_case46.mat,14,0.0544897339631434,0.0291028756152877,-0.0808389877332979,0.0393706064862,0.0321725436473479,0.0228920170386647,0.158333333333333,0.0544897339631434,44.8,0,0,1,5,45,6
G4_P3_case46.mat,15,0.0774429033420481,0.0185748997690552,0.144136349285284,0.0329075679954883,0.0150676454315733,0.0300668538965101,0.165,0.0774429033420481,44.8,0,0,1,5,45,6
G4_P3_case46.mat,16,0.0724342517106787,0.018973901001386,-0.0843756047436498,0.0290609319636412,0.0192927265911382,0.0273625563461408,0.171666666666667,0.0724342517106787,44.8,0,0,1,5,45,6
G4_P3_case46.mat,17,0.0795504686892472,0.0108950251565631,-0.0281927223472312,0.0215755167720465,0.00861999510019245,0.0290828434755413,0.165833333333333,0.0795504686892472,44.8,0,0,1,5,45,6
G4_P3_case46.mat,18,0.108697889174744,0.013486500577812,-0.0669388293947163,0.0233852182212254,0.0139005578193217,0.032842374740522,0.155833333333333,0.108697889174744,44.8,0,0,1,5,45,6
G4_P4_case41.mat,1,0.228450389531974,0.15706472491874,0.222083739364068,0.265783994958813,0.156407422858613,0.0728561555757578,0.208333333333333,0.228450389531974,50,0,0,0,0,50,3
G4_P4_case41.mat,2,0.238892961133805,0.15041961743107,0.303035337946091,0.259051034716593,0.146345001502261,0.0817304090618469,0.208333333333333,0.238892961133805,50,0,0,0,0,50,3
G4_P4_case41.mat,3,0.257707936531596,0.149327841350371,0.123053674047398,0.258808817953712,0.145799266861818,0.0911213092263144,0.205,0.257707936531596,50,0,0,0,0,50,3
G4_P4_case41.mat,4,0.248304953996231,0.148356518743183,-0.0341223794535946,0.258198636153905,0.14329170950242,0.0877758237145191,0.206666666666667,0.248304953996231,50,0,0,0,0,50,3
G4_P4_case41.mat,5,0.247864992226553,0.145637223635808,0.0471961225368829,0.253976741639849,0.140719424618918,0.0884931338664792,0.208333333333333,0.247864992226553,50,0,0,0,0,50,3
G4_P4_case41.mat,6,0.245066873236412,0.145711534460426,0.230389653294365,0.252752991032732,0.141077902984825,0.0859596280122839,0.206666666666667,0.245066873236412,50,0,0,0,0,50,3
G4_P4_case41.mat,7,0.264673217896347,0.14810073585584,0.213487813359854,0.255132789002017,0.143961188970416,0.0962347092567364,0.206666666666667,0.264673217896347,50,0,0,0,0,50,3
G4_P4_case41.mat,8,0.252330901895752,0.150725332919656,0.228109558259156,0.260240832980897,0.147518521156095,0.0895122890206167,0.208333333333333,0.252330901895752,50,0,0,0,0,50,3
G4_P4_case41.mat,9,0.249640915053194,0.14793213149531,0.0490268224556384,0.255976179267097,0.144108491499492,0.0886767523132941,0.203333333333333,0.249640915053194,50,0,0,0,0,50,3
G4_P4_case41.mat,10,0.234770653238388,0.148100317765162,-0.0553302279000201,0.259415334282583,0.14299257171383,0.0800312787544931,0.188333333333333,0.234770653238388,50,0,0,0,0,50,3
G4_P4_case41.mat,11,0.219028269078031,0.142955696136411,0.0891982596992058,0.251575846428602,0.137168857728558,0.0731099488229403,0.188333333333333,0.219028269078031,50,0,0,0,0,50,3
G4_P4_case41.mat,12,0.233721449492793,0.146348808868015,0.0423496832630967,0.252774109729974,0.141456882366328,0.0801758715077282,0.191666666666667,0.233721449492793,50,0,0,0,0,50,3
G4_P4_case41.mat,13,0.225777695453192,0.14782941381839,0.200658671424952,0.256379639196189,0.143212606717182,0.0776109039899184,0.203333333333333,0.225777695453192,50,0,0,0,0,50,3
G4_P4_case41.mat,14,0.233349949677641,0.149503384623607,0.268302683037246,0.258080277906663,0.145411637785835,0.0802841386847006,0.2,0.233349949677641,50,0,0,0,0,50,3
G4_P4_case41.mat,15,0.259525769439254,0.151149615815192,-0.0567512262017644,0.264183596404497,0.145164795166362,0.0925476763518338,0.198333333333333,0.259525769439254,50,0,0,0,0,50,3
G4_P4_case41.mat,16,0.23092922593937,0.144030275840296,-0.00933318768357614,0.250437072128201,0.138360942338407,0.0809845394524599,0.185,0.23092922593937,50,0,0,0,0,50,3
G4_P4_case41.mat,17,0.214535174542471,0.143944816322986,0.133302208052939,0.251953145262342,0.138565042778066,0.0719367938714695,0.198333333333333,0.214535174542471,50,0,0,0,0,50,3
G4_P4_case41.mat,18,0.219524065225833,0.148738221037761,0.0323202196940129,0.255230994716398,0.144208664252748,0.0756628476400075,0.206666666666667,0.219524065225833,50,0,0,0,0,50,3
G4_P4_case41.mat,19,0.222246477823484,0.147539075304915,0.233233933183619,0.255310375789304,0.143799211962412,0.0774009212685795,0.205,0.222246477823484,50,0,0,0,0,50,3
G4_P4_case41.mat,20,0.22538889195144,0.150608982671725,0.205926415370665,0.259816334611748,0.147058268036743,0.0783112334543349,0.208333333333333,0.22538889195144,50,0,0,0,0,50,3
G4_P4_case45.mat,1,0.151992166582191,0.146241356950319,0.054410105988977,0.258571129221161,0.137796233916134,0.0420335918220104,0.0991666666666667,0.151992166582191,44.4,4,5,0,0,45,6
G4_P4_case45.mat,2,0.12746771832684,0.148742232546179,-0.0493784029257369,0.255623859006696,0.14573678830773,0.0390181243963035,0.0866666666666667,0.12746771832684,44.4,4,5,0,0,45,6
G4_P4_case45.mat,3,0.124416134068288,0.135792443761365,-0.2349766596582,0.235492992312657,0.131535952174519,0.0412452058349823,0.101666666666667,0.124416134068288,44.4,4,5,0,0,45,6
G4_P4_case45.mat,4,0.126249874508922,0.138151937669371,0.0834870392033147,0.23734647070112,0.134841196650226,0.0418799712498365,0.0983333333333333,0.126249874508922,44.4,4,5,0,0,45,6
G4_P4_case45.mat,5,0.129643391910655,0.139756458602177,-0.124785983067517,0.241797033870421,0.136640473818986,0.0434897276240304,0.111666666666667,0.129643391910655,44.4,4,5,0,0,45,6
G4_P4_case45.mat,6,0.165881126390737,0.134787178073525,0.0889100414386415,0.233105553353988,0.129381740259248,0.0573491783784503,0.135833333333333,0.165881126390737,44.4,4,5,0,0,45,6
G4_P4_case45.mat,7,0.203950832450609,0.144056482153977,-0.0887393395147386,0.247973798263838,0.140595401455145,0.0617629993565873,0.123333333333333,0.203950832450609,31.2,4,5,0,0,45,6
G4_P4_case45.mat,8,0.222831544813996,0.137430894577456,0.0311253555905703,0.242371239801093,0.13236729252061,0.0932033784650822,0.1175,0.222831544813996,31.2,4,5,0,0,45,6
G4_P4_case45.mat,9,0.18299232296193,0.129947154488301,-0.0295309808551527,0.224000356928587,0.125984967567968,0.050831493307563,0.115833333333333,0.18299232296193,31.2,4,5,0,0,45,6
G4_P4_case45.mat,10,0.18931407801387,0.138885545939284,0.0379133811926536,0.239219573690086,0.133294401121738,0.0432150343062496,0.118333333333333,0.18931407801387,31.2,4,5,0,0,45,6
G4_P4_case45.mat,11,0.188264329517787,0.140881827048391,0.107122066982829,0.24246129249244,0.135766856376254,0.0748947099278348,0.115833333333333,0.188264329517787,31.2,4,5,0,0,45,6
G4_P4_case45.mat,12,0.18426601931683,0.137475776443979,0.210179253078811,0.233654136470492,0.136160605799211,0.0629689462774592,0.103333333333333,0.18426601931683,31.2,4,5,0,0,45,6
G4_P4_case45.mat,13,0.171847475889968,0.142968864964478,-0.0968975658726384,0.246437178545808,0.140489138364646,0.055431855395488,0.108333333333333,0.171847475889968,31.2,4,5,0,0,45,6
G4_P4_case45.mat,14,0.138626629828385,0.142936510367048,-0.0856420211138728,0.249770248475556,0.137212550120118,0.0413271126083348,0.095,0.138626629828385,44.4,4,5,0,0,45,6
G4_P4_case45.mat,15,0.113356635029936,0.131325317860819,0.141835295011251,0.228053613890518,0.127791251052488,0.0312079947992128,0.101666666666667,0.113356635029936,44.4,4,5,0,0,45,6
G4_P4_case45.mat,16,0.11880569692194,0.136811999351799,-0.0834796178202283,0.234261956170616,0.132911773832098,0.036776856468964,0.0925,0.11880569692194,44.4,4,5,0,0,45,6
G4_P4_case45.mat,17,0.114947779764732,0.120403347954972,0.265713850111576,0.197103126538002,0.121712370399303,0.0417652902623955,0.12,0.114947779764732,44.4,4,5,0,0,45,6
G4_P4_case45.mat,18,0.112095423452523,0.0876490140433021,-0.199093980441413,0.154892644484781,0.0843308873078208,0.0436269917524018,0.135,0.112095423452523,44.4,4,5,0,0,45,6
G4_P4_case45.mat,19,0.119874388982644,0.111739034567469,0.2388829153625,0.198498815845544,0.105636942592698,0.0462165832297977,0.118333333333333,0.119874388982644,44.4,4,5,0,0,45,6
G4_P4_case46.mat,1,0.0906771911686133,0.0555833978711303,0.314818145794885,0.0992122927253,0.0519260506161058,0.037768256180433,0.155833333333333,0.0906771911686133,44.4,0,0,1,5,45,6
G4_P4_case46.mat,2,0.0780594137363141,0.0587799978546033,-0.367958223213235,0.100247282299502,0.0576516134808767,0.0323877818259053,0.153333333333333,0.0780594137363141,44.4,0,0,1,5,45,6
G4_P4_case46.mat,3,0.0827754152371468,0.0589655392873797,0.161464372674112,0.101849256545002,0.0577533343128132,0.0353225766449148,0.151666666666667,0.0827754152371468,44.4,0,0,1,5,45,6
G4_P4_case46.mat,4,0.0809681248989378,0.0548553911157061,0.142763767951106,0.0954106578906264,0.052568605004346,0.036444607664789,0.155,0.0809681248989378,44.4,0,0,1,5,45,6
G4_P4_case46.mat,5,0.113290377244848,0.0525544377483739,0.00797863608199418,0.0955028613676582,0.0498528660472844,0.0534332102794792,0.168333333333333,0.113290377244848,44.4,0,0,1,5,45,6
G4_P4_case46.mat,6,0.171002423049068,0.0447520603303783,-0.104368588833207,0.0801682841951272,0.0431859711134495,0.0724935251099361,0.149166666666667,0.171002423049068,44.4,0,0,1,5,45,6
G4_P4_case46.mat,7,0.141851054444226,0.0455043331881857,0.126433897785137,0.0844361227570506,0.0425789881033002,0.0571199687686371,0.124166666666667,0.141851054444226,31.2,0,0,1,5,45,6
G4_P4_case46.mat,8,0.183335646098017,0.0472349911604111,-0.00894280751601112,0.086212212010058,0.0458355600729631,0.0896076214497258,0.116666666666667,0.183335646098017,31.2,0,0,1,5,45,6
G4_P4_case46.mat,9,0.161018942694596,0.0494129540907758,-0.0723445711865488,0.0911827116461757,0.0438744676408459,0.0552682403017031,0.136666666666667,0.161018942694596,44.4,0,0,1,5,45,6
G4_P4_case46.mat,10,0.118048003542712,0.0586313583424041,-0.0211136132998793,0.0993312004815916,0.0569143379790989,0.0431671785743134,0.151666666666667,0.118048003542712,44.4,0,0,1,5,45,6
G4_P4_case46.mat,11,0.159208457481011,0.0594265255349047,-0.240620972178168,0.102255665741107,0.0575464645788474,0.0750073650591357,0.128333333333333,0.159208457481011,31.2,0,0,1,5,45,6
G4_P4_case46.mat,12,0.129911443903028,0.0488321319638918,-0.17479773902103,0.0855778671673668,0.0482771066805615,0.0598698390301272,0.115833333333333,0.129911443903028,31.2,0,0,1,5,45,6
G4_P4_case46.mat,13,0.104689954512619,0.0505007590923751,-0.357980069045495,0.0879835944327007,0.0494814411525111,0.0374954866172556,0.146666666666667,0.104689954512619,44.4,0,0,1,5,45,6
G4_P4_case46.mat,14,0.112338060227022,0.057974114533969,0.11672710792577,0.099483770185803,0.0563729249236127,0.0514365681246108,0.163333333333333,0.112338060227022,44.4,0,0,1,5,45,6
G4_P4_case46.mat,15,0.0829359677214705,0.0564728639344138,0.256454378587548,0.0972591840846636,0.0557207655440801,0.0376369175555753,0.1575,0.0829359677214705,44.4,0,0,1,5,45,6
G4_P4_case46.mat,16,0.0809313306200516,0.0559701035100096,0.11755462086751,0.0949985076991086,0.055388305929894,0.0375231589527951,0.156666666666667,0.0809313306200516,44.4,0,0,1,5,45,6
G4_P4_case46.mat,17,0.0954004845184959,0.0589981976617018,0.262571307886724,0.100179089520684,0.0570142673316277,0.0424815414023807,0.153333333333333,0.0954004845184959,44.4,0,0,1,5,45,6
G4_P4_case46.mat,18,0.0962385005053075,0.0560499428536122,0.0701481734844061,0.0955535578544472,0.054423909750229,0.0430318733178587,0.15,0.0962385005053075,44.4,0,0,1,5,45,6
G5_P1_case51.mat,1,0.72151039702817,0.932795056537698,-0.00360543241268668,1.64827492928245,0.851021526853873,0.0461619119746963,0.000833333333333333,0.72151039702817,35.2,0,0,0,0,35,5
G5_P1_case51.mat,2,0.583476318807147,0.883843671172251,-0.0110599373866067,1.41770224257663,0.887110196476169,0.0395798914866008,0,0.583476318807147,34.8,0,0,0,0,35,5
G5_P1_case51.mat,3,0.13794367220015,0.110688282011673,0.0047843273338839,0.13740580180793,0.149916227852386,0.0398655677134702,0.0975,0.13794367220015,35.2,0,0,0,0,35,5
G5_P1_case51.mat,4,0.29019215193584,0.392181994923994,0.427937898723683,0.613721045312545,0.361396366696432,0.0442012533045158,0.0458333333333333,0.29019215193584,35.2,0,0,0,0,35,5
G5_P1_case51.mat,5,0.129900843626634,0.0660427067428501,-0.0275051708126204,0.123107382973645,0.049656034435484,0.0594120148345834,0.145833333333333,0.129900843626634,35.2,0,0,0,0,35,5
G5_P1_case51.mat,6,0.133731910248541,0.0191197414379076,0.00298264536307709,0.0304230043735145,0.0176671360880838,0.0723927614019692,0.145833333333333,0.133731910248541,35.2,0,0,0,0,35,5
G5_P1_case51.mat,7,0.143204974550186,0.025580395131066,-0.0218779477875149,0.0582392866280211,0.0151468627935318,0.0741867896216734,0.145833333333333,0.143204974550186,35.2,0,0,0,0,35,5
G5_P1_case51.mat,8,0.138244390580329,0.0526069590849645,0.0468772356158257,0.0892152876017917,0.0533873622817692,0.071471898931947,0.145833333333333,0.138244390580329,35.2,0,0,0,0,35,5
G5_P1_case51.mat,9,0.146202598086635,0.070643085956768,0.0348986277307419,0.125772710199517,0.0669606982520656,0.0720749578938059,0.145833333333333,0.146202598086635,35.2,0,0,0,0,35,5
G5_P1_case51.mat,10,0.163802352407577,0.102737948167947,-0.137339247676968,0.181943663094605,0.0962556749642227,0.0749294279665973,0.145833333333333,0.163802352407577,35.2,0,0,0,0,35,5
G5_P1_case51.mat,11,0.155766650815249,0.120781792063804,0.152816686868727,0.210394511022719,0.115162271638557,0.0694377698064441,0.145833333333333,0.155766650815249,35.2,0,0,0,0,35,5
G5_P1_case51.mat,12,0.165094640091592,0.11430932903134,-0.104730555763854,0.207263007971098,0.106944140297668,0.07653518640164,0.145833333333333,0.165094640091592,35.2,0,0,0,0,35,5
G5_P1_case51.mat,13,0.177017532849011,0.163940940662146,-0.189788254396862,0.300150400498227,0.157840439149293,0.0650785099824589,0.138333333333333,0.177017532849011,35.2,0,0,0,0,35,5
G5_P1_case51.mat,14,0.264751698322692,0.284945092617539,-0.00376329274271596,0.547153096759252,0.255825728461034,0.0666902706693682,0.0616666666666667,0.264751698322692,35.2,0,0,0,0,35,5
G5_P1_case51.mat,15,0.16648590101947,0.173020042979064,0.00126684806058436,0.270713253188619,0.183512658176337,0.06811770335763,0.13,0.16648590101947,35.2,0,0,0,0,35,5
G5_P1_case51.mat,16,0.15752698191567,0.142175650238628,0.212164019172348,0.261146181729863,0.135172549490598,0.0611596637886178,0.145833333333333,0.15752698191567,35.2,0,0,0,0,35,5
G5_P1_case51.mat,17,0.156139003462342,0.139657116449324,0.300425040957799,0.25496490533898,0.135551090842738,0.0597884958488782,0.140833333333333,0.156139003462342,35.2,0,0,0,0,35,5
G5_P1_case51.mat,18,0.182639350705955,0.196596317561974,-0.245225376310092,0.335924480772115,0.189489667346093,0.0611775258635511,0.116666666666667,0.182639350705955,35.2,0,0,0,0,35,5
G5_P1_case55.mat,1,0.340155727251642,0.365775079185513,0.0489984714740382,0.637637841581018,0.350664276281146,0.0889548659755627,0.15,0.340155727251642,50,4,4,0,0,50,6
G5_P1_case55.mat,2,0.333427433841646,0.371409517764094,0.176898051647948,0.645273302130895,0.359760691623905,0.0888469476782712,0.138333333333333,0.333427433841646,50,4,4,0,0,50,6
G5_P1_case55.mat,3,0.328609996396585,0.37183047987899,-0.315121412089913,0.644489809988869,0.360510806808546,0.0863065661850167,0.135,0.328609996396585,50,4,4,0,0,50,6
G5_P1_case55.mat,4,0.334084266299218,0.372440013534793,-0.042015585998011,0.645995583499781,0.359869981183623,0.089190396268193,0.146666666666667,0.334084266299218,50,4,4,0,0,50,6
G5_P1_case55.mat,5,0.329510081573425,0.372242552889342,0.229215347857418,0.644254070043117,0.36043546906168,0.0863018933988725,0.138333333333333,0.329510081573425,50,4,4,0,0,50,6
G5_P1_case55.mat,6,0.335928423576445,0.373736631034681,-0.304479614987696,0.647554248763667,0.361686410801097,0.0860552532061369,0.153333333333333,0.335928423576445,50,4,4,0,0,50,6
G5_P1_case55.mat,7,0.284687172627459,0.371182823067347,-0.0785988909054186,0.64354392431278,0.358466239776771,0.0472433377695564,0.0133333333333333,0.284687172627459,50,4,4,0,0,50,6
G5_P1_case55.mat,8,0.267372404297575,0.37306288307796,-0.00401721896690901,0.646211199451634,0.361380413277957,0.0245792766523575,0,0.267372404297575,50,4,4,0,0,50,6
G5_P1_case55.mat,9,0.271913398842299,0.37286072846806,-0.0191592324958375,0.645300730633638,0.361605554304665,0.0304618661456609,0,0.271913398842299,50,4,4,0,0,50,6
G5_P1_case55.mat,10,0.288375575424779,0.372961847444717,-0.0982600349261763,0.645562189956851,0.360108397875624,0.0484683175160787,0.00833333333333333,0.288375575424779,50,4,4,0,0,50,6
G5_P1_case55.mat,11,0.277036306791024,0.372961473178083,0.00426564088006904,0.645078369639923,0.361338531593466,0.0384345137604266,0.00166666666666667,0.277036306791024,50,4,4,0,0,50,6
G5_P1_case55.mat,12,0.278876257161357,0.373375148856363,-0.00752625676145528,0.647334225814029,0.361681367475329,0.0391231385244494,0,0.278876257161357,50,4,4,0,0,50,6
G5_P1_case55.mat,13,0.280124887908542,0.371412119719658,-0.0504731041969193,0.643458437194201,0.358993538295839,0.0439583842797267,0.0116666666666667,0.280124887908542,50,4,4,0,0,50,6
G5_P1_case55.mat,14,0.347138210994514,0.374299411318181,-0.00824614730876102,0.649570135399497,0.36228315465968,0.0884179597253085,0.158333333333333,0.347138210994514,50,4,4,0,0,50,6
G5_P1_case55.mat,15,0.343735253852458,0.371180258372258,-0.243948191370097,0.644557121314993,0.358652905259927,0.0955024287112088,0.151666666666667,0.343735253852458,50,4,4,0,0,50,6
G5_P1_case55.mat,16,0.337111192235779,0.370856161619103,-0.276618809374814,0.643346363854468,0.357681947758321,0.0919423318154385,0.151666666666667,0.337111192235779,50,4,4,0,0,50,6
G5_P1_case55.mat,17,0.333711224260421,0.373975116776724,0.206627360136333,0.648646275841184,0.361512013611256,0.0885477510335987,0.148333333333333,0.333711224260421,50,4,4,0,0,50,6
G5_P1_case55.mat,18,0.331884599621776,0.372075121001758,0.0623856947490583,0.64618219976531,0.359204135921334,0.0868907612131616,0.143333333333333,0.331884599621776,50,4,4,0,0,50,6
G5_P1_case56.mat,1,0.278635071229291,0.331474191731187,0.120652940124739,0.577783352428452,0.318066684165428,0.0613702406265548,0.0933333333333333,0.278635071229291,50,0,0,1,4,50,6
G5_P1_case56.mat,2,0.274473838627812,0.33644572513271,0.0517170792329329,0.58269896634654,0.325297614164631,0.0608721571535445,0.0816666666666667,0.274473838627812,50,0,0,1,4,50,6
G5_P1_case56.mat,3,0.272279622861414,0.337779996141492,0.00705699382362433,0.585222911981972,0.327211293691509,0.0586754406689729,0.0516666666666667,0.272279622861414,50,0,0,1,4,50,6
G5_P1_case56.mat,4,0.275611168756938,0.3382724838544,-0.0498443083775684,0.586037259354122,0.327111723198454,0.0609164103173675,0.0683333333333333,0.275611168756938,50,0,0,1,4,50,6
G5_P1_case56.mat,5,0.273579522731017,0.338140830412751,0.0158947595505144,0.58507207501606,0.327864312155052,0.0593349929366154,0.0566666666666667,0.273579522731017,50,0,0,1,4,50,6
G5_P1_case56.mat,6,0.28241485085548,0.337939499621318,0.00166365928244136,0.585745458618343,0.327146534500464,0.0649407661262114,0.095,0.28241485085548,50,0,0,1,4,50,6
G5_P1_case56.mat,7,0.250365139841653,0.336795487618225,-0.0176979654062131,0.584645579514188,0.325663066933991,0.0348546564434156,0.00333333333333333,0.250365139841653,50,0,0,1,4,50,6
G5_P1_case56.mat,8,0.238248912570817,0.336805492749884,-0.00417631587829668,0.583999305852548,0.325866796615744,0.0167694354001449,0,0.238248912570817,50,0,0,1,4,50,6
G5_P1_case56.mat,9,0.236742250372941,0.337844752689663,0.00092989488960046,0.585273421676945,0.326725244536494,0.0101871135464505,0,0.236742250372941,50,0,0,1,4,50,6
G5_P1_case56.mat,10,0.237225994320942,0.336791159609028,-0.0286097244267391,0.583442455246475,0.325489320620697,0.0144297430127511,0,0.237225994320942,50,0,0,1,4,50,6
G5_P1_case56.mat,11,0.236957727254461,0.338021856669125,-0.0234997482763168,0.585085941237857,0.32700524441005,0.00905573987573953,0,0.236957727254461,50,0,0,1,4,50,6
G5_P1_case56.mat,12,0.238135671815492,0.336673511338322,0.014668647157408,0.58252383501762,0.32597099291151,0.0177200335686334,0,0.238135671815492,50,0,0,1,4,50,6
G5_P1_case56.mat,13,0.243339609658995,0.338450088130302,-0.0334190174664999,0.58647440662136,0.327583200009021,0.0250873451673267,0,0.243339609658995,50,0,0,1,4,50,6
G5_P1_case56.mat,14,0.276762933223098,0.337695426418284,-0.0497128958128311,0.584867706097942,0.326781348895952,0.0595722343923796,0.07,0.276762933223098,50,0,0,1,4,50,6
G5_P1_case56.mat,15,0.282848574607947,0.337880511780577,0.0571264464635631,0.584924640486825,0.326966457684111,0.0669849437286771,0.1,0.282848574607947,50,0,0,1,4,50,6
G5_P1_case56.mat,16,0.277636672359222,0.337845977376044,0.00415901336057049,0.585569859917995,0.327206167527577,0.0628930863771116,0.0916666666666667,0.277636672359222,50,0,0,1,4,50,6
G5_P1_case56.mat,17,0.27497894521087,0.33623695839798,-0.0612350452710916,0.58274110425876,0.324635037248572,0.0615404655456101,0.0816666666666667,0.27497894521087,50,0,0,1,4,50,6
G5_P1_case56.mat,18,0.27505190795052,0.337942196328903,0.0409705963372787,0.586184050592351,0.327110247916836,0.0600455470366324,0.07,0.27505190795052,50,0,0,1,4,50,6
G5_P1_case56.mat,19,0.277183671970834,0.337279722541608,0.012168709860637,0.588763825974251,0.326073118459241,0.0579331390956766,0.0591666666666667,0.277183671970834,50,0,0,1,4,50,6
G5_P2_case51.mat,1,0.0797877609560926,0.0406519763353001,0.184919855298777,0.0645130495872459,0.041520316670016,0.0336760051044104,0.136666666666667,0.0797877609560926,34.8,0,0,0,0,35,5
G5_P2_case51.mat,2,0.0583126853089398,0.0285622361305886,0.0692962214841844,0.0505598276236178,0.0275455875034285,0.0323188139674864,0.144166666666667,0.0583126853089398,34.8,0,0,0,0,35,5
G5_P2_case51.mat,3,0.0576568204022352,0.0270488377407438,0.0963680408473351,0.0474574147992038,0.0276380538339706,0.0324155477727298,0.143333333333333,0.0576568204022352,34.8,0,0,0,0,35,5
G5_P2_case51.mat,4,0.0535314735106692,0.0304475619530958,-0.203472684558222,0.0510445833237579,0.0288865931234373,0.0279289696998418,0.136666666666667,0.0535314735106692,34.8,0,0,0,0,35,5
G5_P2_case51.mat,5,0.0494235979431006,0.0249458542353891,-0.10871101807654,0.0385933723168037,0.0268482479559029,0.0260637077816517,0.14,0.0494235979431006,34.8,0,0,0,0,35,5
G5_P2_case51.mat,6,0.0513490074634877,0.0297500127045028,-0.128563953360577,0.0528521542793669,0.0292363752838781,0.0263020742524645,0.139166666666667,0.0513490074634877,34.8,0,0,0,0,35,5
G5_P2_case51.mat,7,0.0523059979957157,0.027293960109455,-0.0539707735217538,0.046853902442218,0.0259360893433856,0.026352718258042,0.136666666666667,0.0523059979957157,34.8,0,0,0,0,35,5
G5_P2_case51.mat,8,0.0519310956026549,0.0255051933649898,0.0972988245774675,0.039836477423367,0.0280582084900191,0.0268100919093553,0.140833333333333,0.0519310956026549,34.8,0,0,0,0,35,5
G5_P2_case51.mat,9,0.0534039758485908,0.0246553878713476,0.0475555677863964,0.0436556105644963,0.0228364512338549,0.0276495891622745,0.135,0.0534039758485908,34.8,0,0,0,0,35,5
G5_P2_case51.mat,10,0.0536499072851609,0.0241654634525134,0.0181250483226826,0.0486003377693353,0.0204486724258175,0.0282184724537753,0.138333333333333,0.0536499072851609,34.8,0,0,0,0,35,5
G5_P2_case51.mat,11,0.0505251004035108,0.0350535005818154,-0.313390925685466,0.0577748415178285,0.0345277834691131,0.0251451574278128,0.136666666666667,0.0505251004035108,34.8,0,0,0,0,35,5
G5_P2_case51.mat,12,0.0507319482188032,0.0292635893451978,0.0327166898680211,0.0495745447272856,0.0285650364738656,0.0256789337509913,0.136666666666667,0.0507319482188032,34.8,0,0,0,0,35,5
G5_P2_case51.mat,13,0.0484520507015222,0.0233778493374141,-0.00248598093347999,0.0397074785759101,0.0214990643263896,0.0255656868809817,0.1425,0.0484520507015222,34.8,0,0,0,0,35,5
G5_P2_case51.mat,14,0.0523686238056499,0.0274456617634704,-0.0274035182581788,0.0474222693442748,0.0262915950831096,0.0260566882105809,0.13,0.0523686238056499,34.8,0,0,0,0,35,5
G5_P2_case51.mat,15,0.049143543832783,0.0270559598892132,0.0416698670664942,0.0386155797353896,0.0285918988122923,0.0244213023417337,0.131666666666667,0.049143543832783,34.8,0,0,0,0,35,5
G5_P2_case51.mat,16,0.0461905415867002,0.0222310258500007,0.203670658603325,0.0359445870333641,0.023618685313439,0.0239904740805583,0.135833333333333,0.0461905415867002,34.8,0,0,0,0,35,5
G5_P2_case51.mat,17,0.0548648582446637,0.0321845154153417,0.29353808394658,0.0584706010666168,0.0288964674809933,0.0240124587679997,0.128333333333333,0.0548648582446637,34.8,0,0,0,0,35,5
G5_P2_case51.mat,18,0.0495560133999688,0.0253310331165956,0.207794247764961,0.0465705336885696,0.0240707959095203,0.0236159659088695,0.133333333333333,0.0495560133999688,34.8,0,0,0,0,35,5
G5_P2_case55.mat,1,0.263354787453817,0.239523455707963,-0.023906682030634,0.410059221362255,0.231407670989102,0.0653845048899567,0.15,0.263354787453817,50,4,4,0,0,50,6
G5_P2_case55.mat,2,0.291558333772684,0.221405804870527,-0.122269619564054,0.387954592910463,0.212521547512854,0.0725675911959014,0.180833333333333,0.291558333772684,49.6,4,4,0,0,50,6
G5_P2_case55.mat,3,0.300138155699526,0.233631252471364,0.112424826077768,0.396920349911029,0.228474961590617,0.0777284412029334,0.174166666666667,0.300138155699526,49.6,4,4,0,0,50,6
G5_P2_case55.mat,4,0.25745456193615,0.223437939139426,-0.163912754618296,0.394709961187111,0.215019559626752,0.0551297999644731,0.161666666666667,0.25745456193615,49.6,4,4,0,0,50,6
G5_P2_case55.mat,5,0.277572069006933,0.214949023755286,0.0193256548939265,0.385932796344911,0.207420957557312,0.0792565476857691,0.151666666666667,0.277572069006933,50,4,4,0,0,50,6
G5_P2_case55.mat,6,0.326759194778877,0.288474145170898,0.215004187952424,0.477361039479558,0.279111000602248,0.076483282501381,0.169166666666667,0.326759194778877,49.6,4,4,0,0,50,6
G5_P2_case55.mat,7,0.236084645049985,0.288878259363846,-0.137684172361202,0.496372614299454,0.279194867571743,0.0449605818935971,0.0666666666666667,0.236084645049985,50,4,4,0,0,50,6
G5_P2_case55.mat,8,0.253350005919425,0.30647220181931,-0.0172623309865029,0.543145459681302,0.289066419524779,0.0290876989585258,0.0316666666666667,0.253350005919425,49.6,4,4,0,0,50,6
G5_P2_case55.mat,9,0.213813017020492,0.290694587312048,-0.000264051523094034,0.49588228383224,0.278469858978735,0.0171782873885715,0.005,0.213813017020492,49.6,4,4,0,0,50,6
G5_P2_case55.mat,10,0.198644542777231,0.249159029812808,-0.0122686444187505,0.4052460301161,0.25340421473998,0.0307805372949366,0.095,0.198644542777231,49.6,4,4,0,0,50,6
G5_P2_case55.mat,11,0.209318816050014,0.196913690088806,0.0128312016130518,0.320889679077199,0.201648528999458,0.0475082717892759,0.144166666666667,0.209318816050014,49.6,4,4,0,0,50,6
G5_P2_case55.mat,12,0.132818586578204,0.0941013481777339,0.190094701357404,0.159276534581358,0.0902521638877592,0.0396199320772576,0.1575,0.132818586578204,50,4,4,0,0,50,6
G5_P2_case55.mat,13,0.28472221015978,0.0753955898538519,-0.103652857846907,0.125421974460697,0.0800391087348289,0.0859183914574352,0.199166666666667,0.28472221015978,49.6,4,4,0,0,50,6
G5_P2_case55.mat,14,0.320612804385328,0.0567206044401705,0.0615342456271002,0.0897569878578201,0.0667666027492489,0.0896608562635306,0.2025,0.320612804385328,49.6,4,4,0,0,50,6
G5_P2_case55.mat,15,0.261355478619894,0.0997309108752856,-0.2733742611005,0.174578277723014,0.0950816763518227,0.0822669796278125,0.178333333333333,0.261355478619894,50,4,4,0,0,50,6
G5_P2_case55.mat,16,0.259268591854328,0.099875213981342,-0.0117976807746941,0.182079867645169,0.0932040565213662,0.0721058699772197,0.1925,0.259268591854328,49.6,4,4,0,0,50,6
G5_P2_case55.mat,17,0.261305432833956,0.119175025948162,0.0908714953597787,0.209144107502165,0.115810402049592,0.0765414210811288,0.190833333333333,0.261305432833956,49.6,4,4,0,0,50,6
G5_P2_case55.mat,18,0.231448096710554,0.145244869465282,-0.0938748019151813,0.251947148984359,0.140365066878765,0.0544552759010046,0.185833333333333,0.231448096710554,49.6,4,4,0,0,50,6
G5_P2_case55.mat,19,0.208551682476475,0.152841155058236,-0.0218292591213551,0.279705041062278,0.144685088471869,0.0555134295524247,0.1425,0.208551682476475,50,4,4,0,0,50,6
G5_P2_case56.mat,1,0.223568223497368,0.0453716387856769,0.0449555092630423,0.0751639363617998,0.0434933171685027,0.00671588385364987,0.08,0.223568223497368,48.8,0,0,1,4,50,6
G5_P2_case56.mat,2,0.23419528844069,0.0514660045487547,0.00237704373192213,0.0886898381310297,0.0480725995996415,0.00541911011218733,0.0783333333333333,0.23419528844069,48.8,0,0,1,4,50,6
G5_P2_case56.mat,3,0.269364010192519,0.0391248378547021,-0.317818649634255,0.0693882839013674,0.0288568232194326,0.00599991786906474,0.085,0.269364010192519,31.6,0,0,1,4,50,6
G5_P2_case56.mat,4,0.154815610533175,0.0674546286711969,0.160247109675824,0.0952856177650242,0.080467019772325,0.0110534118097735,0.16,0.154815610533175,49.6,0,0,1,4,50,6
G5_P2_case56.mat,5,0.0570395785649881,0.0295228205177929,-0.0638778420132834,0.0526621677966979,0.0293547548599999,0.0168972223104626,0.185833333333333,0.0570395785649881,50,0,0,1,4,50,6
G5_P2_case56.mat,6,0.0520597240725991,0.0347606407490421,0.115202291308752,0.0587902891016544,0.0317032708017911,0.0149102343767742,0.181666666666667,0.0520597240725991,50,0,0,1,4,50,6
G5_P2_case56.mat,7,0.024079088486369,0.024700343699752,-0.206470541588027,0.0456359130766007,0.021434981374364,0.00343462326531552,0.0866666666666667,0.024079088486369,50,0,0,1,4,50,6
G5_P2_case56.mat,8,0.0319386439677361,0.0289738596702047,0.180463818235903,0.0516532780747454,0.0272316621769871,0.00637274931359604,0.135833333333333,0.0319386439677361,49.6,0,0,1,4,50,6
G5_P2_case56.mat,9,0.0303318943206714,0.0339544590001909,-0.0509883810531835,0.0599189342212461,0.0325471119996243,0.00496857104591566,0.0908333333333333,0.0303318943206714,50,0,0,1,4,50,6
G5_P2_case56.mat,10,0.0282565010750194,0.0334090093904135,0.00862683210654783,0.0573892175889143,0.0314297782383992,0.00432126443650083,0.0891666666666667,0.0282565010750194,49.6,0,0,1,4,50,6
G5_P2_case56.mat,11,0.0294786984788809,0.0349757471105267,-0.00198034876450739,0.0619834987105373,0.03388421660336,0.00522684407528332,0.0716666666666667,0.0294786984788809,50,0,0,1,4,50,6
G5_P2_case56.mat,12,0.0313169338767538,0.032579893670875,-0.00654059791037126,0.0551429919602786,0.0314907543176348,0.00728983427968916,0.0966666666666667,0.0313169338767538,50,0,0,1,4,50,6
G5_P2_case56.mat,13,0.0573255822788072,0.0342718491888877,0.0354163380014881,0.0620475069796775,0.0331103256396137,0.0149283751754802,0.179166666666667,0.0573255822788072,49.6,0,0,1,4,50,6
G5_P2_case56.mat,14,0.0610999944525561,0.0306022530615829,0.0697324989179491,0.0577258584839887,0.0286364939994988,0.0170540917339597,0.189166666666667,0.0610999944525561,49.6,0,0,1,4,50,6
G5_P2_case56.mat,15,0.0564225502814486,0.0325606217476542,0.0679784899409898,0.056824101372526,0.0309952594814924,0.0160387768360726,0.171666666666667,0.0564225502814486,50,0,0,1,4,50,6
G5_P2_case56.mat,16,0.0512754919026734,0.0309978531169421,-0.0854447842957429,0.0544121744744983,0.0295623711520343,0.0137873024723814,0.179166666666667,0.0512754919026734,49.6,0,0,1,4,50,6
G5_P2_case56.mat,17,0.0518417409785857,0.0364124878212732,0.10791846534084,0.0634141024401573,0.0349439037327189,0.0135619742825602,0.1775,0.0518417409785857,49.6,0,0,1,4,50,6
G5_P2_case56.mat,18,0.0454892637109657,0.0390201875729391,-0.14012114906528,0.0677992419606493,0.0382239960727953,0.00940470657562315,0.158333333333333,0.0454892637109657,50,0,0,1,4,50,6
G5_P2_case56.mat,19,0.042041712876959,0.0402291722858033,-0.0206130168830012,0.069352585173049,0.0394404434363618,0.0106172866170212,0.131666666666667,0.042041712876959,50,0,0,1,4,50,6
G5_P3_case51.mat,1,0.223813296603022,0.299615861485581,0.346308129941556,0.534263832520563,0.277434055114987,0.00999066340132648,0.0025,0.223813296603022,34.8,0,0,0,0,35,5
G5_P3_case51.mat,2,0.229683036589657,0.330511162969629,-0.00128664108682182,0.572396907011944,0.319892052660491,0.00959641862352952,0,0.229683036589657,34.8,0,0,0,0,35,5
G5_P3_case51.mat,3,0.22928754298264,0.329974747820222,-0.00255864791025833,0.571716424728344,0.319041924279889,0.00716968694566203,0,0.22928754298264,34.8,0,0,0,0,35,5
G5_P3_case51.mat,4,0.229339677876411,0.329418103003646,-0.00828753567077945,0.570817736615843,0.318835825121369,0.0110455542247135,0,0.229339677876411,34.8,0,0,0,0,35,5
G5_P3_case51.mat,5,0.230185249466685,0.330624073814663,0.00306261077558251,0.572405834912246,0.320163260122777,0.0122525693033665,0,0.230185249466685,34.8,0,0,0,0,35,5
G5_P3_case51.mat,6,0.229837763732215,0.33031463953378,-0.00261907206309636,0.571673062051339,0.319616477568206,0.0122968235131572,0,0.229837763732215,34.8,0,0,0,0,35,5
G5_P3_case51.mat,7,0.230186541891376,0.330513575416224,0.00106348663567662,0.572444590084184,0.319796738832897,0.0121306391632587,0,0.230186541891376,34.8,0,0,0,0,35,5
G5_P3_case51.mat,8,0.230100750965838,0.330289135151629,0.00261547864485314,0.572083388613914,0.319568699035151,0.0124679508623046,0,0.230100750965838,34.8,0,0,0,0,35,5
G5_P3_case51.mat,9,0.229938615213386,0.329971979566199,0.00160572695730825,0.57159930592766,0.319189216671348,0.0126320819402671,0,0.229938615213386,34.8,0,0,0,0,35,5
G5_P3_case51.mat,10,0.229809150220911,0.329781557322139,-0.00224198410531406,0.571413521249423,0.319144786286459,0.0119158362539783,0,0.229809150220911,34.8,0,0,0,0,35,5
G5_P3_case51.mat,11,0.229987218542073,0.330383201184601,0.0014615524884368,0.571882807489198,0.319783063974954,0.0123258016033362,0,0.229987218542073,34.8,0,0,0,0,35,5
G5_P3_case51.mat,12,0.230138524310352,0.330479361597722,-0.0016791777864677,0.572030040285825,0.319849248202245,0.0128514162938504,0,0.230138524310352,34.8,0,0,0,0,35,5
G5_P3_case51.mat,13,0.229853744569426,0.330014375457043,-0.00335818329347307,0.571641726630451,0.319255596701897,0.0117869085698004,0,0.229853744569426,34.8,0,0,0,0,35,5
G5_P3_case51.mat,14,0.230085002389352,0.330277042041903,-0.00570075369334843,0.572052344307094,0.319565544243208,0.0118376366111104,0,0.230085002389352,34.8,0,0,0,0,35,5
G5_P3_case51.mat,15,0.229981663527405,0.330091954462927,-0.00106737886132576,0.571549957355067,0.319492590812612,0.0129272650410814,0,0.229981663527405,34.8,0,0,0,0,35,5
G5_P3_case51.mat,16,0.23021530131213,0.33024453568718,0.000826510409406249,0.571682223225345,0.319760112135973,0.0138512511078619,0,0.23021530131213,34.8,0,0,0,0,35,5
G5_P3_case51.mat,17,0.230237710158284,0.330087870201688,0.00141984909699118,0.571718721903943,0.319295950418684,0.0140538748290845,0,0.230237710158284,34.8,0,0,0,0,35,5
G5_P3_case51.mat,18,0.23041709965834,0.330296665705435,0.00359426269870924,0.571892069929806,0.319640754653946,0.0141980897015468,0,0.23041709965834,34.8,0,0,0,0,35,5
G5_P3_case55.mat,1,0.256483749435132,0.328225845150418,0.117551243271074,0.557243475191586,0.324361053348986,0.0444012763398043,0.0241666666666667,0.256483749435132,50,4,4,0,0,50,6
G5_P3_case55.mat,2,0.23045296876853,0.308567085822147,0.0459586256985986,0.536429930801635,0.297019920849322,0.0303800420464656,0.00333333333333333,0.23045296876853,50,4,4,0,0,50,6
G5_P3_case55.mat,3,0.222774660847842,0.31534907008128,0.063692173159,0.543344006820147,0.307213083189361,0.00584740005708733,0,0.222774660847842,49.6,4,4,0,0,50,6
G5_P3_case55.mat,4,0.241061840222143,0.326496569956072,0.0328766427710104,0.568300174609528,0.319592631765011,0.0279517002351102,0,0.241061840222143,50,4,4,0,0,50,6
G5_P3_case55.mat,5,0.236824505470282,0.312763672869628,-0.0057100130999617,0.534351598551614,0.311815982249218,0.041209021528425,0.0133333333333333,0.236824505470282,50,4,4,0,0,50,6
G5_P3_case55.mat,6,0.213105075070776,0.294389042540865,-0.00955905412575179,0.50213529328287,0.291355979726212,0.0208249258227789,0.00166666666666667,0.213105075070776,50,4,4,0,0,50,6
G5_P3_case55.mat,7,0.230755345453608,0.317077649997616,-0.0138170564074349,0.555307151360428,0.301476798868016,0.00426057354274057,0,0.230755345453608,49.6,4,4,0,0,50,6
G5_P3_case55.mat,8,0.225961024557754,0.306338935819444,-0.0345275141351288,0.547888602295442,0.290343120072699,0.0103934492841233,0,0.225961024557754,50,4,4,0,0,50,6
G5_P3_case55.mat,9,0.253628667206564,0.361455040641697,-0.0281880056785977,0.616350882539171,0.351707109107153,0.0143755184195426,0,0.253628667206564,50,4,4,0,0,50,6
G5_P3_case55.mat,10,0.24675637601493,0.326183909797677,-0.033955908538688,0.561980907786691,0.317290132236025,0.0138545141386151,0.01,0.24675637601493,50,4,4,0,0,50,6
G5_P3_case55.mat,11,0.228283601182407,0.319935713034338,0.0470382268470601,0.557036773479663,0.310045207731353,0.00547771403918291,0,0.228283601182407,50,4,4,0,0,50,6
G5_P3_case55.mat,12,0.251435596720257,0.353848522184057,-0.0129351739746817,0.61637845011412,0.34177499919954,0.00745693706010496,0,0.251435596720257,50,4,4,0,0,50,6
G5_P3_case55.mat,13,0.243068390926253,0.341747993569653,0.0101020846234885,0.587296503913909,0.33066073237057,0.0118810552522611,0,0.243068390926253,50,4,4,0,0,50,6
G5_P3_case55.mat,14,0.274782971203373,0.314080575386727,0.0472875932075883,0.54254281513977,0.305708285895194,0.0210236211225459,0.0216666666666667,0.274782971203373,50,4,4,0,0,50,6
G5_P3_case55.mat,15,0.252667979284184,0.338971995469618,0.221745023828822,0.592031417561352,0.32614931891302,0.0260048810338394,0.005,0.252667979284184,50,4,4,0,0,50,6
G5_P3_case55.mat,16,0.233628150560463,0.330235018028805,-0.0502070110624957,0.572787419028517,0.320662994780601,0.00585745236820594,0,0.233628150560463,49.6,4,4,0,0,50,6
G5_P3_case55.mat,17,0.25073821970923,0.337858599627362,-0.0792664593789603,0.588609615104294,0.324225212096962,0.0308193752255532,0.005,0.25073821970923,50,4,4,0,0,50,6
G5_P3_case55.mat,18,0.269213204763625,0.328236656906574,-0.0579459375997385,0.569459506829921,0.319811866522697,0.0441761777979651,0.0366666666666667,0.269213204763625,50,4,4,0,0,50,6
G5_P3_case56.mat,1,0.0706081417909387,0.0626492773236022,-0.117145963213047,0.11163289068212,0.0604093464650617,0.0161876087971007,0.125,0.0706081417909387,50,0,0,1,4,50,6
G5_P3_case56.mat,2,0.097097515189436,0.0662008540010204,0.108291085142429,0.108080781890866,0.0672026498820233,0.0346747214476236,0.195,0.097097515189436,50,0,0,1,4,50,6
G5_P3_case56.mat,3,0.102436321490582,0.065993769251189,-0.0335812389648751,0.110896023569713,0.0636655768484216,0.0359663413781169,0.198333333333333,0.102436321490582,50,0,0,1,4,50,6
G5_P3_case56.mat,4,0.0755450704385806,0.0569127473920113,0.075393212525887,0.091072238874863,0.0562819587789838,0.0222317592484345,0.161666666666667,0.0755450704385806,50,0,0,1,4,50,6
G5_P3_case56.mat,5,0.0676682048668846,0.065918073774542,-0.182994002044068,0.112374607654772,0.0642150798788363,0.00771117047098727,0.0858333333333333,0.0676682048668846,49.6,0,0,1,4,50,6
G5_P3_case56.mat,6,0.086478529432895,0.0736522391050904,0.210819561987256,0.136127052023639,0.0675194739076009,0.0232196909024255,0.138333333333333,0.086478529432895,50,0,0,1,4,50,6
G5_P3_case56.mat,7,0.116229600420031,0.0943972186724884,-0.0296882581096074,0.151447034973248,0.0973845511511948,0.0197121754369529,0.101666666666667,0.116229600420031,50,0,0,1,4,50,6
G5_P3_case56.mat,8,0.0820794732323771,0.0924941925131637,0.0191194088655041,0.161350713918033,0.0869649846247806,0.0041922394180864,0.03,0.0820794732323771,50,0,0,1,4,50,6
G5_P3_case56.mat,9,0.0834005328596753,0.0979807851223962,0.182953312485863,0.170181622885448,0.0952634769405308,0.00734732630467656,0.0366666666666667,0.0834005328596753,50,0,0,1,4,50,6
G5_P3_case56.mat,10,0.085053667356277,0.0913542181495328,0.0166636920703865,0.163582729012509,0.0878152291336389,0.0103575097735702,0.05,0.085053667356277,50,0,0,1,4,50,6
G5_P3_case56.mat,11,0.0719657103086579,0.08494031267033,-0.0622629450830954,0.145418872221841,0.084287189987438,0.00583118052320018,0.0333333333333333,0.0719657103086579,50,0,0,1,4,50,6
G5_P3_case56.mat,12,0.0895499531035594,0.111337930129056,-0.025472272213401,0.196838944638018,0.10298061847635,0.00894007676223131,0.0216666666666667,0.0895499531035594,50,0,0,1,4,50,6
G5_P3_case56.mat,13,0.0834428198905032,0.088874145495292,0.157935738919196,0.162023390708884,0.0862769909580643,0.00180435722643214,0.0283333333333333,0.0834428198905032,50,0,0,1,4,50,6
G5_P3_case56.mat,14,0.094003987489612,0.0959651455363671,0.000906695299567852,0.156925264994942,0.0973361098661329,0.016160392526585,0.115,0.094003987489612,50,0,0,1,4,50,6
G5_P3_case56.mat,15,0.0990224541441566,0.070979142105837,0.285528330203558,0.124945642010305,0.0679195700984173,0.0309389811145506,0.178333333333333,0.0990224541441566,50,0,0,1,4,50,6
G5_P3_case56.mat,16,0.111468904163191,0.0757713780302965,-0.252106136285944,0.1250033550918,0.0771823885561475,0.0402159141758499,0.205,0.111468904163191,50,0,0,1,4,50,6
G5_P3_case56.mat,17,0.0817028742039483,0.0680638615068282,-0.141524371160349,0.115829237024769,0.0665595414650038,0.0234973144749047,0.156666666666667,0.0817028742039483,50,0,0,1,4,50,6
G5_P3_case56.mat,18,0.118864375784773,0.07403233290279,0.00560713163119844,0.127476584030402,0.0722766620355134,0.00786761674453532,0.0691666666666667,0.118864375784773,50,0,0,1,4,50,6
G5_P3_case56.mat,19,0.110012348931698,0.0898430218127808,0.235024016018683,0.157104136752715,0.0879308711251206,0.0350481673524827,0.1825,0.110012348931698,50,0,0,1,4,50,6
G5_P4_case51.mat,1,0.221551908438228,0.273247917770739,0.0528210718479395,0.470172004736055,0.27112840240047,0.0292676967253233,0.0166666666666667,0.221551908438228,34.8,0,0,0,0,35,5
G5_P4_case51.mat,2,0.196054962516047,0.259579940018649,0.0350381105497985,0.452393816774533,0.251718499655892,0.0224460872731721,0.005,0.196054962516047,34.8,0,0,0,0,35,5
G5_P4_case51.mat,3,0.181799248862991,0.235543764355691,0.0469562468389337,0.412978201621092,0.228404504359781,0.0208068595217352,0.01,0.181799248862991,34.8,0,0,0,0,35,5
G5_P4_case51.mat,4,0.187756324157129,0.239766757954915,0.0950126149348435,0.419309024464629,0.235104921392325,0.0291971195622289,0.015,0.187756324157129,34.8,0,0,0,0,35,5
G5_P4_case51.mat,5,0.208084582458076,0.278278007000886,0.0658840756766059,0.473420658203545,0.269510861792698,0.0283155717256219,0.0116666666666667,0.208084582458076,34.8,0,0,0,0,35,5
G5_P4_case51.mat,6,0.19224870058551,0.239114957584917,-0.0722033329289285,0.433333485933319,0.226105344050474,0.0272192803726263,0.01,0.19224870058551,34.8,0,0,0,0,35,5
G5_P4_case51.mat,7,0.202444592920269,0.269648819510957,0.0497565126679478,0.466652775480404,0.261851610078951,0.0260352972460473,0.00666666666666667,0.202444592920269,34.8,0,0,0,0,35,5
G5_P4_case51.mat,8,0.205849879637621,0.269943690125564,0.0337696671050591,0.46994271296134,0.261484893280065,0.0271742257667842,0.005,0.205849879637621,34.8,0,0,0,0,35,5
G5_P4_case51.mat,9,0.215272690518595,0.284539244248855,-0.00995312787615106,0.489992448963554,0.272723294280929,0.0270857958197967,0.01,0.215272690518595,34.8,0,0,0,0,35,5
G5_P4_case51.mat,10,0.202798719756968,0.264809888671497,0.0732144713791507,0.459461235397652,0.249376076306463,0.0249385144943771,0.00833333333333333,0.202798719756968,34.8,0,0,0,0,35,5
G5_P4_case51.mat,11,0.204907078621595,0.262935166463187,0.0470794754462123,0.465413751598625,0.2472164440415,0.0278333492914973,0.0116666666666667,0.204907078621595,34.8,0,0,0,0,35,5
G5_P4_case51.mat,12,0.198011587738275,0.271663598242454,0.00502099803050751,0.453075608492963,0.270503038100887,0.0278176129573463,0.0108333333333333,0.198011587738275,34.8,0,0,0,0,35,5
G5_P4_case51.mat,13,0.188591614500775,0.244371436569208,0.184921930952456,0.423306749056864,0.231033406476223,0.0249457246038277,0.0108333333333333,0.188591614500775,34.8,0,0,0,0,35,5
G5_P4_case51.mat,14,0.185889159457995,0.238999351708687,0.0187182068135662,0.414665310979273,0.229817860243368,0.0274774823090017,0.015,0.185889159457995,34.8,0,0,0,0,35,5
G5_P4_case51.mat,15,0.191069707988628,0.241265486055297,-0.193312517655988,0.42704975544113,0.223689054494276,0.0288832756245844,0.015,0.191069707988628,34.8,0,0,0,0,35,5
G5_P4_case51.mat,16,0.194174273497102,0.255316992731017,-0.015381982586582,0.435097299325658,0.243606209558191,0.0318622950713048,0.0183333333333333,0.194174273497102,34.8,0,0,0,0,35,5
G5_P4_case51.mat,17,0.203459676175663,0.264294360787498,-0.027528148900681,0.449214012615081,0.258074315432186,0.0323964250664759,0.02,0.203459676175663,34.8,0,0,0,0,35,5
G5_P4_case51.mat,18,0.208868923602568,0.257139688971988,0.120584783079543,0.439336624492301,0.248830188187689,0.0322272410945599,0.0266666666666667,0.208868923602568,34.8,0,0,0,0,35,5
G5_P4_case51.mat,19,0.207671381176569,0.268872353716342,0.0801345527202254,0.468436890162445,0.257632769947489,0.0319830324852276,0.0116666666666667,0.207671381176569,34.8,0,0,0,0,35,5
G5_P4_case55.mat,1,0.23092685228105,0.322586421468333,0.135153103253616,0.536157409462919,0.322490634118369,0.00619883963434399,0.0025,0.23092685228105,49.6,4,4,0,0,50,6
G5_P4_case55.mat,2,0.177375073709701,0.242544791156722,-0.0298913964680623,0.41053523563304,0.239679581619949,0.00598058989847489,0.0133333333333333,0.177375073709701,49.2,4,4,0,0,50,6
G5_P4_case55.mat,3,0.164333456997508,0.217955136305963,0.0770970770906461,0.379283222150804,0.209427819499549,0.00607017871868696,0.015,0.164333456997508,49.2,4,4,0,0,50,6
G5_P4_case55.mat,4,0.183652486304847,0.243875400113177,0.0768916427126579,0.430611197274572,0.234182265929855,0.00671477448176319,0.00666666666666667,0.183652486304847,49.2,4,4,0,0,50,6
G5_P4_case55.mat,5,0.21867806010551,0.294948324472801,0.103273127692055,0.517325973891455,0.280667796692936,0.00577295944237346,0,0.21867806010551,49.2,4,4,0,0,50,6
G5_P4_case55.mat,6,0.251747145744392,0.343691115569593,-0.0504580366061569,0.598015141681201,0.329498535623415,0.00950040268687897,0.00333333333333333,0.251747145744392,49.2,4,4,0,0,50,6
G5_P4_case55.mat,7,0.258344738977755,0.35941231376516,-0.0164499042917769,0.626583954763893,0.346827811740161,0.00545714031891302,0,0.258344738977755,49.2,4,4,0,0,50,6
G5_P4_case55.mat,8,0.318834026423362,0.353884004153875,-0.00261426423930321,0.614725375916414,0.34332428125208,0.00168473091822504,0.0666666666666667,0.318834026423362,32,4,4,0,0,50,6
G5_P4_case55.mat,9,0.28920731415123,0.336545275728551,-0.218776119951203,0.578997501445005,0.325373759005411,0.00359854712259457,0.05,0.28920731415123,48,4,4,0,0,50,6
G5_P4_case55.mat,10,0.250585399681129,0.311472888009501,-0.0487170837487605,0.532992370440935,0.304362691328469,0.00463862416442131,0.0233333333333333,0.250585399681129,47.2,4,4,0,0,50,6
G5_P4_case55.mat,11,0.253569554612041,0.305453036400295,0.00340731620006037,0.531292041082793,0.294206706366095,0.00233189278771102,0.03,0.253569554612041,49.2,4,4,0,0,50,6
G5_P4_case55.mat,12,0.259725790560479,0.344470432647446,-0.0168564274600156,0.602139317648282,0.331981877564452,0.00188336332983818,0,0.259725790560479,49.6,4,4,0,0,50,6
G5_P4_case55.mat,13,0.25723748255906,0.361167880674586,0.0132911214536426,0.626677241169593,0.351006896103692,0.00442672397598459,0,0.25723748255906,49.2,4,4,0,0,50,6
G5_P4_case55.mat,14,0.266294336010722,0.362224765795512,0.00580786172170381,0.626106085842864,0.348189766451803,0.00655994628000951,0.00333333333333333,0.266294336010722,49.2,4,4,0,0,50,6
G5_P4_case55.mat,15,0.257756765735346,0.361830464984373,0.0741723448719344,0.622510560350765,0.352388304593293,0.00588408681820403,0,0.257756765735346,49.2,4,4,0,0,50,6
G5_P4_case55.mat,16,0.263124031503628,0.367052834325143,0.0213709546135142,0.641407693534225,0.35487663625535,0.00520558701933748,0,0.263124031503628,49.2,4,4,0,0,50,6
G5_P4_case55.mat,17,0.271354982139831,0.380091824756234,-0.00699484924970751,0.661208387094093,0.367977082654962,0.00593642860341733,0,0.271354982139831,31.2,4,4,0,0,50,6
G5_P4_case55.mat,18,0.276913970110555,0.388096193266145,-0.00366957170322136,0.67308787060171,0.373373701314595,0.0108608078890418,0,0.276913970110555,29.6,4,4,0,0,50,6
G5_P4_case55.mat,19,0.280543921633098,0.396033010861096,0.07079847769516,0.68458164911014,0.384723719609083,0.00536755052227451,0,0.280543921633098,49.2,4,4,0,0,50,6
G5_P4_case55.mat,20,0.286881334609293,0.402962108166573,0.0282532461933385,0.700603067573247,0.390157154054702,0.00484743027225098,0,0.286881334609293,49.2,4,4,0,0,50,6
G5_P4_case56.mat,1,0.0808793655199235,0.037500871670753,0.108350002820704,0.0641091044442232,0.0382052571351869,0.00738117536650793,0.0958333333333333,0.0808793655199235,30.8,0,0,1,4,50,6
G5_P4_case56.mat,2,0.0536776482908905,0.0238094013573427,0.0310546554247219,0.044785422364137,0.0234601947833232,0.00581005485959074,0.0841666666666667,0.0536776482908905,49.2,0,0,1,4,50,6
G5_P4_case56.mat,3,0.0537547570720923,0.0293830110502941,-0.19461448420373,0.048803960477428,0.0284830261319275,0.00613008628024243,0.0916666666666667,0.0537547570720923,49.2,0,0,1,4,50,6
G5_P4_case56.mat,4,0.0562730211848253,0.0262751203429034,-0.193091829744698,0.0442173415896765,0.0260156580407686,0.00667175390741927,0.104166666666667,0.0562730211848253,49.2,0,0,1,4,50,6
G5_P4_case56.mat,5,0.072514345292995,0.0249258368861442,0.30683694434901,0.0456985616350534,0.0224577518487531,0.00552122923439382,0.101666666666667,0.072514345292995,49.2,0,0,1,4,50,6
G5_P4_case56.mat,6,0.11288828105236,0.0352820901909144,-0.0167912465290682,0.0622514331132641,0.0349693030142095,0.00942808646879438,0.1025,0.11288828105236,49.2,0,0,1,4,50,6
G5_P4_case56.mat,7,0.128295777607557,0.0273767790869544,0.0518037098673149,0.0443399122872376,0.0268185193972158,0.00613596447645006,0.0883333333333333,0.128295777607557,49.2,0,0,1,4,50,6
G5_P4_case56.mat,8,0.143971152643037,0.0268294059386322,-0.048298699164336,0.0467789884023136,0.0259744897034022,0.00226654780353903,0.0866666666666667,0.143971152643037,49.2,0,0,1,4,50,6
G5_P4_case56.mat,9,0.101941955726687,0.0269261008152452,0.118865317012421,0.0457299123876951,0.0265315904027338,0.00339158251058413,0.0858333333333333,0.101941955726687,32.4,0,0,1,4,50,6
G5_P4_case56.mat,10,0.105649357403996,0.0288030419617086,-0.218817041487309,0.0507454049259583,0.0268052571133202,0.00240017988350292,0.0833333333333333,0.105649357403996,48,0,0,1,4,50,6
G5_P4_case56.mat,11,0.0976814665744382,0.0360235770132848,0.132030908392613,0.0618641186323728,0.035909976414789,0.00285987404150113,0.0858333333333333,0.0976814665744382,31.6,0,0,1,4,50,6
G5_P4_case56.mat,12,0.135559951868765,0.0285030729694295,0.0767646510532725,0.0510961139939757,0.0271129262203121,0.00295799596184754,0.0866666666666667,0.135559951868765,38.4,0,0,1,4,50,6
G5_P4_case56.mat,13,0.127862038474022,0.0324704881722135,0.00854593358679501,0.054677376135523,0.0326069732365094,0.00275558691523679,0.0891666666666667,0.127862038474022,49.2,0,0,1,4,50,6
G5_P4_case56.mat,14,0.103619588553796,0.0346343327331347,0.0708073100426298,0.060069118915471,0.0336013019384153,0.00834907883054,0.0941666666666667,0.103619588553796,49.2,0,0,1,4,50,6
G5_P4_case56.mat,15,0.0758190544024866,0.0239265388022633,0.238446639894695,0.0454464431065182,0.0219613345156895,0.00566293447152274,0.105,0.0758190544024866,49.2,0,0,1,4,50,6
G5_P4_case56.mat,16,0.0519436932422045,0.0289494900830198,0.127376014788687,0.051621155072665,0.0256052184343228,0.00482273103685323,0.0975,0.0519436932422045,49.2,0,0,1,4,50,6
G5_P4_case56.mat,17,0.0625315095363111,0.0338397298440345,0.0213259794902458,0.0558724043448399,0.0340246676837924,0.00702266128176632,0.0941666666666667,0.0625315095363111,31.2,0,0,1,4,50,6
G5_P4_case56.mat,18,0.0738778639283957,0.0324493758026437,0.281627965655753,0.0587360962700151,0.0325242989091071,0.0150301706040419,0.105833333333333,0.0738778639283957,29.2,0,0,1,4,50,6
G6_P1_case61.mat,1,0.379836876978074,0.488422865427405,0.038239079598623,0.845750063270032,0.473132076231455,0.0774545473246637,0.0208333333333333,0.379836876978074,40,0,0,0,0,40,2
G6_P1_case61.mat,2,0.392027670384534,0.479204481150365,0.0168014084540038,0.822552405130278,0.46748796499589,0.102186458161138,0.0841666666666667,0.392027670384534,40,0,0,0,0,40,2
G6_P1_case61.mat,3,0.388667086975922,0.47069185335583,0.0299695223131265,0.800909629203953,0.461639768255333,0.106958906472327,0.07,0.388667086975922,40,0,0,0,0,40,2
G6_P1_case61.mat,4,0.38251985932225,0.473757524477157,0.276758960799752,0.81211680128652,0.460385335172894,0.105905198475645,0.0508333333333333,0.38251985932225,40,0,0,0,0,40,2
G6_P1_case61.mat,5,0.374780141030208,0.467930876981633,0.0933097018249626,0.808659855407401,0.45238838355064,0.0954339179751048,0.0475,0.374780141030208,40,0,0,0,0,40,2
G6_P1_case61.mat,6,0.370826402869819,0.454183816949437,0.0956136660236461,0.790122704239962,0.436834373397559,0.09985367122953,0.0716666666666667,0.370826402869819,40,0,0,0,0,40,2
G6_P1_case61.mat,7,0.373167167111509,0.452617752835709,0.0346259590395073,0.783814727628928,0.439162863032472,0.102443066058908,0.0833333333333333,0.373167167111509,40,0,0,0,0,40,2
G6_P1_case61.mat,8,0.382564673316917,0.453195317278001,0.01635393813569,0.784784204494523,0.440891320121746,0.10823557762057,0.0975,0.382564673316917,40,0,0,0,0,40,2
G6_P1_case61.mat,9,0.39222288645116,0.450380316843651,0.025344029017207,0.778863805889646,0.434673644052972,0.118800387557841,0.0933333333333333,0.39222288645116,40,0,0,0,0,40,2
G6_P1_case61.mat,10,0.389974208702098,0.456269034860801,0.255918652109129,0.788015912260209,0.442696060284857,0.111293111487408,0.0941666666666667,0.389974208702098,40,0,0,0,0,40,2
G6_P1_case61.mat,11,0.390849121167267,0.449308486244793,0.0568620672573632,0.779546454389098,0.433979483531731,0.118762642086588,0.100833333333333,0.390849121167267,40,0,0,0,0,40,2
G6_P1_case61.mat,12,0.370233658977257,0.443326001179285,-0.287125610739854,0.772042326936589,0.426658647475341,0.105542617093778,0.0883333333333333,0.370233658977257,40,0,0,0,0,40,2
G6_P1_case61.mat,13,0.367871462184644,0.448841563092777,0.0117340359101548,0.777913456328209,0.436031579110545,0.101430843287462,0.0783333333333333,0.367871462184644,40,0,0,0,0,40,2
G6_P1_case61.mat,14,0.364274324558256,0.447752992407656,0.0190585736390002,0.777385105462588,0.435090093960293,0.0979568563388702,0.0658333333333333,0.364274324558256,40,0,0,0,0,40,2
G6_P1_case61.mat,15,0.36790586075866,0.447389928466426,0.0648440617572918,0.776486071450821,0.432092911507537,0.102979193384098,0.0866666666666667,0.36790586075866,40,0,0,0,0,40,2
G6_P1_case61.mat,16,0.372156048179845,0.452258393579502,-0.00434427182201229,0.780770567466291,0.437981613368237,0.101589714100074,0.0833333333333333,0.372156048179845,40,0,0,0,0,40,2
G6_P1_case61.mat,17,0.365812801297949,0.447920743562683,0.063963649934704,0.773559545146876,0.433565271860398,0.0999105052725609,0.0641666666666667,0.365812801297949,40,0,0,0,0,40,2
G6_P1_case61.mat,18,0.353402169826999,0.424172941778734,0.097081824801256,0.7417397767784,0.407318435101479,0.0746246317354537,0.0433333333333333,0.353402169826999,40,0,0,0,0,40,2
G6_P1_case65.mat,1,0.422726819345523,0.0498876325876195,-0.193907052490396,0.0965633005893368,0.0355858824234229,0.207581149208951,0.125,0.422726819345523,30,4,5,0,0,30,6
G6_P1_case65.mat,2,0.343695177619971,0.0801934661893882,-0.0276655003698047,0.139264765408823,0.0768671712144791,0.166175104811032,0.125,0.343695177619971,30,4,5,0,0,30,6
G6_P1_case65.mat,3,0.327544168977837,0.0727808359802923,0.00947935466766844,0.129284928828995,0.0682363300262616,0.158162123933579,0.125,0.327544168977837,30,4,5,0,0,30,6
G6_P1_case65.mat,4,0.347168225005886,0.0710501521369009,-0.0558169708616751,0.123280723412738,0.0666849238067458,0.167561025916756,0.125,0.347168225005886,30,4,5,0,0,30,6
G6_P1_case65.mat,5,0.207956464721317,0.0810931420642616,-0.00263196076761193,0.136799380076815,0.0803050184319096,0.0707720236495289,0.138333333333333,0.207956464721317,30,4,5,0,0,30,6
G6_P1_case65.mat,6,0.136793693719968,0.0797028049291678,-0.0372901558676959,0.132615371566051,0.0792273832431645,0.051089161123592,0.130833333333333,0.136793693719968,30,4,5,0,0,30,6
G6_P1_case65.mat,7,0.200235277514111,0.0743069164050528,0.0700896017072739,0.124979991020673,0.073147374742175,0.050306333424708,0.125,0.200235277514111,30,4,5,0,0,30,6
G6_P1_case65.mat,8,0.104951135518919,0.0747298610291347,-0.055624871098678,0.127269908798543,0.0730354916203155,0.0365371968819334,0.1375,0.104951135518919,30,4,5,0,0,30,6
G6_P1_case65.mat,9,0.113263476873122,0.0752996144657185,-0.0134116079602894,0.135953601792758,0.0719658480863619,0.0327121501328744,0.1275,0.113263476873122,30,4,5,0,0,30,6
G6_P1_case65.mat,10,0.182905264626248,0.0715512818599529,-0.0840161398743989,0.124120693127335,0.0678367201011539,0.0303516582924414,0.103333333333333,0.182905264626248,30,4,5,0,0,30,6
G6_P1_case65.mat,11,0.11043404513913,0.0804755742489917,-0.00164348507040059,0.134347796662411,0.0770093578602711,0.0362502410079571,0.125,0.11043404513913,30,4,5,0,0,30,6
G6_P1_case65.mat,12,0.0888254725422893,0.0779629026579177,-0.0762098397388197,0.133831049137587,0.0761932781564613,0.0160611880539093,0.13,0.0888254725422893,30,4,5,0,0,30,6
G6_P1_case65.mat,13,0.155671071517136,0.0736420542992062,0.139715608299062,0.129335003309559,0.0727884107840219,0.0599428023131299,0.119166666666667,0.155671071517136,30,4,5,0,0,30,6
G6_P1_case65.mat,14,0.166423429026436,0.0712603067842674,0.0147947692115855,0.127582767211898,0.066594462830545,0.0540165601314942,0.1325,0.166423429026436,30,4,5,0,0,30,6
G6_P1_case65.mat,15,0.382849161398553,0.076118575657649,-0.10138001607531,0.13523829342702,0.0716006906707908,0.175868310855932,0.125,0.382849161398553,30,4,5,0,0,30,6
G6_P1_case65.mat,16,0.452806798091995,0.0744145730728769,0.0427446522196673,0.129312482947008,0.0738141523921085,0.228814961356377,0.125,0.452806798091995,30,4,5,0,0,30,6
G6_P1_case65.mat,17,0.456100744900514,0.0764434258973296,-0.0311159414286157,0.134742778967575,0.0732400613153944,0.22860289354629,0.125,0.456100744900514,30,4,5,0,0,30,6
G6_P1_case65.mat,18,0.472090858492822,0.078762393572245,0.00896354555794695,0.131794667359923,0.0805810355579628,0.231440353689449,0.125,0.472090858492822,30,4,5,0,0,30,6
G6_P1_case66.mat,1,0.419326014107142,0.0192775461522216,-0.0295080558347004,0.043902679295407,0.0109681162426843,0.207267504703306,0.124166666666667,0.419326014107142,30,0,0,1,5,30,6
G6_P1_case66.mat,2,0.351861797909542,0.0452980311975871,0.0195366000080906,0.0776068175264855,0.0471220551442893,0.173107985970539,0.125,0.351861797909542,30,0,0,1,5,30,6
G6_P1_case66.mat,3,0.317388402984635,0.0423746942701867,0.0491416830442793,0.0713012737572996,0.0417827169061606,0.155676366643407,0.125,0.317388402984635,30,0,0,1,5,30,6
G6_P1_case66.mat,4,0.331887971513885,0.0437605678448821,0.0216361904973667,0.076321920079866,0.0446977636608674,0.162152860407506,0.124166666666667,0.331887971513885,30,0,0,1,5,30,6
G6_P1_case66.mat,5,0.220375243333042,0.0444952624667019,-0.00238579633559059,0.0738815784780959,0.0440171699984906,0.0716585972293776,0.135833333333333,0.220375243333042,30,0,0,1,5,30,6
G6_P1_case66.mat,6,0.166829357111619,0.0410979804199536,-0.150445088141165,0.0734831589710162,0.0398711017910464,0.0772478212771126,0.125,0.166829357111619,30,0,0,1,5,30,6
G6_P1_case66.mat,7,0.204019415265834,0.0400679336915647,-0.00747585099276514,0.0722015168724957,0.0385677557357286,0.0585155499701694,0.119166666666667,0.204019415265834,30,0,0,1,5,30,6
G6_P1_case66.mat,8,0.0824486546011693,0.0399537418253378,0.071945702074879,0.069109840715722,0.0366795884020411,0.0232057225290168,0.1325,0.0824486546011693,30,0,0,1,5,30,6
G6_P1_case66.mat,9,0.088473346964125,0.043989244035171,-0.18440579128925,0.0745131443930817,0.0444909149471225,0.0295411841541226,0.134166666666667,0.088473346964125,30,0,0,1,5,30,6
G6_P1_case66.mat,10,0.106550443986645,0.040199070797375,0.192112668781336,0.0690253121766433,0.0395645975146377,0.0265482774072427,0.1075,0.106550443986645,30,0,0,1,5,30,6
G6_P1_case66.mat,11,0.0788357479124938,0.0398230924894705,-0.0130798927623193,0.0712931585345064,0.0374214029205526,0.0224469441961951,0.143333333333333,0.0788357479124938,30,0,0,1,5,30,6
G6_P1_case66.mat,12,0.0795815256299558,0.0416339688148555,-0.0880251698804667,0.0713841399208722,0.0398235970878127,0.0190628555583042,0.129166666666667,0.0795815256299558,30,0,0,1,5,30,6
G6_P1_case66.mat,13,0.18191259554052,0.0423556034544093,-0.365673764426558,0.0740288149816417,0.0408806798041415,0.0834407983082448,0.125,0.18191259554052,30,0,0,1,5,30,6
G6_P1_case66.mat,14,0.201046472769651,0.0405954128075817,-0.00820704169992533,0.0726877056122703,0.0390718649769677,0.0774912358606847,0.13,0.201046472769651,30,0,0,1,5,30,6
G6_P1_case66.mat,15,0.382703665828524,0.0408009942298916,-0.0425509076430322,0.072935762788576,0.0404881373395706,0.177066117045538,0.125,0.382703665828524,30,0,0,1,5,30,6
G6_P1_case66.mat,16,0.442638427601459,0.0448786757628268,0.031409249284325,0.0778613161797319,0.0445639993898595,0.223893122645881,0.125,0.442638427601459,30,0,0,1,5,30,6
G6_P1_case66.mat,17,0.446867939711846,0.0438194162117949,0.0303492213360167,0.077897420371709,0.0436446878088964,0.225314622293001,0.125,0.446867939711846,30,0,0,1,5,30,6
G6_P1_case66.mat,18,0.463706465662844,0.0451805268041652,-0.00117214198575346,0.0790980108867721,0.0439495359943685,0.2303344815439,0.125,0.463706465662844,30,0,0,1,5,30,6
G6_P2_case61.mat,1,0.203656037311541,0.220695329369578,0.358333580739096,0.394554337299081,0.206552062822317,0.0455683668715764,0.0733333333333333,0.203656037311541,40.4,0,0,0,0,40,2
G6_P2_case61.mat,2,0.248385571971466,0.215930501712928,0.179295566327179,0.369688179826507,0.193881022003395,0.0769459511336143,0.150833333333333,0.248385571971466,40,0,0,0,0,40,2
G6_P2_case61.mat,3,0.260513418171732,0.218023156480105,0.0855868564013925,0.362853594877657,0.212391349236644,0.0901066480552726,0.144166666666667,0.260513418171732,40,0,0,0,0,40,2
G6_P2_case61.mat,4,0.237467037474472,0.235811715939046,-0.0261762975098605,0.394905186975443,0.239970233694677,0.0710525777707323,0.1375,0.237467037474472,40.4,0,0,0,0,40,2
G6_P2_case61.mat,5,0.229242380294717,0.225766016954431,0.223762591700907,0.401540347749505,0.228919251537337,0.0643631520591609,0.13,0.229242380294717,40,0,0,0,0,40,2
G6_P2_case61.mat,6,0.219137403081953,0.205278391976915,0.0219530373243283,0.375590784520721,0.191731967793887,0.0644984298303328,0.1375,0.219137403081953,40,0,0,0,0,40,2
G6_P2_case61.mat,7,0.214129177989399,0.213143184892329,-0.116080097240889,0.365870430169389,0.194073132395298,0.061468188294049,0.124166666666667,0.214129177989399,40,0,0,0,0,40,2
G6_P2_case61.mat,8,0.220272339608481,0.235410681329871,-0.141295035577536,0.393950620722619,0.222872846110914,0.0629612106060265,0.119166666666667,0.220272339608481,40,0,0,0,0,40,2
G6_P2_case61.mat,9,0.221738226519098,0.235499036517308,0.144994094526745,0.398031971069235,0.237817299139106,0.0565345834459834,0.103333333333333,0.221738226519098,40,0,0,0,0,40,2
G6_P2_case61.mat,10,0.230846601037139,0.223078439756688,0.19490078414242,0.409548955486565,0.22202149047891,0.0607955683294636,0.115,0.230846601037139,40,0,0,0,0,40,2
G6_P2_case61.mat,11,0.21753306332422,0.217899584015886,0.0162047167511145,0.396862570683422,0.205747040442781,0.0511346328999746,0.101666666666667,0.21753306332422,40.4,0,0,0,0,40,2
G6_P2_case61.mat,12,0.191618424377326,0.202648761956378,0.22986201405882,0.356290886850398,0.183125125563202,0.0480698523899869,0.1,0.191618424377326,40,0,0,0,0,40,2
G6_P2_case61.mat,13,0.201592147943985,0.214788011274803,0.155932109964989,0.361380389051273,0.203959700815956,0.0554738407287107,0.12,0.201592147943985,40,0,0,0,0,40,2
G6_P2_case61.mat,14,0.196193968156496,0.231497763867725,0.100348889014209,0.394125012745252,0.227165496802664,0.0453484266017601,0.11,0.196193968156496,40,0,0,0,0,40,2
G6_P2_case61.mat,15,0.205419352011545,0.239070867896577,0.285349265056918,0.416665483866525,0.227368116752336,0.0482502098459784,0.0966666666666667,0.205419352011545,40.4,0,0,0,0,40,2
G6_P2_case61.mat,16,0.200099339263842,0.229863682946397,0.0142439269481919,0.39769512347551,0.222515128397412,0.0516401187019746,0.118333333333333,0.200099339263842,40,0,0,0,0,40,2
G6_P2_case61.mat,17,0.201153598834314,0.231897235025551,0.343063574304098,0.406769243678276,0.217563972155385,0.047969240330913,0.0916666666666667,0.201153598834314,40,0,0,0,0,40,2
G6_P2_case61.mat,18,0.192959766165417,0.206098323618698,0.17402340920737,0.353099970178084,0.191037017706869,0.0555611022764398,0.0883333333333333,0.192959766165417,40,0,0,0,0,40,2
G6_P2_case65.mat,1,0.522432936569426,0.744863088767835,0.0575717646916049,1.28993386846566,0.718757748769224,0.00755084036238487,0.000833333333333333,0.522432936569426,30,4,5,0,0,30,6
G6_P2_case65.mat,2,0.526708561653592,0.760054781454487,0.0285378724088301,1.31059987982366,0.738085838200892,0.00399482113678863,0,0.526708561653592,30,4,5,0,0,30,6
G6_P2_case65.mat,3,0.515595916556551,0.739801037407176,-0.00304266606150845,1.28276698316331,0.713914556933488,0.00613384816438038,0,0.515595916556551,30,4,5,0,0,30,6
G6_P2_case65.mat,4,0.518213349652385,0.744140286747339,0.011651771135978,1.28981076334858,0.716685802844795,0.00439057048658569,0,0.518213349652385,30,4,5,0,0,30,6
G6_P2_case65.mat,5,0.516135268406563,0.737410594232621,0.00542915166549911,1.28376953490668,0.710809749506371,0.0024988533656254,0,0.516135268406563,30,4,5,0,0,30,6
G6_P2_case65.mat,6,0.515151836336119,0.741770751209502,-9.92846764191535e-05,1.2822878616105,0.717696796318332,0.00269453220069912,0,0.515151836336119,30,4,5,0,0,30,6
G6_P2_case65.mat,7,0.510223270603818,0.733023350422366,0.00735594760308069,1.2680801359333,0.7123228592029,0.00145139669733982,0,0.510223270603818,30,4,5,0,0,30,6
G6_P2_case65.mat,8,0.517556617191878,0.741183757379622,0.00592509619330422,1.28930834738613,0.713192420123212,0.00153994649861597,0,0.517556617191878,32.8,4,5,0,0,30,6
G6_P2_case65.mat,9,0.516095792886835,0.740353330525107,-0.00129359730452638,1.28384624844385,0.71697628822963,0.00261777408281737,0,0.516095792886835,44,4,5,0,0,30,6
G6_P2_case65.mat,10,0.523909082695579,0.752184167061664,-0.011802324290371,1.29513428178645,0.72949894662384,0.00317890768795402,0,0.523909082695579,45.6,4,5,0,0,30,6
G6_P2_case65.mat,11,0.512041646523561,0.735504901970989,0.0310192584606307,1.27427926081707,0.712080828282766,0.00189232180946851,0,0.512041646523561,44.4,4,5,0,0,30,6
G6_P2_case65.mat,12,0.520109295101006,0.751757829646701,0.00678890395575698,1.2958847661062,0.728791842559083,0.00252322182720355,0,0.520109295101006,33.2,4,5,0,0,30,6
G6_P2_case65.mat,13,0.509917431264114,0.727991284810031,-0.0231127775692108,1.26780017617456,0.702198862646384,0.00334741983232481,0,0.509917431264114,30,4,5,0,0,30,6
G6_P2_case65.mat,14,0.511913970186161,0.738499531321492,-0.00399922087063051,1.27550918314171,0.713903002615822,0.00593506109484654,0,0.511913970186161,30,4,5,0,0,30,6
G6_P2_case65.mat,15,0.511863559149343,0.729364925436385,-0.0257501402772102,1.27231728658577,0.70649137991736,0.00678445333533048,0,0.511863559149343,30,4,5,0,0,30,6
G6_P2_case65.mat,16,0.508820516861366,0.734339096814036,0.00497673959992262,1.26525048883608,0.713235181733161,0.00904792443124426,0,0.508820516861366,30,4,5,0,0,30,6
G6_P2_case65.mat,17,0.50666938336626,0.725802489845996,-0.0189676505433904,1.25786013553715,0.702132642807807,0.00896913902562458,0,0.50666938336626,30,4,5,0,0,30,6
G6_P2_case65.mat,18,0.511413235819679,0.735477617868807,-0.0228013067597011,1.26486360786525,0.716171775505089,0.00902937325188216,0,0.511413235819679,30,4,5,0,0,30,6
G6_P2_case65.mat,19,0.515593183607422,0.738808129490654,0.0285865732244137,1.28112594427189,0.716358432043373,0.00868781950550178,0,0.515593183607422,30,4,5,0,0,30,6
G6_P2_case66.mat,1,0.176673145490517,0.212255479513074,0.198783905542193,0.366027117888151,0.201992037702261,0.0139049734399453,0.0075,0.176673145490517,30,0,0,1,5,30,6
G6_P2_case66.mat,2,0.154356575220453,0.197990678987368,0.0159774799130678,0.352460589409604,0.187272487153925,0.00624677263077298,0.0116666666666667,0.154356575220453,30,0,0,1,5,30,6
G6_P2_case66.mat,3,0.155258782170786,0.198904978579178,0.10550175414242,0.343602742909821,0.194817803228774,0.00834006059163237,0.0133333333333333,0.155258782170786,30,0,0,1,5,30,6
G6_P2_case66.mat,4,0.156802824128755,0.206414699879941,-0.177684681241709,0.355835100820838,0.194647380289429,0.00490480554721178,0.00333333333333333,0.156802824128755,30,0,0,1,5,30,6
G6_P2_case66.mat,5,0.133436423643586,0.17168696495405,-0.106721681993681,0.295525303965939,0.163599828937325,0.00449677236677644,0.01,0.133436423643586,30,0,0,1,5,30,6
G6_P2_case66.mat,6,0.10118595517344,0.133008822256069,-0.000873185790085207,0.211400768262135,0.13747191867071,0.00487016554735412,0.0266666666666667,0.10118595517344,40,0,0,1,5,30,6
G6_P2_case66.mat,7,0.115438901441508,0.0727758008947393,-0.0027934960637863,0.13814004316519,0.0659622601791394,0.00183187420599285,0.0516666666666667,0.115438901441508,45.6,0,0,1,5,30,6
G6_P2_case66.mat,8,0.102258588843762,0.107515474806699,0.174889069292915,0.199546790258906,0.0975353091913371,0.0029312687213386,0.025,0.102258588843762,40.4,0,0,1,5,30,6
G6_P2_case66.mat,9,0.125218120712061,0.154516252704339,0.227139274354903,0.272553176791609,0.144834870295227,0.00369811465394992,0.015,0.125218120712061,44,0,0,1,5,30,6
G6_P2_case66.mat,10,0.143310040149223,0.171862345459123,-0.398022482274882,0.306403649233178,0.162697314608938,0.00307822944756402,0.015,0.143310040149223,49.2,0,0,1,5,30,6
G6_P2_case66.mat,11,0.150120773338715,0.203897592741138,0.0138292057449777,0.341301600984739,0.206077010261655,0.00355422976925978,0.005,0.150120773338715,49.6,0,0,1,5,30,6
G6_P2_case66.mat,12,0.146807833992034,0.190069512582235,-0.117441997877114,0.335119827685873,0.179603837191823,0.00362246299525196,0.00666666666666667,0.146807833992034,34,0,0,1,5,30,6
G6_P2_case66.mat,13,0.167951335475332,0.226185275186685,0.0428322426970567,0.388770735401256,0.218431010095623,0.00500108536471135,0.00166666666666667,0.167951335475332,30,0,0,1,5,30,6
G6_P2_case66.mat,14,0.160296839417741,0.210102523300228,0.127796796797636,0.371175659136353,0.1985957429482,0.00918996263349646,0.00333333333333333,0.160296839417741,30,0,0,1,5,30,6
G6_P2_case66.mat,15,0.155493929426378,0.207361664733127,-0.061866482221899,0.348124011832268,0.204388526617908,0.0102171879704584,0.0133333333333333,0.155493929426378,30,0,0,1,5,30,6
G6_P2_case66.mat,16,0.139395754706351,0.169934797440192,-0.0597863242578667,0.306012975245318,0.160645197915883,0.0132444564005575,0.0166666666666667,0.139395754706351,30,0,0,1,5,30,6
G6_P2_case66.mat,17,0.147460141120543,0.174101930253971,0.0488914321744668,0.314249498827186,0.163837383112616,0.0129119841324325,0.0233333333333333,0.147460141120543,30,0,0,1,5,30,6
G6_P2_case66.mat,18,0.153653725163779,0.163669542731855,0.298181925855487,0.287920374477047,0.158092914024556,0.0124596110885617,0.04,0.153653725163779,30,0,0,1,5,30,6
G6_P2_case66.mat,19,0.162505587692813,0.190385713529267,-0.0654321313861049,0.326227400835627,0.184220195684791,0.0123216989116637,0.0291666666666667,0.162505587692813,30,0,0,1,5,30,6
G6_P3_case61.mat,1,0.11576830243352,0.0282217105119709,0.145042097529575,0.05732344392521,0.0221206687373435,0.030887046942502,0.12,0.11576830243352,40,0,0,0,0,40,2
G6_P3_case61.mat,2,0.119945308118185,0.0117477499316659,0.298127934100423,0.0177338956356713,0.0139081317656591,0.0291764894503455,0.0883333333333333,0.119945308118185,40,0,0,0,0,40,2
G6_P3_case61.mat,3,0.133352545253844,0.017895849645258,-0.0247096431897319,0.0370796069736058,0.011421298933566,0.0290768207167392,0.085,0.133352545253844,40,0,0,0,0,40,2
G6_P3_case61.mat,4,0.113995476598761,0.0321818643978336,-0.0864947393239092,0.0454842964703896,0.0371439719457914,0.0294426457129867,0.1075,0.113995476598761,40,0,0,0,0,40,2
G6_P3_case61.mat,5,0.0921965378262949,0.0119187607244682,0.179380732651462,0.0180991162256218,0.0113245550104402,0.0294450156585964,0.101666666666667,0.0921965378262949,40,0,0,0,0,40,2
G6_P3_case61.mat,6,0.0908269051160284,0.0309580265210365,-0.077680884582273,0.0447988459303702,0.0329346312066729,0.0281447240362038,0.123333333333333,0.0908269051160284,40,0,0,0,0,40,2
G6_P3_case61.mat,7,0.099413772483314,0.00309824348598876,0.211300514665007,0.00685051599303532,0.00201399699343283,0.0245651723990785,0.095,0.099413772483314,40,0,0,0,0,40,2
G6_P3_case61.mat,8,0.0966637768611249,0.0196773241706395,0.113725257445361,0.0414715124400738,0.0165535373596762,0.0251541243497769,0.100833333333333,0.0966637768611249,40,0,0,0,0,40,2
G6_P3_case61.mat,9,0.141958745235408,0.00795066678411537,0.0967345852180169,0.0177686214954611,0.0113994698994122,0.0219094182950704,0.0825,0.141958745235408,40,0,0,0,0,40,2
G6_P3_case61.mat,10,0.143678730005775,0.0161412718137056,0.044639918881717,0.0352020495986637,0.0123658186912171,0.0263450909830289,0.0833333333333333,0.143678730005775,40,0,0,0,0,40,2
G6_P3_case61.mat,11,0.13787850629887,0.0134638951205028,0.068414148282418,0.0216587221892406,0.0143309282128748,0.0227029526530479,0.0841666666666667,0.13787850629887,40,0,0,0,0,40,2
G6_P3_case61.mat,12,0.100412632780331,0.0100467553698899,0.067006569130961,0.0253582014235152,0.00344365557020644,0.0285746165546632,0.116666666666667,0.100412632780331,40,0,0,0,0,40,2
G6_P3_case61.mat,13,0.0965158805008997,0.0331527611998139,0.219178878623474,0.0510468448116239,0.0321502677809892,0.030026261284968,0.13,0.0965158805008997,40,0,0,0,0,40,2
G6_P3_case61.mat,14,0.0816783996082936,0.00492222756519307,0.086027950600414,0.0131006472334005,0.00143309000168924,0.033857525127477,0.135,0.0816783996082936,40,0,0,0,0,40,2
G6_P3_case61.mat,15,0.0709628450704668,0.0126542812324323,0.159361414738586,0.0210263213928334,0.0129053004300608,0.034062736870069,0.1525,0.0709628450704668,40,0,0,0,0,40,2
G6_P3_case61.mat,16,0.0686378393392385,0.0254375449491282,0.042826434922928,0.0441741916442909,0.024598082946725,0.0338772426950022,0.158333333333333,0.0686378393392385,40,0,0,0,0,40,2
G6_P3_case61.mat,17,0.0807357647451738,0.0176702853830553,0.339456781961485,0.0348249871858405,0.0161899911522778,0.0325988958671319,0.141666666666667,0.0807357647451738,40,0,0,0,0,40,2
G6_P3_case61.mat,18,0.184941259424959,0.0147618798272193,-0.0468819123925826,0.0228622175900558,0.0176328751228576,0.0280489505557933,0.095,0.184941259424959,40,0,0,0,0,40,2
G6_P3_case65.mat,1,0.0912718083965378,0.0436013162262522,0.07884660881144,0.0768243939716675,0.0401900580961309,0.0128167106090972,0.0725,0.0912718083965378,30,4,5,0,0,30,6
G6_P3_case65.mat,2,0.0601352939691887,0.0406229812695083,-0.263885226466946,0.0749810633743966,0.0373935277663862,0.00909996311373427,0.0675,0.0601352939691887,30,4,5,0,0,30,6
G6_P3_case65.mat,3,0.0555722987491396,0.0464394855244905,-0.176625711427336,0.0812715208284356,0.0461158349631595,0.0096891078768281,0.0641666666666667,0.0555722987491396,30,4,5,0,0,30,6
G6_P3_case65.mat,4,0.0599518864003679,0.0375912997147663,-0.041375271338801,0.0763043350817647,0.0322392832568157,0.00809489275405221,0.065,0.0599518864003679,30,4,5,0,0,30,6
G6_P3_case65.mat,5,0.0558804592140018,0.0477754155711389,-0.0922589106154885,0.0816471136646074,0.0469762054160531,0.00199261022945813,0.0466666666666667,0.0558804592140018,30,4,5,0,0,30,6
G6_P3_case65.mat,6,0.0532240479100361,0.0444977486708913,-0.143630767101648,0.0859956090834188,0.0374701141632928,0.00481543894454446,0.0516666666666667,0.0532240479100361,30,4,5,0,0,30,6
G6_P3_case65.mat,7,0.0820672260234021,0.0523908450159678,0.0921637720560053,0.0882190146981364,0.0521275273181062,0.00468632976483293,0.055,0.0820672260234021,30,4,5,0,0,30,6
G6_P3_case65.mat,8,0.0512565459426419,0.0588387253104133,0.113990745609416,0.102193986971946,0.0556838277265464,0.00264822519309182,0.0216666666666667,0.0512565459426419,30,4,5,0,0,30,6
G6_P3_case65.mat,9,0.0501852331271139,0.0437057867009444,-0.34359399231931,0.0776665392941144,0.041662190201484,0.000883456033579122,0.0366666666666667,0.0501852331271139,31.6,4,5,0,0,30,6
G6_P3_case65.mat,10,0.0978804029599179,0.0330693758822468,0.0373621509806002,0.0620737813823693,0.0300584749313828,0.00300851024459275,0.0633333333333333,0.0978804029599179,30.8,4,5,0,0,30,6
G6_P3_case65.mat,11,0.0448122311729879,0.0469044585728776,-0.0129036345885199,0.0809353397591552,0.0468217742798089,0.00100427416164589,0.0366666666666667,0.0448122311729879,30,4,5,0,0,30,6
G6_P3_case65.mat,12,0.0484289491884335,0.0440201902519344,-0.314425273211003,0.0802728485845781,0.0409767324130147,0.00176688272115182,0.04,0.0484289491884335,30,4,5,0,0,30,6
G6_P3_case65.mat,13,0.054241982784608,0.0367110463810196,0.0340905397057027,0.0687695994590739,0.0326142866407811,0.00530794271090809,0.05,0.054241982784608,30,4,5,0,0,30,6
G6_P3_case65.mat,14,0.0486742263007289,0.0455161199793436,-0.0363006796077248,0.0835119406367851,0.0405034810173779,0.00689009929804125,0.0508333333333333,0.0486742263007289,30,4,5,0,0,30,6
G6_P3_case65.mat,15,0.0551842517450074,0.0498390978662622,0.319833292093074,0.0855012388173414,0.0462846479901321,0.0108228079048796,0.0691666666666667,0.0551842517450074,30,4,5,0,0,30,6
G6_P3_case65.mat,16,0.052781820350777,0.0405457621775088,-0.466382475060006,0.066892837114903,0.0413530365936103,0.0133220792726714,0.0825,0.052781820350777,30,4,5,0,0,30,6
G6_P3_case65.mat,17,0.0529416795969904,0.0454454378299828,0.115723807438981,0.0790330584371551,0.0432523050721629,0.0134276596934529,0.0783333333333333,0.0529416795969904,30,4,5,0,0,30,6
G6_P3_case65.mat,18,0.090110868312043,0.0458530622752317,-0.200486270802367,0.0811245774312558,0.0434869035737732,0.0133173808409998,0.07,0.090110868312043,30,4,5,0,0,30,6
G6_P3_case65.mat,19,0.0813476610594809,0.0490514614036748,-0.00845033528504277,0.0851080704833845,0.0454036008930206,0.0134222226024768,0.0733333333333333,0.0813476610594809,30,4,5,0,0,30,6
G6_P3_case66.mat,1,0.314589664806333,0.436203176468491,0.00386600542726807,0.755819730468718,0.420402398211328,0.0149455216617483,0.00166666666666667,0.314589664806333,30,0,0,1,5,30,6
G6_P3_case66.mat,2,0.305877257458123,0.436713244799791,-0.00348970414598792,0.755409426911672,0.423999743883278,0.00716974602225721,0,0.305877257458123,30,0,0,1,5,30,6
G6_P3_case66.mat,3,0.313956648608089,0.445680261983117,0.0203938835997327,0.776520935275071,0.43085777136327,0.00928510994576047,0,0.313956648608089,30,0,0,1,5,30,6
G6_P3_case66.mat,4,0.307795455824286,0.439266278713763,0.0530600553846843,0.762529817300999,0.426199005772337,0.00666234601984691,0,0.307795455824286,30,0,0,1,5,30,6
G6_P3_case66.mat,5,0.312729450542608,0.4536627193857,0.0269070273654924,0.776216356896116,0.442349802025842,0.00328953758358298,0,0.312729450542608,30.4,0,0,1,5,30,6
G6_P3_case66.mat,6,0.316073665122665,0.452245733364112,0.0150113910424295,0.784346658128158,0.438374949786452,0.00805493318265556,0,0.316073665122665,30,0,0,1,5,30,6
G6_P3_case66.mat,7,0.327071613432293,0.449003124843024,-0.00422954525436885,0.77869876918906,0.434915388084166,0.004571608183282,0.00333333333333333,0.327071613432293,30,0,0,1,5,30,6
G6_P3_case66.mat,8,0.317219260604091,0.45648578201421,0.00214972645549595,0.787604988903749,0.442026159219884,0.00173090350828283,0,0.317219260604091,30,0,0,1,5,30,6
G6_P3_case66.mat,9,0.319700663276328,0.457615443533357,0.00748984390446355,0.794558360072205,0.441140790555155,0.00075857721988409,0,0.319700663276328,30,0,0,1,5,30,6
G6_P3_case66.mat,10,0.320637312904019,0.45783808285492,-0.0540402154869736,0.789878823494459,0.444490080794082,0.00105723949687728,0,0.320637312904019,31.2,0,0,1,5,30,6
G6_P3_case66.mat,11,0.309679191053997,0.444297078673871,-0.00383183950728335,0.768504927759624,0.431435914662636,0.000923462759182051,0,0.309679191053997,32,0,0,1,5,30,6
G6_P3_case66.mat,12,0.311613538812356,0.447417326857627,-0.00399845716541547,0.773968024254483,0.432624614220906,0.00312046356104773,0,0.311613538812356,30,0,0,1,5,30,6
G6_P3_case66.mat,13,0.309296141807348,0.441149455172627,-0.0437585156209967,0.765862194356629,0.428418652440363,0.00778809105419494,0,0.309296141807348,30,0,0,1,5,30,6
G6_P3_case66.mat,14,0.321017936165734,0.459533399881704,0.0115272753352352,0.7949444190712,0.443430340939309,0.00865043293103652,0,0.321017936165734,30,0,0,1,5,30,6
G6_P3_case66.mat,15,0.31303603301196,0.447959898287793,0.019811739198283,0.774186583046722,0.435414483968189,0.0123842541194503,0,0.31303603301196,30,0,0,1,5,30,6
G6_P3_case66.mat,16,0.316836080607759,0.453672010306907,-0.0144707809998465,0.783482611054869,0.439809006288181,0.0136098504425807,0,0.316836080607759,30,0,0,1,5,30,6
G6_P3_case66.mat,17,0.319533157284079,0.455878632066155,0.0191331249881486,0.789314704932654,0.43743110333107,0.0137065674512582,0,0.319533157284079,30,0,0,1,5,30,6
G6_P3_case66.mat,18,0.329667869081537,0.4566182435088,0.0386874311086692,0.793489059411322,0.439927784003238,0.0138686424503963,0,0.329667869081537,30,0,0,1,5,30,6
G6_P4_case61.mat,1,0.240780794667078,0.308730478867574,-0.0100878471980949,0.534858734734865,0.298571973945426,0.0522620519324241,0.015,0.240780794667078,40,0,0,0,0,40,2
G6_P4_case61.mat,2,0.244968761685525,0.307822115808922,-0.0402587532029629,0.533665987689491,0.297934072836787,0.0753607591736825,0.04,0.244968761685525,40,0,0,0,0,40,2
G6_P4_case61.mat,3,0.248560236285894,0.306904229809045,0.0712039724841361,0.533330768553031,0.295840444115239,0.079945183282606,0.0216666666666667,0.248560236285894,40,0,0,0,0,40,2
G6_P4_case61.mat,4,0.243149672835766,0.308640241723214,0.0145888215686385,0.533914793793387,0.298773205521423,0.0720304989381505,0.0416666666666667,0.243149672835766,40,0,0,0,0,40,2
G6_P4_case61.mat,5,0.240731624433879,0.307873155543704,-0.0405215553010545,0.53118117520283,0.298604796936861,0.0692464799456928,0.0616666666666667,0.240731624433879,40,0,0,0,0,40,2
G6_P4_case61.mat,6,0.243677827673701,0.309648075990781,-0.0557599264110266,0.538578224558608,0.298758769180665,0.069492575754427,0.0233333333333333,0.243677827673701,40,0,0,0,0,40,2
G6_P4_case61.mat,7,0.24512096783454,0.309136072592253,-0.00105260035356119,0.535137943619265,0.298867158768515,0.073478253763991,0.0816666666666667,0.24512096783454,40,0,0,0,0,40,2
G6_P4_case61.mat,8,0.251757734024238,0.310079152075077,0.0422189179055001,0.53768189359649,0.300275835245537,0.0810077444659667,0.0833333333333333,0.251757734024238,40,0,0,0,0,40,2
G6_P4_case61.mat,9,0.255127629391426,0.308512259005126,0.0765984529692265,0.53571914121393,0.297693904333614,0.0857083639029082,0.0566666666666667,0.255127629391426,40,0,0,0,0,40,2
G6_P4_case61.mat,10,0.261037699423404,0.313262007671346,0.0288519714875923,0.542774069403037,0.303079886930317,0.0910243405606322,0.0683333333333333,0.261037699423404,40,0,0,0,0,40,2
G6_P4_case61.mat,11,0.25721256914663,0.313426411732872,-0.0179280745179859,0.542636729636067,0.303746598930264,0.0864052394862009,0.0716666666666667,0.25721256914663,40,0,0,0,0,40,2
G6_P4_case61.mat,12,0.24595080796246,0.312885025557863,-0.0716648237466694,0.543947940770949,0.302318056680453,0.0712001063202013,0.0125,0.24595080796246,40,0,0,0,0,40,2
G6_P4_case61.mat,13,0.242495484074885,0.308835315777118,0.0246504920524828,0.535426383530651,0.299216165696869,0.0677188702772544,0.0783333333333333,0.242495484074885,40,0,0,0,0,40,2
G6_P4_case61.mat,14,0.240630897971965,0.309055195895911,0.0680550757578626,0.536082001448915,0.299319204004266,0.0661340755212396,0.0691666666666667,0.240630897971965,40,0,0,0,0,40,2
G6_P4_case61.mat,15,0.239778367710033,0.310569746533528,0.0602881029868635,0.537363557778994,0.300557556903135,0.066511990279399,0.00333333333333333,0.239778367710033,40,0,0,0,0,40,2
G6_P4_case61.mat,16,0.242281706054227,0.312752917553913,0.0109605077342883,0.543132717731593,0.301077831213844,0.0677560897113456,0.00333333333333333,0.242281706054227,40,0,0,0,0,40,2
G6_P4_case61.mat,17,0.238646415242619,0.310662396152586,-0.024483517547596,0.539638964105936,0.300063627504134,0.0641998815817916,0,0.238646415242619,40,0,0,0,0,40,2
G6_P4_case61.mat,18,0.235871710688207,0.313947986262502,0.0233560230668785,0.545650085261602,0.303158308173538,0.0543531398567577,0.005,0.235871710688207,40,0,0,0,0,40,2
G6_P4_case65.mat,1,0.117631593959214,0.128421591662407,0.0169563085779586,0.233939946908563,0.116203274522404,0.0210228408813046,0.04,0.117631593959214,29.6,4,5,0,0,30,6
G6_P4_case65.mat,2,0.118231907973853,0.147916900583354,-0.00473788114799703,0.257383512072119,0.141903615236597,0.0162485320842626,0.0216666666666667,0.118231907973853,29.6,4,5,0,0,30,6
G6_P4_case65.mat,3,0.117892780677273,0.145116647509871,0.0702505986560431,0.248478189710488,0.13990465969559,0.0178474322766113,0.0316666666666667,0.117892780677273,29.6,4,5,0,0,30,6
G6_P4_case65.mat,4,0.0950682824131739,0.120163239639433,0.180707983179381,0.203752431335455,0.11790702335537,0.01047955061565,0.0316666666666667,0.0950682824131739,29.6,4,5,0,0,30,6
G6_P4_case65.mat,5,0.106444675137652,0.128755450830267,-0.00841202430226509,0.222694920901754,0.127154062408328,0.017151278543595,0.0441666666666667,0.106444675137652,31.2,4,5,0,0,30,6
G6_P4_case65.mat,6,0.103909948037289,0.1303743102053,0.035365458301318,0.222846621544025,0.126355331366074,0.0106757851172375,0.0266666666666667,0.103909948037289,29.6,4,5,0,0,30,6
G6_P4_case65.mat,7,0.117472399152336,0.131369564410367,-0.0236176523881582,0.227712961021188,0.128564653947189,0.0213353262132096,0.0616666666666667,0.117472399152336,31.2,4,5,0,0,30,6
G6_P4_case65.mat,8,0.161347544511081,0.136280488581038,0.217529695043633,0.23302322946025,0.130687467667349,0.0203249863965242,0.0541666666666667,0.161347544511081,31.2,4,5,0,0,30,6
G6_P4_case65.mat,9,0.147046632252584,0.0912161226193013,-0.121451807131548,0.157124455427644,0.0852047744688601,0.0128439365248499,0.0658333333333333,0.147046632252584,31.2,4,5,0,0,30,6
G6_P4_case65.mat,10,0.0895973827485968,0.100941492281292,0.0282466012783531,0.178800759751831,0.0950489205839886,0.0103677119363974,0.0425,0.0895973827485968,31.2,4,5,0,0,30,6
G6_P4_case65.mat,11,0.17395937192222,0.114892518226136,0.104442204257093,0.19991717730663,0.112893379381068,0.0170558085135313,0.0416666666666667,0.17395937192222,31.2,4,5,0,0,30,6
G6_P4_case65.mat,12,0.107181531938151,0.125745440251703,0.0838829740494756,0.221960401254859,0.121000411472918,0.0118197656247505,0.035,0.107181531938151,31.2,4,5,0,0,30,6
G6_P4_case65.mat,13,0.108873973665172,0.131512649405268,0.0793291997078197,0.23012326813689,0.126348890224807,0.0125015355589984,0.0316666666666667,0.108873973665172,29.6,4,5,0,0,30,6
G6_P4_case65.mat,14,0.109279542473715,0.133630247496999,0.0840342701486866,0.22748744754918,0.129942047693342,0.0155220761214503,0.0408333333333333,0.109279542473715,29.6,4,5,0,0,30,6
G6_P4_case65.mat,15,0.11136956812412,0.125184311443416,0.0202900946397664,0.216139611894168,0.119588913520662,0.0189759824812578,0.07,0.11136956812412,29.6,4,5,0,0,30,6
G6_P4_case65.mat,16,0.097433159220475,0.0964750165722632,-0.0586063407103146,0.158212353910365,0.095452021218086,0.0253266158046105,0.1,0.097433159220475,29.6,4,5,0,0,30,6
G6_P4_case65.mat,17,0.114852416703118,0.0656520697493956,-0.102903725992858,0.114318690534131,0.0642603377655715,0.0157839064919528,0.105,0.114852416703118,30.8,4,5,0,0,30,6
G6_P4_case65.mat,18,0.130754017426763,0.0721217801705851,-0.171552499386911,0.119374083771443,0.0710673976815823,0.0321605679777822,0.109166666666667,0.130754017426763,29.6,4,5,0,0,30,6
G6_P4_case65.mat,19,0.103413860848993,0.0977824318071015,0.0865263716861701,0.167735374062762,0.0962288346209122,0.0260493026449636,0.0925,0.103413860848993,29.6,4,5,0,0,30,6
G6_P4_case66.mat,1,0.0876371544151822,0.011862651760813,-0.0937023575813015,0.0277579168833153,0.00634169342380626,0.0207255638890136,0.130833333333333,0.0876371544151822,29.6,0,0,1,5,30,6
G6_P4_case66.mat,2,0.0720217744585408,0.0172181216647232,-0.0390154869410148,0.0271030131631295,0.0169033804784292,0.0134930134217454,0.124166666666667,0.0720217744585408,29.6,0,0,1,5,30,6
G6_P4_case66.mat,3,0.0807527801193483,0.0103137449112146,-0.0300615264570772,0.0192167830461171,0.010550828747301,0.0176692132184726,0.115,0.0807527801193483,29.6,0,0,1,5,30,6
G6_P4_case66.mat,4,0.0754068861539791,0.00661374249818238,0.156870179626038,0.0180862706632185,0.0027497942434836,0.0128802100753716,0.115,0.0754068861539791,31.2,0,0,1,5,30,6
G6_P4_case66.mat,5,0.0977634435555484,0.0294894641407177,-0.0178725751484006,0.0526770599522485,0.0288494773572944,0.0269185865430149,0.103333333333333,0.0977634435555484,31.2,0,0,1,5,30,6
G6_P4_case66.mat,6,0.108226645792663,0.0189245151885296,0.0433660871979117,0.0407361773547424,0.0167482595920519,0.0246256608016215,0.095,0.108226645792663,29.6,0,0,1,5,30,6
G6_P4_case66.mat,7,0.107407851748472,0.0243319495795618,-0.0252256744647385,0.0445767984240944,0.0218415454873606,0.0204741124076351,0.0933333333333333,0.107407851748472,31.2,0,0,1,5,30,6
G6_P4_case66.mat,8,0.159253053687148,0.0300564413851035,-0.238826274273578,0.0464089718657581,0.0323074028530855,0.0187625944787854,0.09,0.159253053687148,31.2,0,0,1,5,30,6
G6_P4_case66.mat,9,0.159879989624064,0.0303029872831972,-0.0563549089328476,0.0507344375215169,0.0326505172603902,0.0101319525469135,0.0933333333333333,0.159879989624064,31.2,0,0,1,5,30,6
G6_P4_case66.mat,10,0.0577007303221833,0.0120472597374591,-0.0147053010102702,0.0272291866917478,0.00871681000251789,0.00984585049809541,0.09,0.0577007303221833,31.2,0,0,1,5,30,6
G6_P4_case66.mat,11,0.174900466609186,0.0392082000790775,0.0721083298408466,0.080484119801395,0.0308179782776787,0.023664683711765,0.085,0.174900466609186,31.2,0,0,1,5,30,6
G6_P4_case66.mat,12,0.105917570916059,0.102206446811222,-0.0618171212768264,0.177894698033133,0.0957865623461796,0.0228525318416417,0.0683333333333333,0.105917570916059,31.2,0,0,1,5,30,6
G6_P4_case66.mat,13,0.0952936880978719,0.0798162395647656,-0.00630175352204629,0.130477666102997,0.080107444091853,0.0207630821106694,0.0866666666666667,0.0952936880978719,29.6,0,0,1,5,30,6
G6_P4_case66.mat,14,0.108448788361625,0.0391796389721766,-0.12830079056022,0.0672682230333017,0.0384383365051683,0.0306783188979633,0.114166666666667,0.108448788361625,29.6,0,0,1,5,30,6
G6_P4_case66.mat,15,0.105705724916662,0.0342641336999438,-0.0645188328079572,0.0536625652450407,0.0340452576093069,0.023627362852288,0.0983333333333333,0.105705724916662,29.6,0,0,1,5,30,6
G6_P4_case66.mat,16,0.0959044324247558,0.0198831572554952,0.13335502744293,0.0309011997945764,0.0218415062516952,0.0321143873858669,0.126666666666667,0.0959044324247558,29.6,0,0,1,5,30,6
G6_P4_case66.mat,17,0.19843971139761,0.00878951361406449,-0.00230908668262179,0.0210549213314071,0.00946082781804569,0.0446991244429904,0.128333333333333,0.19843971139761,31.2,0,0,1,5,30,6
G6_P4_case66.mat,18,0.172471390206034,0.0286284465519006,-0.060740126675648,0.0586516049143078,0.0233350486560513,0.037346966767423,0.106666666666667,0.172471390206034,29.2,0,0,1,5,30,6
G7_P1_case71.mat,1,0.430488366613345,0.0102826562139041,0.00665837636356288,0.0210153062801406,0.00876634015579167,0.283842487344457,0.188333333333333,0.430488366613345,45.2,0,0,0,0,45,3
G7_P1_case71.mat,2,0.469324416622508,0.023068855159922,0.00836634988076957,0.0441016737035694,0.0215425354273524,0.318783172193621,0.188333333333333,0.469324416622508,45.2,0,0,0,0,45,3
G7_P1_case71.mat,3,0.466117074701067,0.0230806103482108,-0.00525232731793204,0.0411166379504042,0.0228726625345719,0.31669802883365,0.1875,0.466117074701067,45.2,0,0,0,0,45,3
G7_P1_case71.mat,4,0.526755587237125,0.0189095861753386,-0.00309086292516927,0.0325551001670112,0.0199677673302845,0.352916455929671,0.1875,0.526755587237125,45.2,0,0,0,0,45,3
G7_P1_case71.mat,5,0.612132221659769,0.0105239679292848,0.0102528234901535,0.0167992211200865,0.0118804561331446,0.423613335585159,0.1875,0.612132221659769,45.2,0,0,0,0,45,3
G7_P1_case71.mat,6,0.386729696880171,0.0100249837838261,-0.00270710635008261,0.0184112348761635,0.0102182558718931,0.254038412460445,0.1875,0.386729696880171,45.2,0,0,0,0,45,3
G7_P1_case71.mat,7,0.317149181816856,0.0138686811943854,0.00828037337963443,0.0233259050115667,0.0149660233236303,0.207565321030426,0.188333333333333,0.317149181816856,45.2,0,0,0,0,45,3
G7_P1_case71.mat,8,0.429297046736937,0.0102650077076556,-0.00100740940444678,0.0183483962288999,0.0106097695568951,0.293426688158942,0.188333333333333,0.429297046736937,45.2,0,0,0,0,45,3
G7_P1_case71.mat,9,0.515589284087238,0.014974107970463,0.00261243366089687,0.0294497331123138,0.013658608865243,0.352017720232001,0.188333333333333,0.515589284087238,45.2,0,0,0,0,45,3
G7_P1_case71.mat,10,0.525997036546278,0.0110828822734978,-0.0171420896248453,0.0202259629117792,0.0105013349482977,0.359747028606334,0.188333333333333,0.525997036546278,45.2,0,0,0,0,45,3
G7_P1_case71.mat,11,0.367751978938362,0.00688012994252739,-0.00405715123065139,0.0130620226529715,0.00631727309032196,0.25277440670528,0.1875,0.367751978938362,45.2,0,0,0,0,45,3
G7_P1_case71.mat,12,0.395471866333778,0.00236860460296667,-0.0015022209495942,0.00648577131775751,0.000842175054479981,0.273152947074784,0.1875,0.395471866333778,45.2,0,0,0,0,45,3
G7_P1_case71.mat,13,0.369448549507914,0.00633021530957706,0.00507273362211639,0.0123465324624175,0.00496684612896492,0.255858505847521,0.1875,0.369448549507914,45.2,0,0,0,0,45,3
G7_P1_case71.mat,14,0.472475586586398,0.00429316696407533,-0.0161365450054499,0.0092151849687788,0.00303834914019128,0.320130829879344,0.1875,0.472475586586398,45.2,0,0,0,0,45,3
G7_P1_case71.mat,15,0.513618946903129,0.00261084931938348,-0.00080391425661089,0.00571040892354534,0.00104259510237515,0.349872577502119,0.188333333333333,0.513618946903129,45.2,0,0,0,0,45,3
G7_P1_case71.mat,16,0.512245606923545,0.00372845145085327,0.00378544303177652,0.00715190017468069,0.00415143208264509,0.352611697476962,0.188333333333333,0.512245606923545,45.2,0,0,0,0,45,3
G7_P1_case71.mat,17,0.501997333292954,0.00599169311776316,0.00226996050498056,0.012521798845879,0.00493339803458479,0.346896539736753,0.188333333333333,0.501997333292954,45.2,0,0,0,0,45,3
G7_P1_case71.mat,18,0.477963085772497,0.00629974995678353,-0.0190884765153253,0.0125530885458798,0.00612369975515835,0.328839332644527,0.188333333333333,0.477963085772497,45.2,0,0,0,0,45,3
G7_P1_case75.mat,1,0.325241670988125,0.350717243280006,0.215976752881583,0.616601410274314,0.329940297208757,0.0907826492257502,0.0991666666666667,0.325241670988125,34.8,4,4,0,0,35,6
G7_P1_case75.mat,2,0.34725943981426,0.380785854140353,0.229025266449843,0.657235573949082,0.372421251329951,0.0872250613532456,0.0908333333333333,0.34725943981426,35.2,4,4,0,0,35,6
G7_P1_case75.mat,3,0.32554664045686,0.37557571970441,0.0448956876570538,0.651011432106784,0.361669030710886,0.0862346345696092,0.0641666666666667,0.32554664045686,34.8,4,4,0,0,35,6
G7_P1_case75.mat,4,0.346937412513299,0.370086550501106,0.223349132353372,0.639826504703246,0.35904213734819,0.0855799439029613,0.1025,0.346937412513299,34.8,4,4,0,0,35,6
G7_P1_case75.mat,5,0.312477255701676,0.371642393769624,0.247002651764223,0.644559529118385,0.362964586791063,0.0723260512120515,0.055,0.312477255701676,35.2,4,4,0,0,35,6
G7_P1_case75.mat,6,0.263685875506392,0.375380059132909,0.0335082392757758,0.648887575554115,0.363423047811257,0.023692803867429,0,0.263685875506392,35.2,4,4,0,0,35,6
G7_P1_case75.mat,7,0.264850389028914,0.375273445374617,-0.00225274611340567,0.649600912753535,0.36359472602085,0.0104944348137962,0.00166666666666667,0.264850389028914,35.2,4,4,0,0,35,6
G7_P1_case75.mat,8,0.260056843044589,0.37472684671999,0.00403801576501733,0.648857317120789,0.362473586947108,0.00391166645924075,0,0.260056843044589,35.2,4,4,0,0,35,6
G7_P1_case75.mat,9,0.26063928851075,0.37484306575843,0.0133589805245074,0.649030307278374,0.362516414093915,0.00739389243871827,0,0.26063928851075,35.2,4,4,0,0,35,6
G7_P1_case75.mat,10,0.26149857084967,0.374430977431608,0.00759747195465131,0.648735791171786,0.362383476656935,0.00743226352648991,0,0.26149857084967,34.8,4,4,0,0,35,6
G7_P1_case75.mat,11,0.259867144056813,0.37363409356526,-0.000915700249310224,0.648078846305879,0.361116223506412,0.00420060720128529,0,0.259867144056813,34.8,4,4,0,0,35,6
G7_P1_case75.mat,12,0.260192766968471,0.374539721095937,0.0316910718931887,0.648737079801057,0.362394853342711,0.00567921330643075,0,0.260192766968471,34.8,4,4,0,0,35,6
G7_P1_case75.mat,13,0.26140767759421,0.374349176362003,0.00822860712202684,0.648267229394829,0.362319150938918,0.0122427730229254,0,0.26140767759421,34.8,4,4,0,0,35,6
G7_P1_case75.mat,14,0.266554003499029,0.375206467849522,0.00150910115313578,0.650209403466002,0.363270936748754,0.0260559055908827,0,0.266554003499029,34.8,4,4,0,0,35,6
G7_P1_case75.mat,15,0.311337007157767,0.377374583545156,0.0476897230806514,0.653185655320262,0.363375948469242,0.0774027904878737,0.0466666666666667,0.311337007157767,34.8,4,4,0,0,35,6
G7_P1_case75.mat,16,0.343167160870241,0.381625984981957,-0.0745553146286579,0.65939910924185,0.372170563392653,0.0784664850405666,0.0916666666666667,0.343167160870241,35.2,4,4,0,0,35,6
G7_P1_case75.mat,17,0.326626272191759,0.373382698855558,-0.0129342613954485,0.641433273718555,0.36131295848462,0.0762706012998309,0.0841666666666667,0.326626272191759,34.8,4,4,0,0,35,6
G7_P1_case75.mat,18,0.344758162749385,0.381294581272341,0.295481249170177,0.665456513150506,0.372407050620202,0.0807940507729334,0.0791666666666667,0.344758162749385,34.8,4,4,0,0,35,6
G7_P1_case76.mat,1,0.375375207526183,0.190218698987054,-0.0417601871130973,0.332009908326878,0.1874118205699,0.124887112555667,0.136666666666667,0.375375207526183,34.8,0,0,1,4,35,6
G7_P1_case76.mat,2,0.33484449777525,0.188311495037863,-0.238035994493401,0.324794388398787,0.181842363668838,0.126767660547839,0.134166666666667,0.33484449777525,35.2,0,0,1,4,35,6
G7_P1_case76.mat,3,0.307815818331954,0.189629780173274,0.0160480122557535,0.326038360490849,0.183028578801892,0.1129640596694,0.1375,0.307815818331954,34.8,0,0,1,4,35,6
G7_P1_case76.mat,4,0.353020114872798,0.190263988126052,-0.0460804284988002,0.329628855071602,0.182030287580367,0.117750943478616,0.138333333333333,0.353020114872798,34.8,0,0,1,4,35,6
G7_P1_case76.mat,5,0.25275168380783,0.176530636264992,-0.132716757067402,0.315669286027253,0.160417092504027,0.0750716968899003,0.07,0.25275168380783,35.2,0,0,1,4,35,6
G7_P1_case76.mat,6,0.153981370909811,0.189740513808547,0.00679489446202191,0.328306519695877,0.184689086696483,0.0355217387975571,0.0416666666666667,0.153981370909811,35.2,0,0,1,4,35,6
G7_P1_case76.mat,7,0.147428575546184,0.187595457088847,-0.00448092863503415,0.324935589366667,0.180831250274309,0.0233249665329767,0.0133333333333333,0.147428575546184,35.2,0,0,1,4,35,6
G7_P1_case76.mat,8,0.135314733202567,0.187885217562905,0.0136255628838329,0.325125892191443,0.183207547277504,0.0112839497865379,0.00333333333333333,0.135314733202567,35.2,0,0,1,4,35,6
G7_P1_case76.mat,9,0.146692073861956,0.188154228845202,0.0293266492357101,0.326291093225489,0.181316361426352,0.0304554918516131,0.0183333333333333,0.146692073861956,35.2,0,0,1,4,35,6
G7_P1_case76.mat,10,0.146571247032105,0.189272755847305,-0.00572092348466359,0.327492340996882,0.18316178097754,0.0258786984370535,0.0116666666666667,0.146571247032105,34.8,0,0,1,4,35,6
G7_P1_case76.mat,11,0.136149406422556,0.188511727050652,0.00935949299693307,0.326966481671131,0.182578561133004,0.0149959565985126,0,0.136149406422556,34.8,0,0,1,4,35,6
G7_P1_case76.mat,12,0.134362830560651,0.188860389747631,-0.000975969101790342,0.327307539796464,0.182693702202917,0.0120209132430532,0,0.134362830560651,34.8,0,0,1,4,35,6
G7_P1_case76.mat,13,0.152902031183401,0.188505959792111,-0.00728846029667125,0.325665730988805,0.182228025900404,0.0361010961007424,0.035,0.152902031183401,34.8,0,0,1,4,35,6
G7_P1_case76.mat,14,0.145332766242988,0.187990269526744,0.00671356695337769,0.324936695917133,0.181913802000865,0.0347011681154469,0.0133333333333333,0.145332766242988,34.8,0,0,1,4,35,6
G7_P1_case76.mat,15,0.266674679894721,0.187006675613813,-0.000574444515227844,0.33604728374707,0.182045844283811,0.0748605320625865,0.136666666666667,0.266674679894721,34.8,0,0,1,4,35,6
G7_P1_case76.mat,16,0.338449059958941,0.167860453983902,-0.0483530871358192,0.267328509775981,0.162382539407077,0.079303397450605,0.1475,0.338449059958941,34.8,0,0,1,4,35,6
G7_P1_case76.mat,17,0.324354064452218,0.169980214655049,0.124380279012447,0.308613674218871,0.163954763806371,0.0775851568120456,0.150833333333333,0.324354064452218,35.2,0,0,1,4,35,6
G7_P1_case76.mat,18,0.310305250670061,0.169160526863236,0.0149667346757465,0.290581073177533,0.154137002100864,0.0916237656383084,0.138333333333333,0.310305250670061,35.2,0,0,1,4,35,6
G7_P2_case71.mat,1,0.184037469338436,0.228397470959352,0.324144093043739,0.397317727806534,0.220731252242498,0.0392055784139969,0.0475,0.184037469338436,44.8,0,0,0,0,45,3
G7_P2_case71.mat,2,0.175700498180548,0.229320531297851,0.00542471569897684,0.39887015777488,0.22196601821109,0.039358764696772,0.0491666666666667,0.175700498180548,44.8,0,0,0,0,45,3
G7_P2_case71.mat,3,0.173206328138864,0.226487707554342,0.0250648276622228,0.391971140164084,0.219055028279818,0.0382876004360947,0.0533333333333333,0.173206328138864,44.8,0,0,0,0,45,3
G7_P2_case71.mat,4,0.176470020816993,0.230137858447404,-0.000347061061017213,0.397147570738445,0.223410155757175,0.0416665802652107,0.0566666666666667,0.176470020816993,44.8,0,0,0,0,45,3
G7_P2_case71.mat,5,0.181962307770778,0.224629137313756,-0.0197027383544524,0.390155485959567,0.216845045466364,0.0501020074002731,0.085,0.181962307770778,44.8,0,0,0,0,45,3
G7_P2_case71.mat,6,0.189787237195622,0.230339555070107,-0.0164114933222617,0.398108553807673,0.223408954112943,0.0570555312325094,0.1,0.189787237195622,44.8,0,0,0,0,45,3
G7_P2_case71.mat,7,0.175181627788098,0.226188514423771,-0.0436014151321703,0.391563473158623,0.219129315329389,0.0421961064541476,0.07,0.175181627788098,44.8,0,0,0,0,45,3
G7_P2_case71.mat,8,0.172047424095139,0.229494678453011,-0.00589302991591689,0.396031630509772,0.223486465663773,0.0349269199041508,0.0283333333333333,0.172047424095139,44.8,0,0,0,0,45,3
G7_P2_case71.mat,9,0.170858829015617,0.230265146286058,0.0105412105145984,0.397406210406233,0.22383853778281,0.031202813354452,0.01,0.170858829015617,44.8,0,0,0,0,45,3
G7_P2_case71.mat,10,0.171908754622627,0.228683378748566,0.0222235168997454,0.396800267376755,0.22083353886455,0.0332415650175725,0.0133333333333333,0.171908754622627,44.8,0,0,0,0,45,3
G7_P2_case71.mat,11,0.172270503197095,0.22876485374903,0.0228380217641482,0.396166809836546,0.221103555774158,0.0342724831690359,0.03,0.172270503197095,44.8,0,0,0,0,45,3
G7_P2_case71.mat,12,0.174884477828841,0.228881535092628,0.0100322120957768,0.39536609337966,0.22195384205888,0.0395846356613141,0.0566666666666667,0.174884477828841,44.8,0,0,0,0,45,3
G7_P2_case71.mat,13,0.178622999764437,0.230222312062829,-0.0170760564918939,0.397183610626162,0.223398703279019,0.0437360107964372,0.0733333333333333,0.178622999764437,44.8,0,0,0,0,45,3
G7_P2_case71.mat,14,0.185359091430076,0.22884458997052,-0.0248458060589227,0.396037523874283,0.221486893509017,0.0536940058446944,0.095,0.185359091430076,44.8,0,0,0,0,45,3
G7_P2_case71.mat,15,0.180241547927355,0.228979355608657,0.0366427537603555,0.395824519840574,0.221527638148278,0.0474336622452281,0.0758333333333333,0.180241547927355,44.8,0,0,0,0,45,3
G7_P2_case71.mat,16,0.176437731238636,0.226995434578751,0.0370421352944996,0.394839712457691,0.218725963042893,0.0422337314063357,0.0658333333333333,0.176437731238636,44.8,0,0,0,0,45,3
G7_P2_case71.mat,17,0.177519854102126,0.225983519617844,0.0343320264414749,0.395364603259313,0.21695180598827,0.0415847366826473,0.0625,0.177519854102126,44.8,0,0,0,0,45,3
G7_P2_case71.mat,18,0.176995484746301,0.22732697624595,0.0186990458338233,0.394962738988484,0.219615960049626,0.0422140651211782,0.0666666666666667,0.176995484746301,44.8,0,0,0,0,45,3
G7_P2_case75.mat,1,0.341190711060558,0.474723781431958,0.116748851715487,0.816726907138815,0.463247634966727,0.0107990833704257,0.000833333333333333,0.341190711060558,34.8,4,4,0,0,35,6
G7_P2_case75.mat,2,0.365262539304384,0.475066557880925,0.00617038092717986,0.829889827642148,0.45661766349649,0.0118459231165908,0.005,0.365262539304384,34.8,4,4,0,0,35,6
G7_P2_case75.mat,3,0.341342834164935,0.479172745893545,-0.0139296157925404,0.82509549801829,0.461862784855337,0.00639072567190836,0,0.341342834164935,30.4,4,4,0,0,35,6
G7_P2_case75.mat,4,0.372737091359628,0.467691779529262,-0.0748073078556726,0.800292615301965,0.454574515979485,0.0213035283575676,0.02,0.372737091359628,34.8,4,4,0,0,35,6
G7_P2_case75.mat,5,0.331370460366201,0.457225832051882,0.0255184271713554,0.788708402212526,0.444459084082041,0.00974184417527635,0.00166666666666667,0.331370460366201,34.8,4,4,0,0,35,6
G7_P2_case75.mat,6,0.328695473035275,0.467591207066765,-0.00985020787546234,0.814538185031056,0.449217447498062,0.0040179411395847,0,0.328695473035275,34.8,4,4,0,0,35,6
G7_P2_case75.mat,7,0.336928743395876,0.47513203003776,-0.0210710714436576,0.82391806577182,0.459164259396232,0.00618885303565735,0.00333333333333333,0.336928743395876,34.8,4,4,0,0,35,6
G7_P2_case75.mat,8,0.326358916392495,0.467712715601518,0.0166994460663134,0.809911390692767,0.451975825646432,0.00946674179517521,0,0.326358916392495,34.8,4,4,0,0,35,6
G7_P2_case75.mat,9,0.327630883842718,0.470383925182645,-0.0382792921294597,0.810482315045321,0.455473888627177,0.0150120461102319,0,0.327630883842718,34.8,4,4,0,0,35,6
G7_P2_case75.mat,10,0.329816010435655,0.465799397863633,0.0338963771027085,0.814285611736513,0.450615317254368,0.0104994779178653,0,0.329816010435655,34.8,4,4,0,0,35,6
G7_P2_case75.mat,11,0.330672977017655,0.471916303133348,0.0429794179840375,0.820449439571212,0.456329421097222,0.0115811709019147,0,0.330672977017655,34.8,4,4,0,0,35,6
G7_P2_case75.mat,12,0.328801078532578,0.470278690131892,-0.0200461397265658,0.815640378642404,0.456458583152035,0.00666972566966989,0,0.328801078532578,34.8,4,4,0,0,35,6
G7_P2_case75.mat,13,0.33174998708793,0.472648781432877,-0.00217108975365866,0.821092044534247,0.456164743929828,0.00450416430740088,0,0.33174998708793,34.8,4,4,0,0,35,6
G7_P2_case75.mat,14,0.33648960601868,0.475704874221863,-0.0336453695533541,0.823609818425731,0.46211220195333,0.00603615468563291,0,0.33648960601868,34.8,4,4,0,0,35,6
G7_P2_case75.mat,15,0.366268902614578,0.474360554850781,0.040844586957475,0.818668339469895,0.457320923193968,0.0160366483178306,0.015,0.366268902614578,34.8,4,4,0,0,35,6
G7_P2_case75.mat,16,0.376793486219847,0.471741438075362,0.392717293186716,0.822696402301378,0.455007161835319,0.0186848366769669,0.02,0.376793486219847,34.8,4,4,0,0,35,6
G7_P2_case75.mat,17,0.372800545922401,0.472408407652019,0.0487343436322619,0.820572347087239,0.45449725371732,0.0183668315436423,0.0166666666666667,0.372800545922401,34.8,4,4,0,0,35,6
G7_P2_case75.mat,18,0.380669331431036,0.473660634204359,0.00238511214858369,0.823433030936572,0.4602490002449,0.0162845656639569,0.02,0.380669331431036,34.8,4,4,0,0,35,6
G7_P2_case76.mat,1,0.279020813512027,0.251867916299232,-0.00960198488535907,0.428891634571586,0.24589437872129,0.024003487261482,0.0475,0.279020813512027,34.8,0,0,1,4,35,6
G7_P2_case76.mat,2,0.178197408495821,0.228862724568145,-0.0981370076195204,0.400273966892328,0.22000137228196,0.0274138693654851,0.00666666666666667,0.178197408495821,34.8,0,0,1,4,35,6
G7_P2_case76.mat,3,0.181578786369254,0.233275404465123,-0.0521370010299249,0.409492970388548,0.222341699953971,0.024698978424785,0.01,0.181578786369254,34.8,0,0,1,4,35,6
G7_P2_case76.mat,4,0.260672665310223,0.241747589130319,-0.0699787896996289,0.415981481374408,0.233482543701487,0.0276640041369783,0.0466666666666667,0.260672665310223,34.8,0,0,1,4,35,6
G7_P2_case76.mat,5,0.195265445279195,0.230441098183024,-0.246549754277731,0.397548100406159,0.226692431255084,0.0145091562219632,0.02,0.195265445279195,34.8,0,0,1,4,35,6
G7_P2_case76.mat,6,0.175513368309606,0.246777890230752,0.355583850736844,0.418983104420928,0.243104221018251,0.00187327023752041,0.00166666666666667,0.175513368309606,34.8,0,0,1,4,35,6
G7_P2_case76.mat,7,0.177325913737604,0.240065715377549,-0.00478472984386746,0.415371773791802,0.231573885016699,0.00602467525266083,0.00333333333333333,0.177325913737604,34.8,0,0,1,4,35,6
G7_P2_case76.mat,8,0.163067871018836,0.223044311738127,0.432936266101406,0.387486010553698,0.216507466675705,0.0115255768287029,0.00166666666666667,0.163067871018836,34.8,0,0,1,4,35,6
G7_P2_case76.mat,9,0.16509297362747,0.23143296226482,-0.00705314763553282,0.393222099393765,0.22746659638944,0.0166404192630196,0,0.16509297362747,34.8,0,0,1,4,35,6
G7_P2_case76.mat,10,0.172464114604143,0.23971560780168,-0.0807530039882142,0.412455950921536,0.232381133695367,0.013755167322472,0.00166666666666667,0.172464114604143,34.8,0,0,1,4,35,6
G7_P2_case76.mat,11,0.169822697994865,0.23452715453417,0.0305713360272328,0.407434882561555,0.224646711200113,0.0131222083408912,0,0.169822697994865,34.8,0,0,1,4,35,6
G7_P2_case76.mat,12,0.166431892492786,0.225653554257211,0.000161997158155111,0.40310346401468,0.213508036214825,0.00873412189946523,0,0.166431892492786,34.8,0,0,1,4,35,6
G7_P2_case76.mat,13,0.175156636687954,0.242760716383259,0.00132927442086062,0.418703965251714,0.236313462780194,0.00401054291062808,0,0.175156636687954,34.8,0,0,1,4,35,6
G7_P2_case76.mat,14,0.161295683592934,0.221868120017809,-0.0104196538743406,0.38493580492977,0.214378785358957,0.00632654943889573,0.00166666666666667,0.161295683592934,34.8,0,0,1,4,35,6
G7_P2_case76.mat,15,0.264047643635287,0.244430817982884,0.0442565616663827,0.42338705827416,0.23455693925972,0.016924069858302,0.0325,0.264047643635287,34.8,0,0,1,4,35,6
G7_P2_case76.mat,16,0.292883055548617,0.237819771231946,0.0567199696591486,0.406325381445777,0.229650076077327,0.016664231670534,0.0591666666666667,0.292883055548617,34.8,0,0,1,4,35,6
G7_P2_case76.mat,17,0.280373700651017,0.230352351209438,-0.119967362120778,0.394386639529066,0.227504925542212,0.0164914350075008,0.0591666666666667,0.280373700651017,34.8,0,0,1,4,35,6
G7_P2_case76.mat,18,0.245936033298411,0.225401165829945,0.189578528131187,0.386798483392578,0.215717292374877,0.0148371522012603,0.0575,0.245936033298411,34.8,0,0,1,4,35,6
G7_P2_case76.mat,19,0.273922346493963,0.231269466682397,-0.0459182544961076,0.408478311941742,0.222674752361924,0.0152952043191502,0.055,0.273922346493963,34.8,0,0,1,4,35,6
G7_P3_case71.mat,1,0.3586971670526,0.463417379298762,0.299485305245911,0.802607615076653,0.446147042050346,0.00779429574243483,0.00416666666666667,0.3586971670526,45.2,0,0,0,0,45,3
G7_P3_case71.mat,2,0.36693313369276,0.486269131400658,0.0317950822636796,0.847080039004999,0.470077586964155,0.00942713245657369,0,0.36693313369276,45.2,0,0,0,0,45,3
G7_P3_case71.mat,3,0.366602979161094,0.494731046978373,0.00157999673489553,0.864579598718023,0.476790520920743,0.0085698643850955,0,0.366602979161094,45.2,0,0,0,0,45,3
G7_P3_case71.mat,4,0.389410860851728,0.501651503237138,0.0241178524842194,0.893040946491316,0.473227492459204,0.010208314745174,0.00166666666666667,0.389410860851728,45.2,0,0,0,0,45,3
G7_P3_case71.mat,5,0.417802300351304,0.539329623738658,0.00996867080858922,0.929247458348041,0.52377849462174,0.0140780481508011,0.00833333333333333,0.417802300351304,45.2,0,0,0,0,45,3
G7_P3_case71.mat,6,0.396354051582716,0.522621565720226,0.0241148227300768,0.901227442794684,0.50686846918319,0.0119094708544238,0,0.396354051582716,45.2,0,0,0,0,45,3
G7_P3_case71.mat,7,0.392308031756485,0.530041488056439,0.000205398264917998,0.924789262832257,0.510936065071138,0.00866574584993743,0,0.392308031756485,45.2,0,0,0,0,45,3
G7_P3_case71.mat,8,0.378613940114531,0.526678076639249,0.0176130273423229,0.904511897931687,0.504828220273858,0.00695464403553245,0,0.378613940114531,45.2,0,0,0,0,45,3
G7_P3_case71.mat,9,0.393366054743097,0.563196913553876,-0.0134763554503737,0.947628224624449,0.558021897113041,0.00561114803738356,0,0.393366054743097,45.2,0,0,0,0,45,3
G7_P3_case71.mat,10,0.396046624447655,0.562307023315886,0.0330945742764971,0.959806375949536,0.548628018910133,0.00541670042235387,0,0.396046624447655,45.2,0,0,0,0,45,3
G7_P3_case71.mat,11,0.401926398259202,0.546468780444576,0.0287034476100051,0.959497029844507,0.518934163371622,0.00744712262347403,0,0.401926398259202,45.2,0,0,0,0,45,3
G7_P3_case71.mat,12,0.392402490309299,0.54562971978086,0.0342133370076486,0.934833466614808,0.527540543618923,0.00805196246107652,0,0.392402490309299,45.2,0,0,0,0,45,3
G7_P3_case71.mat,13,0.399346407738542,0.550299110462531,0.0216541656065772,0.938249068693489,0.536691677093244,0.00937866077980857,0,0.399346407738542,45.2,0,0,0,0,45,3
G7_P3_case71.mat,14,0.409002117340203,0.542298474499952,0.00198627898996216,0.93891410942966,0.521627962093403,0.011304993699165,0.00333333333333333,0.409002117340203,45.2,0,0,0,0,45,3
G7_P3_case71.mat,15,0.405657437561554,0.536132375372793,0.00853465716911707,0.94646048506402,0.517118207001544,0.00989830181222397,0,0.405657437561554,45.2,0,0,0,0,45,3
G7_P3_case71.mat,16,0.412643117910943,0.551243907397275,0.00718622532951448,0.966906816881655,0.526310795132629,0.00979000219742242,0,0.412643117910943,45.2,0,0,0,0,45,3
G7_P3_case71.mat,17,0.413472795804135,0.558668078834037,-0.0021976909919464,0.97610554655284,0.544904991137357,0.00940599964768756,0,0.413472795804135,45.2,0,0,0,0,45,3
G7_P3_case71.mat,18,0.412290220489644,0.554632390348487,0.0171057555658517,0.976172120589781,0.532026491400266,0.00908571731066355,0.00166666666666667,0.412290220489644,45.2,0,0,0,0,45,3
G7_P3_case75.mat,1,0.192969021664735,0.235503040880282,0.0188888475620735,0.412735748459527,0.225943913941621,0.0240912841756519,0.0116666666666667,0.192969021664735,34.8,4,4,0,0,35,6
G7_P3_case75.mat,2,0.231837470901863,0.243553556964969,-0.0224213017859492,0.422172654844366,0.236835094702936,0.0236275914044124,0.0566666666666667,0.231837470901863,34.8,4,4,0,0,35,6
G7_P3_case75.mat,3,0.186118110686693,0.241961626354908,0.0623091900018038,0.417396166137752,0.236020097052566,0.0199081082631916,0.0183333333333333,0.186118110686693,34.8,4,4,0,0,35,6
G7_P3_case75.mat,4,0.243122350424784,0.241305366207803,-0.241543113505326,0.417316269256339,0.231684975608517,0.0215854850804697,0.07,0.243122350424784,34.8,4,4,0,0,35,6
G7_P3_case75.mat,5,0.201707073729291,0.241865965118797,0.459700157903888,0.416622000661177,0.235931984685767,0.0137384512589337,0.0266666666666667,0.201707073729291,35.2,4,4,0,0,35,6
G7_P3_case75.mat,6,0.163932667016356,0.233960455535375,-0.0237998084408976,0.404810181473284,0.228198002243331,0.0054817963251493,0,0.163932667016356,34.8,4,4,0,0,35,6
G7_P3_case75.mat,7,0.181895417844961,0.242670542960898,-0.0290236410125658,0.417805854219433,0.237128001870517,0.00227826583156665,0.00666666666666667,0.181895417844961,34.8,4,4,0,0,35,6
G7_P3_case75.mat,8,0.166992513393565,0.237730902479764,0.0449274425165277,0.413970087197735,0.22942132423117,0.00128535461878414,0,0.166992513393565,35.2,4,4,0,0,35,6
G7_P3_case75.mat,9,0.165754728038299,0.239882761151004,0.00149702103815169,0.41072822576786,0.232096541597997,0.00106088295895305,0,0.165754728038299,35.2,4,4,0,0,35,6
G7_P3_case75.mat,10,0.169891590048524,0.241536825815215,-0.0141364003634574,0.417568837298407,0.233750718478088,0.000975560358495457,0,0.169891590048524,34.4,4,4,0,0,35,6
G7_P3_case75.mat,11,0.170645161327168,0.24424450588636,0.00586605001315405,0.423531100023248,0.235895876554215,0.00111455987923858,0,0.170645161327168,34.8,4,4,0,0,35,6
G7_P3_case75.mat,12,0.165441854854788,0.235712565510909,0.0505254081779826,0.410078566229916,0.227670529557074,0.00222932940977477,0,0.165441854854788,34.8,4,4,0,0,35,6
G7_P3_case75.mat,13,0.171638948099688,0.240099805968858,-0.0385204537681587,0.418095167255122,0.231930154639324,0.00480883680189918,0.00166666666666667,0.171638948099688,34.8,4,4,0,0,35,6
G7_P3_case75.mat,14,0.176967207826782,0.242198316322119,0.00946945896119179,0.418538443044522,0.235461540390519,0.00508368635040376,0.00833333333333333,0.176967207826782,35.2,4,4,0,0,35,6
G7_P3_case75.mat,15,0.21241694590738,0.238960490003788,0.0134389926891444,0.416056574870399,0.230639571032071,0.0216174814775557,0.035,0.21241694590738,34.8,4,4,0,0,35,6
G7_P3_case75.mat,16,0.217963535627077,0.242263991726237,-0.338824740502997,0.416911741746046,0.233292713302515,0.0192497125586756,0.0733333333333333,0.217963535627077,34.8,4,4,0,0,35,6
G7_P3_case75.mat,17,0.21520157655947,0.242230914510365,0.266028367311826,0.41521933831504,0.234341630671098,0.0191763025516643,0.0725,0.21520157655947,34.8,4,4,0,0,35,6
G7_P3_case75.mat,18,0.235714464608234,0.240711558678841,0.251548701268903,0.417599095503226,0.231409912322154,0.0185275196372951,0.0725,0.235714464608234,34.8,4,4,0,0,35,6
G7_P3_case76.mat,1,0.314443007748482,0.378750982739299,0.0545089205601176,0.659119023409907,0.362610895475703,0.021179606843665,0.0266666666666667,0.314443007748482,34.8,0,0,1,4,35,6
G7_P3_case76.mat,2,0.272672927029342,0.389225270791937,0.026404100371063,0.668276855271449,0.379118784269148,0.0245528128167862,0,0.272672927029342,34.8,0,0,1,4,35,6
G7_P3_case76.mat,3,0.270452275263883,0.384007554190386,-0.0257269308480068,0.663942121350852,0.372111119156117,0.019771039285736,0,0.270452275263883,34.8,0,0,1,4,35,6
G7_P3_case76.mat,4,0.299483889148168,0.382046019985644,0.0345904814797894,0.658859672104607,0.370503210870641,0.0209779310907969,0.0283333333333333,0.299483889148168,34.8,0,0,1,4,35,6
G7_P3_case76.mat,5,0.279378549045859,0.377210375485194,0.404498947155446,0.653962183298413,0.364451306842544,0.00967566287758625,0.0133333333333333,0.279378549045859,34.8,0,0,1,4,35,6
G7_P3_case76.mat,6,0.262415066267119,0.375826153893736,0.0194005091703957,0.648702321708065,0.363228696808193,0.0051076571023476,0,0.262415066267119,34.8,0,0,1,4,35,6
G7_P3_case76.mat,7,0.268130341941208,0.38084781684701,-0.00559149094359698,0.661433062974611,0.367958335286908,0.00285498926585173,0,0.268130341941208,34.8,0,0,1,4,35,6
G7_P3_case76.mat,8,0.265651350017056,0.382071517691015,0.0163109965422956,0.660565804735261,0.369275441583483,0.00112273902419411,0,0.265651350017056,35.2,0,0,1,4,35,6
G7_P3_case76.mat,9,0.265843433303286,0.382247959257313,0.0101371585561614,0.662276528581673,0.369262679377102,0.0016187384678799,0,0.265843433303286,34.8,0,0,1,4,35,6
G7_P3_case76.mat,10,0.259804351492405,0.374220977403995,-0.00189710495796272,0.646803407138746,0.362675680954566,0.00124612297278247,0,0.259804351492405,34.8,0,0,1,4,35,6
G7_P3_case76.mat,11,0.262224688287838,0.378860627657309,-0.0287913990726398,0.652987784087033,0.367042466349651,0.00111618441760244,0,0.262224688287838,34.8,0,0,1,4,35,6
G7_P3_case76.mat,12,0.264137007784323,0.380958902605886,-0.00742159273535898,0.658399746155998,0.369733731738334,0.00217262797131851,0,0.264137007784323,34.8,0,0,1,4,35,6
G7_P3_case76.mat,13,0.264408158813289,0.378643691899247,-0.0114950393292562,0.654875568326318,0.366248985554251,0.00469390866722216,0,0.264408158813289,34.8,0,0,1,4,35,6
G7_P3_case76.mat,14,0.260636166129368,0.37358241488952,0.00485502341502563,0.648245643075282,0.360520256088702,0.00354843955558198,0,0.260636166129368,35.2,0,0,1,4,35,6
G7_P3_case76.mat,15,0.300730149335702,0.376073954334147,-0.00801662911285497,0.651764952697373,0.363057552752547,0.0195729882700828,0.0183333333333333,0.300730149335702,34.8,0,0,1,4,35,6
G7_P3_case76.mat,16,0.305928908274697,0.377137294450304,-0.000745949491705121,0.648788031351209,0.368700967279995,0.0193609601519121,0.0166666666666667,0.305928908274697,34.8,0,0,1,4,35,6
G7_P3_case76.mat,17,0.304442501265089,0.377207840069708,0.344147075694507,0.655032451247165,0.363004541764125,0.0194292930868552,0.0166666666666667,0.304442501265089,34.8,0,0,1,4,35,6
G7_P3_case76.mat,18,0.294283730813309,0.375768159833841,0.00316924529699665,0.652206914972836,0.362905301835749,0.0195028001318683,0.005,0.294283730813309,34.8,0,0,1,4,35,6
G7_P3_case76.mat,19,0.300793316827693,0.377915069381746,0.0241287536553382,0.65419015761836,0.364472602530292,0.0192364483099871,0.0133333333333333,0.300793316827693,34.8,0,0,1,4,35,6
G7_P3_case76.mat,20,0.308449891419796,0.37642698892953,-0.00760742730716009,0.656727463555319,0.365231975795446,0.0190377303126784,0.0158333333333333,0.308449891419796,34.8,0,0,1,4,35,6
G7_P4_case71.mat,1,0.133585987336078,0.116967461920724,0.0925586065433226,0.207994216106234,0.109066616062921,0.0469101046384692,0.13,0.133585987336078,44.8,0,0,0,0,45,3
G7_P4_case71.mat,2,0.126643316241375,0.117111664239653,-0.253700304603797,0.203895985070192,0.11440288258507,0.0527501459848037,0.145,0.126643316241375,44.8,0,0,0,0,45,3
G7_P4_case71.mat,3,0.126876673162233,0.124665734483733,-0.0645344845229325,0.21027752714616,0.122780350720559,0.0522100356810994,0.138333333333333,0.126876673162233,44.8,0,0,0,0,45,3
G7_P4_case71.mat,4,0.131939215097643,0.119605342181921,-0.103348874275964,0.210107415051679,0.115678563611098,0.0552318370993881,0.146666666666667,0.131939215097643,44.8,0,0,0,0,45,3
G7_P4_case71.mat,5,0.143545350024997,0.118967964980132,-0.0377037906322978,0.210456924287335,0.115146801726027,0.0645537298470237,0.151666666666667,0.143545350024997,44.8,0,0,0,0,45,3
G7_P4_case71.mat,6,0.123013345003548,0.121990217345306,-0.258932206352324,0.213278330986112,0.115900362452609,0.0470986943432789,0.14,0.123013345003548,44.8,0,0,0,0,45,3
G7_P4_case71.mat,7,0.128776754013423,0.132093209613805,-0.22179211097163,0.224446598636013,0.130063109420255,0.0508364718796032,0.143333333333333,0.128776754013423,44.8,0,0,0,0,45,3
G7_P4_case71.mat,8,0.147565291321428,0.1219997360121,-0.0651377445629262,0.212465598478515,0.118965108666159,0.0678252713004473,0.153333333333333,0.147565291321428,44.8,0,0,0,0,45,3
G7_P4_case71.mat,9,0.15942338607259,0.121133722977275,-0.133996463091457,0.208678902564731,0.118936072559742,0.0763587536107717,0.166666666666667,0.15942338607259,44.8,0,0,0,0,45,3
G7_P4_case71.mat,10,0.16347926856482,0.125502386642691,-0.0230121121601913,0.216334545003822,0.122903187016356,0.0783727658419425,0.171666666666667,0.16347926856482,44.8,0,0,0,0,45,3
G7_P4_case71.mat,11,0.133989159760304,0.11975261348099,-0.0221551760979085,0.209307561499916,0.116094267769108,0.0579841096127701,0.153333333333333,0.133989159760304,44.8,0,0,0,0,45,3
G7_P4_case71.mat,12,0.134913479601241,0.11947503088429,0.00225670999613802,0.20824195480091,0.114292875923076,0.059733755886165,0.155,0.134913479601241,44.8,0,0,0,0,45,3
G7_P4_case71.mat,13,0.125460702710268,0.120667891307105,-0.0240433299871245,0.211387851561108,0.1142769166125,0.0512169923937665,0.14,0.125460702710268,44.8,0,0,0,0,45,3
G7_P4_case71.mat,14,0.128220252439781,0.12019673529011,-0.0539977792518353,0.211458010872556,0.113713664611667,0.0536829740717249,0.145,0.128220252439781,44.8,0,0,0,0,45,3
G7_P4_case71.mat,15,0.137837949190382,0.12976600173283,-0.107952651873164,0.224499124635093,0.125324587488842,0.0584396799719129,0.143333333333333,0.137837949190382,44.8,0,0,0,0,45,3
G7_P4_case71.mat,16,0.133732366055457,0.119614161729396,-0.0384222839478725,0.207256708230399,0.116886859198493,0.0587312448464654,0.15,0.133732366055457,44.8,0,0,0,0,45,3
G7_P4_case71.mat,17,0.134196542224922,0.123838400800275,-0.0428681891485233,0.213727579801841,0.12055409177392,0.0574344299862856,0.153333333333333,0.134196542224922,44.8,0,0,0,0,45,3
G7_P4_case71.mat,18,0.137279458240693,0.128929102638168,-0.138105302265992,0.225550244347294,0.124523482358559,0.0551127054336,0.138333333333333,0.137279458240693,44.8,0,0,0,0,45,3
G7_P4_case75.mat,1,0.210677817136947,0.283394852815339,-0.0944844979006404,0.489142373401401,0.272993068938686,0.0128570500856539,0.00166666666666667,0.210677817136947,34.4,4,4,0,0,35,6
G7_P4_case75.mat,2,0.218615646135979,0.290815705471239,0.0251367303375181,0.504025034784108,0.281732237506656,0.025187830075488,0.00166666666666667,0.218615646135979,33.6,4,4,0,0,35,6
G7_P4_case75.mat,3,0.21488817249757,0.290794962821591,-0.145265115413476,0.505972058887768,0.281900892785404,0.0119003157447757,0,0.21488817249757,34.4,4,4,0,0,35,6
G7_P4_case75.mat,4,0.223657617678384,0.289825938277381,-0.0822538837057744,0.50224601613459,0.281368744303187,0.0324235454034483,0.0166666666666667,0.223657617678384,33.6,4,4,0,0,35,6
G7_P4_case75.mat,5,0.221137673281912,0.30285588101804,0.0124365952448288,0.520687265750938,0.292120765638293,0.00812135789270155,0,0.221137673281912,34.8,4,4,0,0,35,6
G7_P4_case75.mat,6,0.206964396271864,0.296703349963959,-0.0171833170578417,0.51365538602605,0.287866289031871,0.00229022020049949,0,0.206964396271864,34.4,4,4,0,0,35,6
G7_P4_case75.mat,7,0.203776052781316,0.292249134981979,0.0111549282331133,0.505633092195783,0.282634831601471,0.00127220782575227,0,0.203776052781316,34.4,4,4,0,0,35,6
G7_P4_case75.mat,8,0.20427729197602,0.29371086669764,0.0126299768261158,0.50720629662656,0.284353779660521,0.000738588161398579,0,0.20427729197602,32.4,4,4,0,0,35,6
G7_P4_case75.mat,9,0.205018287040888,0.292687004513981,0.0481026427597561,0.506153018118378,0.284003842041149,0.00154310900725664,0,0.205018287040888,31.6,4,4,0,0,35,6
G7_P4_case75.mat,10,0.20138139984262,0.289158024746202,-0.018165464294218,0.501636372048772,0.279585078063194,0.000553817792921003,0,0.20138139984262,34.4,4,4,0,0,35,6
G7_P4_case75.mat,11,0.205804160457649,0.292012200444074,0.00774737878484243,0.505268329628759,0.28166719363863,0.00238263125972042,0,0.205804160457649,32.4,4,4,0,0,35,6
G7_P4_case75.mat,12,0.205385037188788,0.295853493619907,0.0162271407091857,0.511183226341345,0.287148490869417,0.000877463098034557,0,0.205385037188788,32.8,4,4,0,0,35,6
G7_P4_case75.mat,13,0.203648955815287,0.29314937150929,0.013650844207246,0.50764877136227,0.283947953555918,0.00131498115231313,0,0.203648955815287,34.4,4,4,0,0,35,6
G7_P4_case75.mat,14,0.20533206497796,0.291028018147848,0.0151452549310965,0.50483635202537,0.281329078127271,0.00289914777029809,0,0.20533206497796,34.8,4,4,0,0,35,6
G7_P4_case75.mat,15,0.218086552521641,0.290236883160923,-0.00178623027916089,0.505521965812093,0.282767667315188,0.0232102850062682,0.0166666666666667,0.218086552521641,33.6,4,4,0,0,35,6
G7_P4_case75.mat,16,0.224564083696974,0.288253494363594,-0.0672498230685173,0.495257875056875,0.275847946998837,0.0472839806662176,0.0133333333333333,0.224564083696974,33.6,4,4,0,0,35,6
G7_P4_case75.mat,17,0.233392284595016,0.301903557640244,0.061365444855538,0.522325393863166,0.294583589913979,0.0473140522777879,0.00833333333333333,0.233392284595016,33.6,4,4,0,0,35,6
G7_P4_case75.mat,18,0.226955068843867,0.291867782379844,0.0430310061756547,0.503563258250787,0.281615172848473,0.0418627800970893,0.015,0.226955068843867,33.6,4,4,0,0,35,6
G7_P4_case75.mat,19,0.230853285771125,0.29333265635602,0.0744467095670223,0.509482666076358,0.285039350097589,0.0449728543079014,0.0108333333333333,0.230853285771125,33.6,4,4,0,0,35,6
G7_P4_case76.mat,1,0.116052391799492,0.0201768512381832,0.0999522603162437,0.0385224172556975,0.0157735196162176,0.029612955662915,0.104166666666667,0.116052391799492,33.6,0,0,1,4,35,6
G7_P4_case76.mat,2,0.070180842942028,0.023053138441882,0.140421822123573,0.0407926616616251,0.02135531465551,0.0125869520168355,0.0741666666666667,0.070180842942028,34.4,0,0,1,4,35,6
G7_P4_case76.mat,3,0.0677159810890306,0.0205988152940758,-0.06596848301686,0.0350561807937324,0.0201209179972051,0.0120886145575728,0.0741666666666667,0.0677159810890306,34.4,0,0,1,4,35,6
G7_P4_case76.mat,4,0.08649541578037,0.0174131596955919,0.196747535191185,0.0355542199067452,0.016323095596911,0.0278254785065465,0.100833333333333,0.08649541578037,33.6,0,0,1,4,35,6
G7_P4_case76.mat,5,0.0447291174135762,0.0197915152252032,-0.0496730835430605,0.0342474169265197,0.0184677629343746,0.00766241651395303,0.08,0.0447291174135762,33.2,0,0,1,4,35,6
G7_P4_case76.mat,6,0.0375310127649012,0.0202477759850641,0.116192257724779,0.0339536870618888,0.0202158198135725,0.00175248687712836,0.0658333333333333,0.0375310127649012,34.4,0,0,1,4,35,6
G7_P4_case76.mat,7,0.0359688892456862,0.0184961024241512,-0.185262018574541,0.0328780512941791,0.0177445683358025,0.00126821139270715,0.0683333333333333,0.0359688892456862,34.4,0,0,1,4,35,6
G7_P4_case76.mat,8,0.0454727664034432,0.0210252739975658,-0.146822133251865,0.0373390550254244,0.0200568897196415,0.000968197249363765,0.0658333333333333,0.0454727664034432,32.4,0,0,1,4,35,6
G7_P4_case76.mat,9,0.0437624721150185,0.0231384157497843,0.251682293448034,0.0393641199820868,0.0227241114669836,0.00119991374285599,0.0716666666666667,0.0437624721150185,32.4,0,0,1,4,35,6
G7_P4_case76.mat,10,0.0260952429857418,0.0231833190255189,0.0188658494309029,0.0397863831313534,0.0228964728957542,0.000405607791207836,0.0583333333333333,0.0260952429857418,34.4,0,0,1,4,35,6
G7_P4_case76.mat,11,0.056597752249603,0.0230815375231467,0.306349609226232,0.0396908748076778,0.0228558677602776,0.00132876048434126,0.0641666666666667,0.056597752249603,32,0,0,1,4,35,6
G7_P4_case76.mat,12,0.0363720179886887,0.0220603939010923,-0.322651173606678,0.0373546317148634,0.0219236802403931,0.000631754406302341,0.0658333333333333,0.0363720179886887,34.4,0,0,1,4,35,6
G7_P4_case76.mat,13,0.0224898007641555,0.0202532415792986,0.0842711436874385,0.0354194844763226,0.0197490008032314,0.00115092645201502,0.0508333333333333,0.0224898007641555,34.4,0,0,1,4,35,6
G7_P4_case76.mat,14,0.0262439889030312,0.0225503640328931,0.244694043515815,0.0387988137278002,0.0218335062031927,0.00141695038392855,0.06,0.0262439889030312,34.8,0,0,1,4,35,6
G7_P4_case76.mat,15,0.0752836933826189,0.0196093776705559,0.208959632915913,0.0327138675913378,0.0199103994502302,0.0172263393464719,0.0791666666666667,0.0752836933826189,33.6,0,0,1,4,35,6
G7_P4_case76.mat,16,0.10272693320869,0.0184868075379767,0.0594662139292666,0.0323134230471036,0.014830507839381,0.0474230712642901,0.110833333333333,0.10272693320869,33.6,0,0,1,4,35,6
G7_P4_case76.mat,17,0.0911395211304659,0.023224308064054,0.0761331171345753,0.0468492855072745,0.0227327748714983,0.0421370170881324,0.115833333333333,0.0911395211304659,33.6,0,0,1,4,35,6
G7_P4_case76.mat,18,0.0945032332116169,0.0177112437755826,-0.139796886681771,0.0386532037146616,0.0134289290753561,0.0400791203383555,0.113333333333333,0.0945032332116169,33.6,0,0,1,4,35,6
G7_P4_case76.mat,19,0.0966484301923684,0.0149784268754875,0.0899999994210082,0.0266730145205587,0.0109118988231427,0.0435078712068991,0.121666666666667,0.0966484301923684,33.6,0,0,1,4,35,6
G8_P1_case81.mat,1,0.360241717251209,0.420418848523524,0.160370025094002,0.745407378329894,0.392427422013978,0.0818765664798888,0.015,0.360241717251209,50,0,0,0,0,50,5
G8_P1_case81.mat,2,0.350337181402702,0.450386058540502,0.00834632193152619,0.780805222689028,0.435452685423792,0.0706661186043087,0,0.350337181402702,50,0,0,0,0,50,5
G8_P1_case81.mat,3,0.347824672691455,0.450786710468158,0.0129376600794306,0.78074868580849,0.436342435869737,0.0681995934115779,0,0.347824672691455,50,0,0,0,0,50,5
G8_P1_case81.mat,4,0.34819143182561,0.451716876220108,-0.0032615419915194,0.781611266332131,0.437353404469673,0.0670593900018622,0.00333333333333333,0.34819143182561,50,0,0,0,0,50,5
G8_P1_case81.mat,5,0.349900412138685,0.451552544696469,-0.0115408981884917,0.782316543769081,0.436928585794106,0.0693272539907039,0.00333333333333333,0.349900412138685,50,0,0,0,0,50,5
G8_P1_case81.mat,6,0.355477750945681,0.451110703069629,-0.0088191429471437,0.781726164315259,0.436547386372628,0.0750197351626185,0.00333333333333333,0.355477750945681,50,0,0,0,0,50,5
G8_P1_case81.mat,7,0.342935754621439,0.451881514389707,0.00631464489901369,0.783273727028965,0.437129185918038,0.0611700948856461,0,0.342935754621439,50,0,0,0,0,50,5
G8_P1_case81.mat,8,0.339110768355962,0.450644133193518,0.00903240456464005,0.781375981610332,0.435682790504522,0.0577553820749901,0,0.339110768355962,50,0,0,0,0,50,5
G8_P1_case81.mat,9,0.330735630065869,0.4501110611739,0.0279034789559101,0.781012640595275,0.434661776794289,0.0468919631585775,0,0.330735630065869,50,0,0,0,0,50,5
G8_P1_case81.mat,10,0.340370436985752,0.450930486521577,0.00396897587408778,0.781727378352548,0.436186841625129,0.0561299478229481,0,0.340370436985752,50,0,0,0,0,50,5
G8_P1_case81.mat,11,0.356902609407331,0.45138581651252,-0.00451765317003557,0.783005697949746,0.436473788761377,0.0747466215151062,0.00166666666666667,0.356902609407331,50,0,0,0,0,50,5
G8_P1_case81.mat,12,0.357412543046141,0.449526396947054,-0.00864082957151532,0.779696478382856,0.434389586682075,0.0765495236648786,0,0.357412543046141,50,0,0,0,0,50,5
G8_P1_case81.mat,13,0.370892853967717,0.451830582001494,0.00410398728666522,0.782919799308071,0.437218579001334,0.0868491322281371,0.0216666666666667,0.370892853967717,50,0,0,0,0,50,5
G8_P1_case81.mat,14,0.371795301205736,0.450340414222965,-0.00174911246913039,0.781310727430169,0.435385498465164,0.0895309861008797,0.0416666666666667,0.371795301205736,50,0,0,0,0,50,5
G8_P1_case81.mat,15,0.357799727312036,0.450927695062786,-0.0138856183756352,0.782268047614808,0.436099623282881,0.0767594422249196,0.015,0.357799727312036,50,0,0,0,0,50,5
G8_P1_case81.mat,16,0.345517059402325,0.450402283696666,-0.00565230147293558,0.781186273270754,0.435495327806189,0.0657839420431652,0,0.345517059402325,50,0,0,0,0,50,5
G8_P1_case81.mat,17,0.341369750907528,0.450787877305901,0.00263947109009176,0.781975615003685,0.43560183893182,0.060538389800189,0,0.341369750907528,50,0,0,0,0,50,5
G8_P1_case81.mat,18,0.339396347984171,0.450449498429831,0.0161289425155856,0.781443201832542,0.435556129851448,0.0573485687899606,0,0.339396347984171,50,0,0,0,0,50,5
G8_P1_case85.mat,1,0.301186607372514,0.192604539631835,-0.109154299364124,0.339342714210334,0.180116886893564,0.180205662543143,0.166666666666667,0.301186607372514,40,4,5,0,0,40,6
G8_P1_case85.mat,2,0.313257064195008,0.206090120615812,0.164019570230165,0.3560025503341,0.200298226277382,0.191022104740918,0.166666666666667,0.313257064195008,40,4,5,0,0,40,6
G8_P1_case85.mat,3,0.304570975923083,0.206543844708419,-0.119384020764476,0.356673337402746,0.200566161347605,0.181609586135405,0.166666666666667,0.304570975923083,40,4,5,0,0,40,6
G8_P1_case85.mat,4,0.303174882295748,0.20497587402245,0.0915836206762058,0.353730314393206,0.19867810618895,0.181028834691432,0.166666666666667,0.303174882295748,40,4,5,0,0,40,6
G8_P1_case85.mat,5,0.319107110916932,0.208498225687419,0.194227046001125,0.367539316032832,0.200632153591537,0.184784672089147,0.166666666666667,0.319107110916932,40,4,5,0,0,40,6
G8_P1_case85.mat,6,0.320207396466104,0.218255692850892,0.0666956278959496,0.376541488907469,0.211636825690097,0.191360912018313,0.166666666666667,0.320207396466104,40,4,5,0,0,40,6
G8_P1_case85.mat,7,0.225922365097931,0.206346599539452,-0.153513300975188,0.356975586682535,0.200458448477158,0.104285077502471,0.131666666666667,0.225922365097931,40,4,5,0,0,40,6
G8_P1_case85.mat,8,0.196775308870032,0.205224418355771,-0.305389410772084,0.355692858085524,0.198307345650752,0.0924558169187231,0.163333333333333,0.196775308870032,40,4,5,0,0,40,6
G8_P1_case85.mat,9,0.227505637071352,0.204651160247178,-0.306748102989275,0.354172904160928,0.197652455623404,0.114806222904152,0.166666666666667,0.227505637071352,40,4,5,0,0,40,6
G8_P1_case85.mat,10,0.205539386231993,0.205559810771085,-0.195266066265872,0.356576817255703,0.198759779808472,0.0797698362631041,0.123333333333333,0.205539386231993,40,4,5,0,0,40,6
G8_P1_case85.mat,11,0.214889631966335,0.204155049035056,-0.164651250665312,0.3543921658773,0.197163604505435,0.108605753618346,0.166666666666667,0.214889631966335,40,4,5,0,0,40,6
G8_P1_case85.mat,12,0.194048021755231,0.204576214666468,-0.284982182895296,0.354782339007885,0.197554059272043,0.0899623266964495,0.155,0.194048021755231,40,4,5,0,0,40,6
G8_P1_case85.mat,13,0.208825579404312,0.20314018410469,-0.00349954386181669,0.352148954160063,0.196788282016698,0.0948749460943294,0.118333333333333,0.208825579404312,40,4,5,0,0,40,6
G8_P1_case85.mat,14,0.327253648907605,0.206708484115054,-0.125552699575518,0.358777198311625,0.199223990118249,0.196082966577427,0.166666666666667,0.327253648907605,40,4,5,0,0,40,6
G8_P1_case85.mat,15,0.333759961469998,0.208791278872898,-0.204863429396609,0.358743843717627,0.203327180134854,0.196859017108457,0.166666666666667,0.333759961469998,40,4,5,0,0,40,6
G8_P1_case85.mat,16,0.299676479328512,0.206030544276253,-0.0792431913090134,0.356071421987804,0.199888832564192,0.180617682158779,0.166666666666667,0.299676479328512,40,4,5,0,0,40,6
G8_P1_case85.mat,17,0.296409166810417,0.205586840884634,0.0807667273362979,0.354542376699149,0.199287654374254,0.178621481202903,0.166666666666667,0.296409166810417,40,4,5,0,0,40,6
G8_P1_case85.mat,18,0.292943144848896,0.206324754890206,0.184083882341848,0.355387707750504,0.200603427773038,0.175001440361691,0.166666666666667,0.292943144848896,40,4,5,0,0,40,6
G8_P1_case86.mat,1,0.368004669912409,0.289438285679172,0.0405295064488906,0.507379780908769,0.276640299224328,0.166076718552812,0.085,0.368004669912409,40,0,0,1,5,40,6
G8_P1_case86.mat,2,0.373474717158898,0.295043124348325,0.00506752015808478,0.512238912945431,0.284339242591979,0.176158000113896,0.1025,0.373474717158898,40,0,0,1,5,40,6
G8_P1_case86.mat,3,0.323600650832498,0.296037653267361,0.168649875481033,0.513490816457841,0.28648867044738,0.171736189447367,0.165833333333333,0.323600650832498,40,0,0,1,5,40,6
G8_P1_case86.mat,4,0.325527571838421,0.300483752519635,0.309393446878323,0.51884763814636,0.291707887331561,0.170453106187044,0.160833333333333,0.325527571838421,40,0,0,1,5,40,6
G8_P1_case86.mat,5,0.345168887103572,0.296320909059996,0.0347888334437217,0.512894472863053,0.286472931476509,0.168678149499214,0.153333333333333,0.345168887103572,40,0,0,1,5,40,6
G8_P1_case86.mat,6,0.308252648210276,0.298047329972673,0.18420964260317,0.512116350520581,0.289662081640058,0.156354039961155,0.156666666666667,0.308252648210276,40,0,0,1,5,40,6
G8_P1_case86.mat,7,0.288331443447356,0.297216995021575,0.213691181295796,0.51380362053073,0.288160656557274,0.124322166101939,0.131666666666667,0.288331443447356,40,0,0,1,5,40,6
G8_P1_case86.mat,8,0.270960119842904,0.299758668430797,0.0231027340204707,0.518010493994541,0.290508604911954,0.111157621205959,0.148333333333333,0.270960119842904,40,0,0,1,5,40,6
G8_P1_case86.mat,9,0.242218250357991,0.299406167917772,0.330243849663921,0.517904486007995,0.289879680605968,0.0838718695816877,0.04,0.242218250357991,40,0,0,1,5,40,6
G8_P1_case86.mat,10,0.221404441456264,0.298988559414472,-0.0101208738545178,0.51683507801262,0.289732574019577,0.0458473973745036,0,0.221404441456264,40,0,0,1,5,40,6
G8_P1_case86.mat,11,0.263489474081545,0.29976469815959,0.00255619771063927,0.517490758373319,0.290645023372918,0.108267150670245,0.111666666666667,0.263489474081545,40,0,0,1,5,40,6
G8_P1_case86.mat,12,0.249957252905761,0.300348297831699,0.183211172562199,0.51964577588414,0.291048833844388,0.0876187903886579,0.0516666666666667,0.249957252905761,40,0,0,1,5,40,6
G8_P1_case86.mat,13,0.263329193564099,0.298621034760545,0.00229496520877722,0.515829808471707,0.2888894830135,0.103949106544292,0.095,0.263329193564099,40,0,0,1,5,40,6
G8_P1_case86.mat,14,0.297830862023337,0.306739103317596,-0.00500827804386551,0.52911395616867,0.296118987210358,0.1434611517716,0.15,0.297830862023337,40,0,0,1,5,40,6
G8_P1_case86.mat,15,0.368178584941357,0.306738969135289,0.152616256553559,0.529983294322265,0.29717711648877,0.163835251745849,0.123333333333333,0.368178584941357,40,0,0,1,5,40,6
G8_P1_case86.mat,16,0.440582878920509,0.304907957208567,0.000766877484436175,0.528102094869314,0.294964204386948,0.182213799896605,0.0833333333333333,0.440582878920509,40,0,0,1,5,40,6
G8_P1_case86.mat,17,0.438166719662002,0.301527617862107,0.00452468553597836,0.521893603320444,0.292677154495584,0.184988054871465,0.0833333333333333,0.438166719662002,40,0,0,1,5,40,6
G8_P1_case86.mat,18,0.436806896478264,0.300856118984568,-0.0170779534403582,0.521369130387441,0.290578516948684,0.184750419148786,0.0833333333333333,0.436806896478264,40,0,0,1,5,40,6
G8_P2_case81.mat,1,0.0616232918506115,0.071421458766419,0.349129228191714,0.123559064742948,0.0716859956740509,0.0133051666387808,0.0858333333333333,0.0616232918506115,50,0,0,0,0,50,5
G8_P2_case81.mat,2,0.0988879946578889,0.121719234605252,0.00567188908990773,0.231641779401283,0.107885589406965,0.0121067724893059,0.00916666666666667,0.0988879946578889,50,0,0,0,0,50,5
G8_P2_case81.mat,3,0.16184780151996,0.219771047687671,-0.0112222927014396,0.396170348858822,0.205044303568087,0.0125229146017636,0,0.16184780151996,50,0,0,0,0,50,5
G8_P2_case81.mat,4,0.206312646598151,0.289706772156266,0.0122851335407595,0.51125376847389,0.275109307518251,0.010277742950068,0,0.206312646598151,50,0,0,0,0,50,5
G8_P2_case81.mat,5,0.18766706282676,0.280731882234128,0.00585682662602033,0.465876445480717,0.280187924473671,0.00151333501087613,0,0.18766706282676,49.6,0,0,0,0,50,5
G8_P2_case81.mat,6,0.119713864406378,0.182364922625091,0.00663707823322179,0.292102723485906,0.18649801192378,0.00553023898256493,0,0.119713864406378,50,0,0,0,0,50,5
G8_P2_case81.mat,7,0.0618638431313594,0.091379605312902,-0.0167719937200538,0.147983212455557,0.093239806140707,0.00561463788265402,0,0.0618638431313594,50,0,0,0,0,50,5
G8_P2_case81.mat,8,0.0440799113918489,0.0563963520785726,0.0366582827511867,0.0959359545461213,0.0561546640321064,0.0086229797377912,0.045,0.0440799113918489,50,0,0,0,0,50,5
G8_P2_case81.mat,9,0.0527687397695774,0.0633361490428501,0.00206042760898782,0.118856088996025,0.0579995334060799,0.00870212158466706,0.015,0.0527687397695774,50,0,0,0,0,50,5
G8_P2_case81.mat,10,0.0951700550604951,0.128276766685045,-0.0467780151229334,0.227443996187093,0.121203197139186,0.0110180095673168,0.00166666666666667,0.0951700550604951,50,0,0,0,0,50,5
G8_P2_case81.mat,11,0.121902848621178,0.164098875678299,0.00489875942884885,0.297765349826767,0.152432959071703,0.00915603676288982,0,0.121902848621178,50,0,0,0,0,50,5
G8_P2_case81.mat,12,0.161330001670118,0.221198662098121,-0.0147975518935544,0.399416289048343,0.207141136105819,0.00552743632103187,0,0.161330001670118,50,0,0,0,0,50,5
G8_P2_case81.mat,13,0.207191521747367,0.289075388397062,0.0149525464317728,0.515218466902447,0.273794583058478,0.00327321665809738,0,0.207191521747367,49.6,0,0,0,0,50,5
G8_P2_case81.mat,14,0.236192548491359,0.340767543693023,-0.00645226056864886,0.587634870443487,0.329659807399098,0.00903597812583955,0,0.236192548491359,50,0,0,0,0,50,5
G8_P2_case81.mat,15,0.199767966464273,0.298239165518761,-0.00936223945964446,0.496211591416363,0.296719928971425,0.00234194509234441,0,0.199767966464273,50,0,0,0,0,50,5
G8_P2_case81.mat,16,0.119143771315902,0.184687004799323,0.000467789045010895,0.288230498034436,0.19184284725309,0.00208828589357569,0,0.119143771315902,50,0,0,0,0,50,5
G8_P2_case81.mat,17,0.0469139275170873,0.0689402320637884,-0.00375037007050624,0.105189158051312,0.0736049962246971,0.00584485939798831,0.0283333333333333,0.0469139275170873,50,0,0,0,0,50,5
G8_P2_case81.mat,18,0.049213448357154,0.0552118056117261,0.30498049798999,0.107834467841296,0.048282910098763,0.00824503494409154,0.0283333333333333,0.049213448357154,50,0,0,0,0,50,5
G8_P2_case85.mat,1,0.369453487805945,0.523820067573277,0.00642272053919978,0.906567666708753,0.506573617828517,0.0252386624086055,0,0.369453487805945,40,4,5,0,0,40,6
G8_P2_case85.mat,2,0.362858231898582,0.517601483946983,-0.052941266460035,0.891084774800955,0.502514950431757,0.0264525689252415,0,0.362858231898582,39.6,4,5,0,0,40,6
G8_P2_case85.mat,3,0.362721696176727,0.515932960817551,-0.0123185031830362,0.888298376683032,0.499709866017533,0.0242454847615021,0,0.362721696176727,40,4,5,0,0,40,6
G8_P2_case85.mat,4,0.365564948301946,0.518937608026185,-0.00348129930891697,0.894270036853119,0.504349322473311,0.0296604968370661,0,0.365564948301946,39.6,4,5,0,0,40,6
G8_P2_case85.mat,5,0.366105895487482,0.518654659742937,0.00169235918247919,0.900529697602524,0.501408492336106,0.0313249045520109,0,0.366105895487482,40,4,5,0,0,40,6
G8_P2_case85.mat,6,0.365698583864006,0.514159595494037,0.0147999219894316,0.888832059564741,0.497205345466126,0.0360942527592083,0,0.365698583864006,40,4,5,0,0,40,6
G8_P2_case85.mat,7,0.364274723417091,0.519685166838528,0.0541609208306401,0.895112570147025,0.505488054856831,0.0316253183135775,0,0.364274723417091,40,4,5,0,0,40,6
G8_P2_case85.mat,8,0.366825000446261,0.515679330768941,-0.00861476412930592,0.89529871095744,0.498049886797364,0.0310487795526224,0,0.366825000446261,40,4,5,0,0,40,6
G8_P2_case85.mat,9,0.366939003249171,0.514303020243842,-0.00838715940715459,0.889923354877412,0.497837853953315,0.04359814667302,0,0.366939003249171,39.6,4,5,0,0,40,6
G8_P2_case85.mat,10,0.364960806309765,0.512739050393303,0.0037883951663258,0.88911181929204,0.493962720385264,0.0269587236703451,0,0.364960806309765,39.6,4,5,0,0,40,6
G8_P2_case85.mat,11,0.367869583623058,0.515449533465379,-0.041856960376521,0.896313130324871,0.498629448374218,0.034136635825314,0,0.367869583623058,40,4,5,0,0,40,6
G8_P2_case85.mat,12,0.361253778267409,0.511856615357487,0.0346625762076968,0.886087871062819,0.495307650325773,0.0278700786086076,0,0.361253778267409,39.6,4,5,0,0,40,6
G8_P2_case85.mat,13,0.362863787790864,0.519103681818311,-0.0192472910759453,0.895448164798022,0.504977342862518,0.0269756778645262,0,0.362863787790864,39.6,4,5,0,0,40,6
G8_P2_case85.mat,14,0.36296779858918,0.5201694871402,0.0374115384365839,0.898742833760723,0.503418549025137,0.0204611835731848,0,0.36296779858918,40,4,5,0,0,40,6
G8_P2_case85.mat,15,0.3572666847176,0.512744439035698,-0.0174228236324232,0.884381835140822,0.49654091465625,0.020391644358201,0,0.3572666847176,39.6,4,5,0,0,40,6
G8_P2_case85.mat,16,0.359624522065811,0.515197559889343,0.036518697738069,0.89318492094886,0.497969278829997,0.0130771029374729,0,0.359624522065811,40,4,5,0,0,40,6
G8_P2_case85.mat,17,0.363028114373575,0.519728424988921,0.010592047511574,0.90079487819963,0.50227738218334,0.0145125389215221,0,0.363028114373575,40,4,5,0,0,40,6
G8_P2_case85.mat,18,0.356153002091438,0.509760963068379,0.0228173776961827,0.881852935105241,0.492021694788254,0.0142794204205538,0,0.356153002091438,39.6,4,5,0,0,40,6
G8_P2_case85.mat,19,0.358448614140378,0.513772970590257,-0.0326347013747631,0.891188734211624,0.49673234770499,0.0095035295507156,0,0.358448614140378,40,4,5,0,0,40,6
G8_P2_case86.mat,1,0.273225096039813,0.27021976495318,-0.312576937866916,0.479261115138194,0.26161364025264,0.02449901007708,0.0666666666666667,0.273225096039813,40,0,0,1,5,40,6
G8_P2_case86.mat,2,0.252979369849328,0.257782516225882,0.182133374865565,0.454112340258595,0.243923794635339,0.0336383843826992,0.06,0.252979369849328,40,0,0,1,5,40,6
G8_P2_case86.mat,3,0.202038417200052,0.258135282686386,-0.0707237325395277,0.445327578734597,0.249637252953019,0.0397514116893517,0.0391666666666667,0.202038417200052,40,0,0,1,5,40,6
G8_P2_case86.mat,4,0.206392288870968,0.260763608123801,-0.0371152020202401,0.451698798521875,0.253415992089993,0.0347001019743606,0.0333333333333333,0.206392288870968,39.6,0,0,1,5,40,6
G8_P2_case86.mat,5,0.210035408639079,0.268098908368214,0.114979934454635,0.461445701583937,0.261090431768922,0.04695968737895,0.025,0.210035408639079,40,0,0,1,5,40,6
G8_P2_case86.mat,6,0.207184988642534,0.261991687745312,-0.0508776914737487,0.452554421090748,0.253234929012681,0.0408001250529642,0.0433333333333333,0.207184988642534,40,0,0,1,5,40,6
G8_P2_case86.mat,7,0.210409745145512,0.260861408095827,0.0512176877908481,0.453692192304276,0.252376815931921,0.059451200788554,0.0658333333333333,0.210409745145512,40,0,0,1,5,40,6
G8_P2_case86.mat,8,0.205920899236552,0.26188204616811,-0.0475767061176958,0.452336416948238,0.253773631813477,0.0518549468634481,0.0416666666666667,0.205920899236552,39.6,0,0,1,5,40,6
G8_P2_case86.mat,9,0.194929618159211,0.260806153394142,-0.00541792691300551,0.451497867194049,0.252782580995133,0.0366960698302675,0.01,0.194929618159211,40,0,0,1,5,40,6
G8_P2_case86.mat,10,0.191997657109261,0.261131545706413,-0.0306042267895675,0.451494262271664,0.252921215828833,0.0265788759943539,0.00333333333333333,0.191997657109261,39.6,0,0,1,5,40,6
G8_P2_case86.mat,11,0.205293343351362,0.261689387258496,-0.0365153650653014,0.452668339811246,0.253776542949596,0.043390094386198,0.0466666666666667,0.205293343351362,40,0,0,1,5,40,6
G8_P2_case86.mat,12,0.197531998072587,0.26058419380698,-0.042631090134132,0.450514223634959,0.252923071486589,0.0345374925856624,0.0133333333333333,0.197531998072587,40,0,0,1,5,40,6
G8_P2_case86.mat,13,0.193865818225418,0.262228022524289,0.00599186030559448,0.453928496934234,0.253917201692053,0.0383456909562776,0,0.193865818225418,39.6,0,0,1,5,40,6
G8_P2_case86.mat,14,0.187615139186145,0.25553017383122,-0.0315254584343715,0.444622126380235,0.245804062708655,0.0283966493190401,0.00333333333333333,0.187615139186145,40,0,0,1,5,40,6
G8_P2_case86.mat,15,0.254374680415297,0.262682010810857,0.0297952202391524,0.451398228168105,0.253307419703219,0.0362853757833532,0.075,0.254374680415297,39.6,0,0,1,5,40,6
G8_P2_case86.mat,16,0.307461975923514,0.259148955638698,-0.198829812321378,0.443298677619617,0.25008923844108,0.0212425715105972,0.0833333333333333,0.307461975923514,39.6,0,0,1,5,40,6
G8_P2_case86.mat,17,0.308735870514216,0.266821762991146,0.27372923876405,0.465414212987222,0.262243664737751,0.0226898911464415,0.0825,0.308735870514216,39.6,0,0,1,5,40,6
G8_P2_case86.mat,18,0.304748416390291,0.257314405697748,0.274736853466111,0.45289865875151,0.247562765361362,0.025616109037816,0.0825,0.304748416390291,40,0,0,1,5,40,6
G8_P3_case81.mat,1,0.276389275443742,0.0589541057891141,0.0179975825585244,0.0912927371801124,0.0653970592234017,0.0425320290341522,0.17,0.276389275443742,50,0,0,0,0,50,5
G8_P3_case81.mat,2,0.26014069092853,0.0316244359800875,0.0257581272176847,0.0578235199976447,0.0308935372326266,0.0403145060423432,0.1975,0.26014069092853,28.4,0,0,0,0,50,5
G8_P3_case81.mat,3,0.258333041069047,0.0340255412970015,-0.0598964861423984,0.0611848503868192,0.0322729072778775,0.0416730378919369,0.19,0.258333041069047,28.4,0,0,0,0,50,5
G8_P3_case81.mat,4,0.264851081917608,0.033111518693558,0.0210403297399665,0.0592491894426566,0.032417987925764,0.0405891255063148,0.184166666666667,0.264851081917608,28.4,0,0,0,0,50,5
G8_P3_case81.mat,5,0.253325527610361,0.0370525283490236,0.206359723853088,0.0635461464338936,0.037433507408302,0.0411862375718165,0.188333333333333,0.253325527610361,28.4,0,0,0,0,50,5
G8_P3_case81.mat,6,0.233908258261048,0.0334517021617976,-0.0522928919552567,0.0596902821136964,0.0321760938417902,0.0339469573473039,0.186666666666667,0.233908258261048,28.4,0,0,0,0,50,5
G8_P3_case81.mat,7,0.228894618201206,0.031513249963668,0.0853217678478664,0.0557581866664488,0.0298512363740908,0.0327232026563247,0.1875,0.228894618201206,28.4,0,0,0,0,50,5
G8_P3_case81.mat,8,0.246635344766133,0.0376971960001335,0.0102696481535672,0.0635253393679081,0.0388263741540978,0.0389949989888174,0.181666666666667,0.246635344766133,28.4,0,0,0,0,50,5
G8_P3_case81.mat,9,0.250001159994197,0.0329169771202926,-0.159016397025341,0.0608498627400293,0.0293786242659478,0.0345546031042879,0.168333333333333,0.250001159994197,28.4,0,0,0,0,50,5
G8_P3_case81.mat,10,0.228987084632065,0.0319810397132384,0.0981439204889818,0.0656209064651592,0.0275919232326755,0.0346114049180843,0.170833333333333,0.228987084632065,50,0,0,0,0,50,5
G8_P3_case81.mat,11,0.180645792478257,0.0299614960598365,0.00991148469427964,0.0558589926623106,0.0273933251382368,0.0291492969330011,0.185,0.180645792478257,50,0,0,0,0,50,5
G8_P3_case81.mat,12,0.200245617442415,0.0319037166457672,0.109807204891584,0.0584063345746599,0.0326794469030611,0.0278722576099695,0.150833333333333,0.200245617442415,50,0,0,0,0,50,5
G8_P3_case81.mat,13,0.231945644484999,0.0328550571663202,0.0287604778588147,0.0587092427351604,0.0324976465870938,0.0328700163454352,0.144166666666667,0.231945644484999,50,0,0,0,0,50,5
G8_P3_case81.mat,14,0.253893007701127,0.0346248917038074,0.0494347457117091,0.0600661122140603,0.0334429580293315,0.0369712551005362,0.183333333333333,0.253893007701127,28.4,0,0,0,0,50,5
G8_P3_case81.mat,15,0.264068945962981,0.0337383375678127,0.248019380357304,0.059646825286955,0.0337019599348754,0.0386395793496297,0.209166666666667,0.264068945962981,28.4,0,0,0,0,50,5
G8_P3_case81.mat,16,0.277810424690223,0.0265762773116359,-0.144554595306742,0.0402485596934134,0.0289109839264122,0.0422351356925103,0.198333333333333,0.277810424690223,28.4,0,0,0,0,50,5
G8_P3_case81.mat,17,0.287166296031733,0.00986442614689547,0.0927602917268373,0.0213033092034958,0.00804349635783615,0.0439606533609412,0.189166666666667,0.287166296031733,28.4,0,0,0,0,50,5
G8_P3_case81.mat,18,0.284880795048141,0.00690803086912711,0.209655292440466,0.0202530036951832,0.00559884133814448,0.0416411258805797,0.18,0.284880795048141,28.4,0,0,0,0,50,5
G8_P3_case85.mat,1,0.147787878980065,0.0565483659606342,0.0926900184456519,0.0974594326755793,0.059087566135229,0.0702229470142684,0.16,0.147787878980065,40,4,5,0,0,40,6
G8_P3_case85.mat,2,0.165350195744083,0.0604264455730939,-0.117109021113387,0.0982844278478899,0.060907426639399,0.0804553907226429,0.153333333333333,0.165350195744083,40,4,5,0,0,40,6
G8_P3_case85.mat,3,0.212149713910204,0.0514439961964452,-0.231216915276389,0.0890603106154634,0.0527097063030393,0.0685653987186476,0.129166666666667,0.212149713910204,40,4,5,0,0,40,6
G8_P3_case85.mat,4,0.234081462210492,0.0379111984200528,-0.0160287548965829,0.0657297866407131,0.0396859509504527,0.0750881650358965,0.126666666666667,0.234081462210492,40,4,5,0,0,40,6
G8_P3_case85.mat,5,0.122508087818365,0.0558923666118821,-0.13311777006102,0.0956636411766791,0.0538654113835422,0.0604983619901174,0.143333333333333,0.122508087818365,40,4,5,0,0,40,6
G8_P3_case85.mat,6,0.0772726047981287,0.0686840388805029,-0.291687546801041,0.123204614554552,0.067074725269998,0.00773831369182536,0.0491666666666667,0.0772726047981287,39.6,4,5,0,0,40,6
G8_P3_case85.mat,7,0.15435841282915,0.0904733811718638,0.193961500444539,0.147587589720892,0.0922708369348874,0.00499532967782988,0.0558333333333333,0.15435841282915,40,4,5,0,0,40,6
G8_P3_case85.mat,8,0.0833261407111414,0.0952791593053976,-0.089121003818732,0.151717969004577,0.0992991325847424,0.0165102446222917,0.065,0.0833261407111414,40,4,5,0,0,40,6
G8_P3_case85.mat,9,0.0927932770521924,0.0659375892824867,-0.110746506402966,0.123554632898935,0.0603842449884709,0.026931771214273,0.111666666666667,0.0927932770521924,40,4,5,0,0,40,6
G8_P3_case85.mat,10,0.177182873279404,0.0747603193868717,0.0287084275150834,0.121958308218457,0.0759355250411501,0.0177864310912408,0.0833333333333333,0.177182873279404,40,4,5,0,0,40,6
G8_P3_case85.mat,11,0.086619382073681,0.070880057879536,0.18674544435523,0.117246454452009,0.0704651531375705,0.0273797700659283,0.103333333333333,0.086619382073681,40,4,5,0,0,40,6
G8_P3_case85.mat,12,0.0745739851770717,0.0780068989689672,0.0767061649021364,0.12392901445717,0.0775512837299981,0.0134703305244751,0.05,0.0745739851770717,40,4,5,0,0,40,6
G8_P3_case85.mat,13,0.0773984067706703,0.0664999150763019,0.0961267534212039,0.109400515318325,0.0662325467175657,0.0163124730440304,0.0766666666666667,0.0773984067706703,40,4,5,0,0,40,6
G8_P3_case85.mat,14,0.0918996336537313,0.0934088637173178,0.111161803074003,0.153374750934335,0.0896017862613226,0.0141501357869066,0.06,0.0918996336537313,39.6,4,5,0,0,40,6
G8_P3_case85.mat,15,0.130117869350366,0.0580091725118053,-0.193703966370197,0.0990113604612579,0.0590188160511166,0.0608834883890372,0.16,0.130117869350366,40,4,5,0,0,40,6
G8_P3_case85.mat,16,0.118237338473316,0.054485066797814,-0.201312508964898,0.0946610342244983,0.052152574463213,0.0618069844476505,0.156666666666667,0.118237338473316,40,4,5,0,0,40,6
G8_P3_case85.mat,17,0.124455381628331,0.0763145286767231,-0.0612221684283491,0.132781027990269,0.0746574129904328,0.0611177974072478,0.158333333333333,0.124455381628331,40,4,5,0,0,40,6
G8_P3_case85.mat,18,0.191940527369545,0.0904236031825675,0.195645513095226,0.149881008407652,0.0873083248470377,0.0640000902632973,0.119166666666667,0.191940527369545,40,4,5,0,0,40,6
G8_P3_case85.mat,19,0.135735145966844,0.0710617709516119,0.0607765872832224,0.131479099348432,0.0658693941002403,0.064664112793106,0.151666666666667,0.135735145966844,40,4,5,0,0,40,6
G8_P3_case86.mat,1,0.217768235507168,0.176411032805626,-0.152690722706787,0.304252276266202,0.17129070288014,0.0137468483740786,0.0833333333333333,0.217768235507168,40,0,0,1,5,40,6
G8_P3_case86.mat,2,0.215232655099304,0.178013471526748,0.147464281275037,0.30809680295113,0.173469679249647,0.0136740333537049,0.07,0.215232655099304,40,0,0,1,5,40,6
G8_P3_case86.mat,3,0.126291592862497,0.179741190729264,-0.0235671428050052,0.311885368269083,0.173756204630272,0.0101691001533352,0,0.126291592862497,40,0,0,1,5,40,6
G8_P3_case86.mat,4,0.130951819874773,0.177945233928933,-0.0226604442310131,0.309466934785361,0.171864828419637,0.0107108858259395,0.00833333333333333,0.130951819874773,40,0,0,1,5,40,6
G8_P3_case86.mat,5,0.142058567851597,0.180054307708728,0.339154458266629,0.31107480130451,0.174606980670952,0.00771705151723512,0.035,0.142058567851597,40,0,0,1,5,40,6
G8_P3_case86.mat,6,0.123406942046961,0.177175232342077,-0.00764193332706874,0.307231858853124,0.171099100848236,0.00312988119035177,0,0.123406942046961,40,0,0,1,5,40,6
G8_P3_case86.mat,7,0.127381509009635,0.180195826808517,-0.00123259860883116,0.31129724790564,0.174358824245124,0.000729559485198929,0,0.127381509009635,40,0,0,1,5,40,6
G8_P3_case86.mat,8,0.123558273424007,0.178115460494441,-0.00378934747978254,0.307616412116847,0.173088586837201,0.00248274202656666,0,0.123558273424007,40,0,0,1,5,40,6
G8_P3_case86.mat,9,0.125970205297518,0.181264211041005,-0.00228223044952721,0.313324961723858,0.175699635251661,0.00473621331304094,0,0.125970205297518,40,0,0,1,5,40,6
G8_P3_case86.mat,10,0.126131923110146,0.18138734131291,0.0417270708488984,0.312387862694743,0.176295018100794,0.00454937270872009,0,0.126131923110146,40,0,0,1,5,40,6
G8_P3_case86.mat,11,0.125332732777109,0.180174993481918,-0.0276582844712931,0.311872709806186,0.173972988658621,0.00388711588252221,0,0.125332732777109,40,0,0,1,5,40,6
G8_P3_case86.mat,12,0.126034994521062,0.181759515975252,0.00746986675013709,0.314149441725108,0.176512190334981,0.000787310738292004,0,0.126034994521062,39.6,0,0,1,5,40,6
G8_P3_case86.mat,13,0.125485559531816,0.180299199519154,-0.0177603394968737,0.311975530295834,0.174706499907345,0.00393364682780858,0,0.125485559531816,40,0,0,1,5,40,6
G8_P3_case86.mat,14,0.126982122329906,0.182268260559135,-0.0165533497328373,0.315930704234809,0.176334194173224,0.00212821146441777,0,0.126982122329906,40,0,0,1,5,40,6
G8_P3_case86.mat,15,0.196203630612357,0.181877114261341,-0.00744036963293637,0.316009978895688,0.176324169467977,0.0102596471974067,0.0466666666666667,0.196203630612357,40,0,0,1,5,40,6
G8_P3_case86.mat,16,0.300565785986188,0.174722938310434,-0.128635923102002,0.305953004361298,0.167633285088109,0.0105809924090968,0.0833333333333333,0.300565785986188,40,0,0,1,5,40,6
G8_P3_case86.mat,17,0.296341890506682,0.17956210328706,-0.0923328148703766,0.313044277890354,0.172118752487258,0.0100400822736652,0.0833333333333333,0.296341890506682,40,0,0,1,5,40,6
G8_P3_case86.mat,18,0.294694085649524,0.181207018209004,-0.102723687322125,0.314619433443771,0.174657713446687,0.0145192151707021,0.0833333333333333,0.294694085649524,40,0,0,1,5,40,6
G8_P4_case81.mat,1,0.170194658920611,0.0873347940747371,0.101186012623202,0.147247424138548,0.0919012937179968,0.0464351250440649,0.175833333333333,0.170194658920611,49.6,0,0,0,0,50,5
G8_P4_case81.mat,2,0.185148435034301,0.116570610031775,0.221871093196386,0.188102925980414,0.112830804304313,0.0463271005370966,0.1825,0.185148435034301,49.6,0,0,0,0,50,5
G8_P4_case81.mat,3,0.195424305888746,0.119521394418017,-0.0504705637125284,0.222943990218417,0.1192303801838,0.0507808000258734,0.191666666666667,0.195424305888746,49.6,0,0,0,0,50,5
G8_P4_case81.mat,4,0.161089302824751,0.0768285456028778,-0.150126884792528,0.123649455159306,0.06589339008304,0.0356145661893065,0.186666666666667,0.161089302824751,49.6,0,0,0,0,50,5
G8_P4_case81.mat,5,0.16459447088335,0.127781964805772,0.140187372240283,0.219467335487793,0.136142020531215,0.03812204639794,0.148333333333333,0.16459447088335,49.6,0,0,0,0,50,5
G8_P4_case81.mat,6,0.180572569569166,0.0563704670355666,0.217547869362729,0.0999177722794769,0.0413885192441379,0.0503703827599839,0.1875,0.180572569569166,49.6,0,0,0,0,50,5
G8_P4_case81.mat,7,0.161047198400358,0.1047829659503,0.176673204001399,0.175034044327615,0.10539409357703,0.0402046077542289,0.166666666666667,0.161047198400358,49.6,0,0,0,0,50,5
G8_P4_case81.mat,8,0.164754659086821,0.0970839404997769,-0.0213136226965818,0.187379203010306,0.0904527802142913,0.0384808331501848,0.1675,0.164754659086821,49.6,0,0,0,0,50,5
G8_P4_case81.mat,9,0.128335729043523,0.0750629324933197,0.0624904146277277,0.125291054157116,0.0620557224607311,0.01973772569155,0.108333333333333,0.128335729043523,49.6,0,0,0,0,50,5
G8_P4_case81.mat,10,0.169619933121933,0.180509898212708,0.0549382614240826,0.307968124495481,0.188024970807284,0.0291069499693665,0.106666666666667,0.169619933121933,49.6,0,0,0,0,50,5
G8_P4_case81.mat,11,0.125449002668565,0.0714760687114084,-0.0180437915079142,0.109102996911626,0.0719114922307846,0.0335315793097711,0.16,0.125449002668565,49.6,0,0,0,0,50,5
G8_P4_case81.mat,12,0.144234629796723,0.092986700098797,0.223491701078545,0.156260745910754,0.0985358703081365,0.0325330255985424,0.151666666666667,0.144234629796723,49.6,0,0,0,0,50,5
G8_P4_case81.mat,13,0.191907450055028,0.104320660161011,0.0329890701460987,0.198530840644847,0.0878254594658133,0.0528963792516458,0.195833333333333,0.191907450055028,49.6,0,0,0,0,50,5
G8_P4_case81.mat,14,0.176344994374749,0.131077364740812,-0.163050566644005,0.205439749843381,0.130634418441619,0.0440955406986573,0.16,0.176344994374749,49.6,0,0,0,0,50,5
G8_P4_case81.mat,15,0.198194514749994,0.174767256724773,-0.0154416977686555,0.32430459511606,0.173282214417497,0.0368442114055454,0.135833333333333,0.198194514749994,49.6,0,0,0,0,50,5
G8_P4_case81.mat,16,0.166354736283808,0.136879846169562,0.136175088239622,0.224356196379138,0.117712514755151,0.0357037620890077,0.170833333333333,0.166354736283808,49.6,0,0,0,0,50,5
G8_P4_case81.mat,17,0.211708113650519,0.196862494589316,-0.0130433821246039,0.324561165551,0.204676774710444,0.0457538384108468,0.1625,0.211708113650519,49.6,0,0,0,0,50,5
G8_P4_case81.mat,18,0.190820322564887,0.146979821136885,-0.141094144208319,0.261371412482639,0.131158694229444,0.0371992422830897,0.155,0.190820322564887,49.6,0,0,0,0,50,5
G8_P4_case85.mat,1,0.253422125676425,0.313334835192288,0.0583682771152178,0.538945050457274,0.3000225835719,0.0572450636327148,0.0783333333333333,0.253422125676425,39.6,4,5,0,0,40,6
G8_P4_case85.mat,2,0.248985792334803,0.313772344417421,-0.00303991135180263,0.536049560320708,0.304497322907382,0.0634530865833216,0.0916666666666667,0.248985792334803,39.6,4,5,0,0,40,6
G8_P4_case85.mat,3,0.257377027038641,0.323161886559691,-0.0172943901924469,0.564418116257199,0.31090414702805,0.0542495215352415,0.0766666666666667,0.257377027038641,39.6,4,5,0,0,40,6
G8_P4_case85.mat,4,0.24257428324354,0.299924851498606,-0.00810670746098538,0.526867697200304,0.288590183963038,0.0547716176949577,0.0825,0.24257428324354,39.6,4,5,0,0,40,6
G8_P4_case85.mat,5,0.248259687146305,0.310254188849731,-0.293564158041281,0.547799360713743,0.294091128308681,0.0617954009187068,0.08,0.248259687146305,39.6,4,5,0,0,40,6
G8_P4_case85.mat,6,0.26135757347696,0.300440715676723,0.00114405337577797,0.496687361212688,0.288812028218023,0.056319061094254,0.085,0.26135757347696,39.6,4,5,0,0,40,6
G8_P4_case85.mat,7,0.266351207726849,0.296143741281382,0.0685409733743545,0.515866904223174,0.283364043316329,0.0695341595166892,0.0716666666666667,0.266351207726849,40.8,4,5,0,0,40,6
G8_P4_case85.mat,8,0.2215468413681,0.298605253701648,-0.0181632047202492,0.521833896798794,0.283110387040871,0.0251439414892159,0.00666666666666667,0.2215468413681,40.8,4,5,0,0,40,6
G8_P4_case85.mat,9,0.220913540148,0.309569884377717,0.0204784587438682,0.53481609206913,0.300949189610509,0.0197387028815269,0.00166666666666667,0.220913540148,39.6,4,5,0,0,40,6
G8_P4_case85.mat,10,0.221485299042556,0.30795220476373,0.0273039668041377,0.53051865564533,0.298886541253239,0.0239484973157379,0.00333333333333333,0.221485299042556,39.6,4,5,0,0,40,6
G8_P4_case85.mat,11,0.216914469105719,0.303983571399306,0.00844141180609263,0.525535831706688,0.295657593809916,0.0263602929068398,0,0.216914469105719,39.6,4,5,0,0,40,6
G8_P4_case85.mat,12,0.220090361601122,0.307032797001235,0.0031414407092696,0.535588957113746,0.29510412833202,0.0225065108698017,0,0.220090361601122,39.6,4,5,0,0,40,6
G8_P4_case85.mat,13,0.248219561276367,0.321275632772438,-0.0230412315587287,0.569974175793957,0.30314408324827,0.0275968508805509,0.02,0.248219561276367,41.2,4,5,0,0,40,6
G8_P4_case85.mat,14,0.254156309399653,0.304114093660287,0.206851334231277,0.530448781314287,0.294053708588331,0.0479620508346344,0.0783333333333333,0.254156309399653,39.6,4,5,0,0,40,6
G8_P4_case85.mat,15,0.243320344539112,0.30224993504187,-0.00973323994199961,0.529330781284952,0.29251619830992,0.048069187507132,0.0725,0.243320344539112,39.6,4,5,0,0,40,6
G8_P4_case85.mat,16,0.248967144062266,0.321854575013422,0.0283920382963162,0.558984248196524,0.312379880385295,0.0519321572532355,0.0616666666666667,0.248967144062266,39.6,4,5,0,0,40,6
G8_P4_case85.mat,17,0.251326445719605,0.327152753032353,0.00608187983887242,0.565690523172562,0.317801736520476,0.0519368371026383,0.0583333333333333,0.251326445719605,39.6,4,5,0,0,40,6
G8_P4_case85.mat,18,0.240249493464297,0.311249106504872,-0.00712301360446634,0.536595229645982,0.303080359684995,0.0541021894100569,0.065,0.240249493464297,39.6,4,5,0,0,40,6
G8_P4_case85.mat,19,0.237583647745838,0.302769429036703,0.05770461355406,0.528055422967094,0.291059776575855,0.0548900494574101,0.0733333333333333,0.237583647745838,39.6,4,5,0,0,40,6
G8_P4_case86.mat,1,0.391465391237054,0.474783957653861,0.427435000425519,0.8259468776372,0.455935527413811,0.0834398722561647,0.0616666666666667,0.391465391237054,39.6,0,0,1,5,40,6
G8_P4_case86.mat,2,0.390249578307048,0.472182895223312,0.00129386046445503,0.826921315818504,0.455987727371815,0.0900133383680164,0.0716666666666667,0.390249578307048,39.6,0,0,1,5,40,6
G8_P4_case86.mat,3,0.361628578883793,0.452854967582485,-0.295753804420317,0.775799111913244,0.434008569369256,0.0893555370918702,0.0883333333333333,0.361628578883793,39.6,0,0,1,5,40,6
G8_P4_case86.mat,4,0.373756613460295,0.468690254589148,0.188587525931593,0.800788233072696,0.458835922490228,0.0947303374218338,0.08,0.373756613460295,39.6,0,0,1,5,40,6
G8_P4_case86.mat,5,0.407354421859259,0.504229307393512,0.0520612473946915,0.860689888071344,0.481317445253607,0.0967055836838001,0.0616666666666667,0.407354421859259,39.6,0,0,1,5,40,6
G8_P4_case86.mat,6,0.392814623277892,0.486184862466146,-0.0139408679971805,0.823853598257772,0.472624018435199,0.0690098568582725,0.0725,0.392814623277892,39.6,0,0,1,5,40,6
G8_P4_case86.mat,7,0.363165382827756,0.458900383716904,-0.151830872007891,0.800423337209294,0.440637460277026,0.0683347199777901,0.035,0.363165382827756,39.6,0,0,1,5,40,6
G8_P4_case86.mat,8,0.353558936453877,0.490778918377937,-0.0382487071246687,0.841232299609122,0.477462198773427,0.0478455968123333,0,0.353558936453877,39.6,0,0,1,5,40,6
G8_P4_case86.mat,9,0.341512144106087,0.481575034508487,-0.00576702291863935,0.834486793570531,0.46525242369115,0.0373955877139008,0.00166666666666667,0.341512144106087,39.6,0,0,1,5,40,6
G8_P4_case86.mat,10,0.334800995977501,0.479268996165232,0.0121690210348534,0.829848202449507,0.463929022632595,0.0131157502313688,0,0.334800995977501,39.2,0,0,1,5,40,6
G8_P4_case86.mat,11,0.344694763086755,0.477626875664563,-0.0093465683812087,0.824475587683014,0.463644101548905,0.0545907532634948,0,0.344694763086755,39.6,0,0,1,5,40,6
G8_P4_case86.mat,12,0.347345458295073,0.490445834830829,-0.00537620959073922,0.842278546175336,0.480068820802096,0.048438403570329,0,0.347345458295073,39.6,0,0,1,5,40,6
G8_P4_case86.mat,13,0.354611807941448,0.482460790855194,0.0178152389690883,0.839572618146771,0.465397389615454,0.0395142429505676,0.00666666666666667,0.354611807941448,39.6,0,0,1,5,40,6
G8_P4_case86.mat,14,0.375745756846714,0.497560698627433,-0.00585457662786479,0.857746153761118,0.485481882727199,0.0733288893096681,0.0316666666666667,0.375745756846714,39.6,0,0,1,5,40,6
G8_P4_case86.mat,15,0.40254456423783,0.488498954081653,-0.00670933481935582,0.836968504742799,0.47735354008151,0.0721473188586253,0.07,0.40254456423783,39.6,0,0,1,5,40,6
G8_P4_case86.mat,16,0.413328950409571,0.485226874931856,0.0285740942597329,0.831808697070445,0.474498911755414,0.084793418953775,0.0733333333333333,0.413328950409571,39.6,0,0,1,5,40,6
G8_P4_case86.mat,17,0.403153271020466,0.466028492648532,0.170760866731183,0.806313066757065,0.449201478284841,0.0828885080792561,0.0666666666666667,0.403153271020466,39.6,0,0,1,5,40,6
G8_P4_case86.mat,18,0.410884304396585,0.471965128142144,0.317472996601935,0.81455112629934,0.456848644085469,0.081642838179574,0.0683333333333333,0.410884304396585,39.6,0,0,1,5,40,6
G9_P1_case91.mat,1,0.0891700619992143,0.0868354026499263,0.220374670173773,0.149453815241784,0.0842641470411537,0.00790354878102208,0.0533333333333333,0.0891700619992143,45.2,0,0,0,0,45,2
G9_P1_case91.mat,2,0.0815570096837157,0.0897501850949257,0.048022743368802,0.153595437855934,0.0876658003160789,0.00622579739292251,0.045,0.0815570096837157,44.8,0,0,0,0,45,2
G9_P1_case91.mat,3,0.0819292801877912,0.0881864442517802,0.33561062418016,0.151567433467571,0.0861156551013327,0.00607953023559576,0.0516666666666667,0.0819292801877912,44.8,0,0,0,0,45,2
G9_P1_case91.mat,4,0.113893724938105,0.0875008608603928,0.0524924971027189,0.157395315294959,0.083616163765424,0.00739539194617809,0.0658333333333333,0.113893724938105,44.8,0,0,0,0,45,2
G9_P1_case91.mat,5,0.13437750568912,0.0915479506405957,-0.063214770232846,0.157171119954992,0.0899406051241144,0.0148072966341672,0.0733333333333333,0.13437750568912,45.2,0,0,0,0,45,2
G9_P1_case91.mat,6,0.113962997942104,0.0847661577530944,0.114073017222627,0.147868149605847,0.0810599088610288,0.00868471448243288,0.0525,0.113962997942104,44.8,0,0,0,0,45,2
G9_P1_case91.mat,7,0.085984047317337,0.0889038698500266,-0.015850270432793,0.152486518016902,0.0857137298595616,0.00637749051148264,0.0416666666666667,0.085984047317337,44.8,0,0,0,0,45,2
G9_P1_case91.mat,8,0.178185289022503,0.0886544631622041,0.0103550507682579,0.155651866959386,0.0880097166863692,0.00950916403110996,0.0591666666666667,0.178185289022503,35.2,0,0,0,0,45,2
G9_P1_case91.mat,9,0.109490112768011,0.0937894112490281,0.265888493291224,0.158377620344343,0.0923072665683901,0.00728089629812755,0.0575,0.109490112768011,44.8,0,0,0,0,45,2
G9_P1_case91.mat,10,0.108067336758591,0.0879226425002894,0.0547307593808329,0.150620631147867,0.0852797110740828,0.00693163653468326,0.0533333333333333,0.108067336758591,44.8,0,0,0,0,45,2
G9_P1_case91.mat,11,0.187794099754166,0.079558312932785,-0.0970566449451477,0.131905073538107,0.080071179493203,0.00593637466148334,0.0583333333333333,0.187794099754166,44.8,0,0,0,0,45,2
G9_P1_case91.mat,12,0.0967779241121759,0.0869686484556113,0.231354409093833,0.151524300708962,0.0840143227045339,0.00615148932963639,0.0466666666666667,0.0967779241121759,44.8,0,0,0,0,45,2
G9_P1_case91.mat,13,0.110304029019015,0.0866066682361153,-0.0263076156207342,0.150195576667143,0.0847664153660439,0.00610735770440236,0.0433333333333333,0.110304029019015,44.8,0,0,0,0,45,2
G9_P1_case91.mat,14,0.133543308558491,0.0857678872937316,0.00776364948837566,0.148646655963947,0.0812141622539105,0.00797490962926897,0.0441666666666667,0.133543308558491,44.8,0,0,0,0,45,2
G9_P1_case91.mat,15,0.128272914606608,0.091926943218189,-0.0387462674218014,0.155905817612411,0.0940391967214387,0.00904386369981246,0.0608333333333333,0.128272914606608,44.8,0,0,0,0,45,2
G9_P1_case91.mat,16,0.0928233896193571,0.0869005280886746,-0.109197778067508,0.150617892093843,0.0840272967749342,0.00844582547056848,0.06,0.0928233896193571,44.8,0,0,0,0,45,2
G9_P1_case91.mat,17,0.0954461084962199,0.0892821442838514,0.184356016503063,0.15502607242294,0.0867342216911183,0.00853832951469705,0.0558333333333333,0.0954461084962199,44.8,0,0,0,0,45,2
G9_P1_case91.mat,18,0.0959033978379232,0.0857033386842952,0.0228403137532915,0.149709118841514,0.083366929291195,0.00902158411061381,0.0658333333333333,0.0959033978379232,35.2,0,0,0,0,45,2
G9_P1_case95.mat,1,0.0663589304374525,0.0377448741787041,0.14891818308803,0.0606616407233619,0.0407276656032743,0.00829285967998382,0.0866666666666667,0.0663589304374525,44.8,4,4,0,0,45,6
G9_P1_case95.mat,2,0.0371473674031804,0.0288449065576015,-0.0485980929547219,0.0515142629586415,0.0276978297714191,0.00506746387811417,0.085,0.0371473674031804,44.8,4,4,0,0,45,6
G9_P1_case95.mat,3,0.0391105155513331,0.0284728888932797,0.207218001590441,0.0497700813219343,0.027618268959211,0.00551965934456149,0.0883333333333333,0.0391105155513331,44.8,4,4,0,0,45,6
G9_P1_case95.mat,4,0.0401238510897041,0.0293609663479779,0.0176341844412396,0.0514269950863378,0.0283652251393254,0.00534248299365841,0.0808333333333333,0.0401238510897041,45.2,4,4,0,0,45,6
G9_P1_case95.mat,5,0.0472421300960618,0.0284511329834448,0.100334630993245,0.0476564132855649,0.0281958861321932,0.00683610005797994,0.0891666666666667,0.0472421300960618,45.2,4,4,0,0,45,6
G9_P1_case95.mat,6,0.0739815248172574,0.0241728139162292,0.372212936327321,0.0420788790035313,0.0232913279604225,0.0100020655033407,0.1625,0.0739815248172574,44.8,4,4,0,0,45,6
G9_P1_case95.mat,7,0.0785843599825898,0.0257006029097045,0.175126923005961,0.0457530822390976,0.0255146143997577,0.0104545085569614,0.235833333333333,0.0785843599825898,33.2,4,4,0,0,45,6
G9_P1_case95.mat,8,0.0915846311618765,0.0267365713416007,0.125043538308559,0.0462621960357594,0.0255040252621317,0.0153684520305356,0.294166666666667,0.0915846311618765,33.2,4,4,0,0,45,6
G9_P1_case95.mat,9,0.118378524680054,0.0462485377361849,-0.0445358466384321,0.0719806174467136,0.0454700085120638,0.0108110197492469,0.21,0.118378524680054,32.8,4,4,0,0,45,6
G9_P1_case95.mat,10,0.0887638939652509,0.0242008631622247,0.0513429408799818,0.0460184838626921,0.0233020485117437,0.0104124565641739,0.189166666666667,0.0887638939652509,32.8,4,4,0,0,45,6
G9_P1_case95.mat,11,0.053302578653306,0.0280388942155991,0.156363194728353,0.0483036750739942,0.0270754836599508,0.00771716552130669,0.129166666666667,0.053302578653306,45.2,4,4,0,0,45,6
G9_P1_case95.mat,12,0.0628095777444842,0.0310995567864101,-0.0854606652942917,0.0524544160143127,0.0307721237761814,0.0126985198286422,0.23,0.0628095777444842,32.8,4,4,0,0,45,6
G9_P1_case95.mat,13,0.0651755844116899,0.029834886045867,0.0678093305126251,0.0508299251970888,0.0292218942677022,0.00980900099347974,0.224166666666667,0.0651755844116899,32.8,4,4,0,0,45,6
G9_P1_case95.mat,14,0.0673118292042471,0.0314561026119254,0.151076028962525,0.0553373063583561,0.0301518750872178,0.0108534871735905,0.125,0.0673118292042471,44.8,4,4,0,0,45,6
G9_P1_case95.mat,15,0.0480006244316763,0.0221096277267351,-0.258754213067086,0.0335235647393126,0.0235508977905225,0.00725863936328984,0.0875,0.0480006244316763,45.2,4,4,0,0,45,6
G9_P1_case95.mat,16,0.0470207678632192,0.0162207242439624,0.0394610522245466,0.0301907987584503,0.0150985265875975,0.00742923649492951,0.0783333333333333,0.0470207678632192,44.8,4,4,0,0,45,6
G9_P1_case95.mat,17,0.0506734257074091,0.022246818803449,-0.102067109019533,0.0393653916925674,0.0212966819662709,0.0078342570204462,0.0791666666666667,0.0506734257074091,45.2,4,4,0,0,45,6
G9_P1_case95.mat,18,0.0540122223155904,0.0270989946641671,-0.136818348799395,0.0515213940580561,0.0247436927569554,0.00821865591991875,0.0833333333333333,0.0540122223155904,44.8,4,4,0,0,45,6
G9_P1_case96.mat,1,0.186635484752795,0.245214429158367,0.145639509468884,0.425702685896377,0.237912751958556,0.0107904231276453,0.00333333333333333,0.186635484752795,44.8,0,0,1,4,45,6
G9_P1_case96.mat,2,0.174074223746503,0.244379750060299,-0.0140877714639382,0.423683565843971,0.236949455114592,0.00613241886126698,0,0.174074223746503,45.2,0,0,1,4,45,6
G9_P1_case96.mat,3,0.172871826234037,0.24090224198826,-0.0171554450351902,0.419064234050576,0.23252080384278,0.00669193760540563,0,0.172871826234037,45.2,0,0,1,4,45,6
G9_P1_case96.mat,4,0.172645740669543,0.242650132335296,-0.0817685793411543,0.420101198531369,0.234753674425277,0.0063599455395004,0,0.172645740669543,45.2,0,0,1,4,45,6
G9_P1_case96.mat,5,0.177479241769578,0.240785267861653,-0.0588844752184354,0.412431837054625,0.234250672263076,0.0100515653844577,0.00666666666666667,0.177479241769578,44.8,0,0,1,4,45,6
G9_P1_case96.mat,6,0.190457687130401,0.235951757268123,0.143428169967813,0.406775289524092,0.228854720566781,0.0150526534349122,0.04,0.190457687130401,44.8,0,0,1,4,45,6
G9_P1_case96.mat,7,0.190837214442879,0.243371298301674,0.180178156068465,0.422662684901686,0.23583543876685,0.0119510094642502,0.0316666666666667,0.190837214442879,44.8,0,0,1,4,45,6
G9_P1_case96.mat,8,0.200643615012313,0.238824822656699,0.0103273613473045,0.41687321229562,0.229331744621874,0.0161412824207497,0.0716666666666667,0.200643615012313,44.8,0,0,1,4,45,6
G9_P1_case96.mat,9,0.200916075529168,0.241610767861016,0.00951530084289438,0.42049463443332,0.23321627476616,0.0181239553884288,0.0483333333333333,0.200916075529168,44.8,0,0,1,4,45,6
G9_P1_case96.mat,10,0.203711829127075,0.24240549719753,0.0201696384108527,0.421017386282422,0.233660863692465,0.0174096466557211,0.0591666666666667,0.203711829127075,45.2,0,0,1,4,45,6
G9_P1_case96.mat,11,0.195580769449031,0.243048100054428,-0.0358551767615579,0.419289626485463,0.235995374469956,0.0150912934413871,0.0558333333333333,0.195580769449031,32.8,0,0,1,4,45,6
G9_P1_case96.mat,12,0.197900539834242,0.244788157813943,-0.0420716838444674,0.423746247013202,0.236956416679006,0.0197616272413231,0.0583333333333333,0.197900539834242,32.8,0,0,1,4,45,6
G9_P1_case96.mat,13,0.156234319440373,0.204900344640791,0.148998013029797,0.34228450015385,0.207600542941522,0.0105996110377426,0.035,0.156234319440373,45.2,0,0,1,4,45,6
G9_P1_case96.mat,14,0.167984887331901,0.200072609963075,-0.0751933190877949,0.35236273848848,0.19095384345535,0.0147006683613144,0.0533333333333333,0.167984887331901,44.8,0,0,1,4,45,6
G9_P1_case96.mat,15,0.167137997025011,0.223042577906851,-0.123341525629482,0.39323733091603,0.212786355041533,0.00915544165863746,0.00166666666666667,0.167137997025011,45.2,0,0,1,4,45,6
G9_P1_case96.mat,16,0.173981920291796,0.242495312216356,0.0555396500146029,0.418882870108789,0.234753891127272,0.00739439489854888,0,0.173981920291796,45.2,0,0,1,4,45,6
G9_P1_case96.mat,17,0.175824904681306,0.243228932438238,0.0765577222778131,0.419700969650638,0.236491940513842,0.0093089570061119,0,0.175824904681306,44.8,0,0,1,4,45,6
G9_P1_case96.mat,18,0.177628945505139,0.243801390759471,0.0219794329920456,0.42168846112549,0.236235904865177,0.00845707830294824,0,0.177628945505139,44.8,0,0,1,4,45,6
G9_P1_case96.mat,19,0.175333399948468,0.243302446626872,-0.0593878686024016,0.421008821520334,0.235073613708667,0.00759407750071166,0,0.175333399948468,44.8,0,0,1,4,45,6
G9_P2_case91.mat,1,0.254896277906247,0.330950298388221,0.324634955834087,0.575646641516543,0.316607581582516,0.0430560132473793,0.00583333333333333,0.254896277906247,45.2,0,0,0,0,45,2
G9_P2_case91.mat,2,0.266792505642222,0.358719941491859,0.0316412706501478,0.629175230783018,0.343037611648559,0.0318189239269369,0,0.266792505642222,44.8,0,0,0,0,45,2
G9_P2_case91.mat,3,0.26669331419517,0.365943968087553,-0.00528604000433209,0.632928692811455,0.354785563774292,0.0399075365479581,0,0.26669331419517,45.2,0,0,0,0,45,2
G9_P2_case91.mat,4,0.278012925146007,0.370859718216617,-0.0342343361375053,0.643571429946208,0.358582652769837,0.0384665640126494,0.00333333333333333,0.278012925146007,44.8,0,0,0,0,45,2
G9_P2_case91.mat,5,0.333769587680329,0.363062899410376,-0.0625229204043049,0.627679051026212,0.353057039477054,0.108688241961923,0.134166666666667,0.333769587680329,45.2,0,0,0,0,45,2
G9_P2_case91.mat,6,0.323017634809656,0.356551624743251,0.212732319343951,0.616117600296409,0.344117909966503,0.0922089424843979,0.140833333333333,0.323017634809656,45.2,0,0,0,0,45,2
G9_P2_case91.mat,7,0.292678691530425,0.368082967672219,-0.0118270223128232,0.63222743329297,0.357104004317826,0.0569361499418345,0.0616666666666667,0.292678691530425,45.2,0,0,0,0,45,2
G9_P2_case91.mat,8,0.276765335901225,0.35092953998603,-0.0259327787933498,0.602779987771344,0.341602081750015,0.0588988178954202,0.0466666666666667,0.276765335901225,45.2,0,0,0,0,45,2
G9_P2_case91.mat,9,0.267816242451979,0.350930979022707,-0.0882387702997801,0.607721823490072,0.338895268182493,0.0406455803280611,0.0133333333333333,0.267816242451979,45.2,0,0,0,0,45,2
G9_P2_case91.mat,10,0.26547225052367,0.351218463148202,-0.0629852076041904,0.610565861946865,0.340797489781216,0.0468046913020236,0.00166666666666667,0.26547225052367,45.2,0,0,0,0,45,2
G9_P2_case91.mat,11,0.278841497716243,0.351169804682068,0.00968946701720613,0.610266295259774,0.339795146234334,0.0615062800457534,0.0666666666666667,0.278841497716243,45.2,0,0,0,0,45,2
G9_P2_case91.mat,12,0.288236324142928,0.356115303682764,-0.0454151210502149,0.622074795906108,0.34290647258186,0.0666349789826796,0.0816666666666667,0.288236324142928,45.2,0,0,0,0,45,2
G9_P2_case91.mat,13,0.305826096697818,0.3669498652875,-0.0886523390437411,0.637638083869578,0.353659735193621,0.0746850808668617,0.0933333333333333,0.305826096697818,45.2,0,0,0,0,45,2
G9_P2_case91.mat,14,0.314530034124405,0.361064875611645,0.341114318731929,0.623194608123926,0.349551285547932,0.0784797643986828,0.1225,0.314530034124405,45.2,0,0,0,0,45,2
G9_P2_case91.mat,15,0.285047978875288,0.362287473556032,-0.280230912866856,0.632321524163686,0.348502749847446,0.0531638863765986,0.0283333333333333,0.285047978875288,45.2,0,0,0,0,45,2
G9_P2_case91.mat,16,0.281228032256776,0.366550409299486,-0.0134019357643837,0.637137254936304,0.353882408578913,0.049991925789328,0.0133333333333333,0.281228032256776,45.2,0,0,0,0,45,2
G9_P2_case91.mat,17,0.280379265020942,0.365419564163946,-0.0416783022739316,0.637071134842197,0.351199748469184,0.0504770620138811,0.01,0.280379265020942,45.2,0,0,0,0,45,2
G9_P2_case91.mat,18,0.284629241829171,0.377346438582416,-0.058371562322575,0.65340918624228,0.366905102628378,0.0435533996069294,0.00833333333333333,0.284629241829171,45.2,0,0,0,0,45,2
G9_P2_case95.mat,1,0.101222419731439,0.0263243598765133,0.174378718420102,0.0461214062670697,0.0254728364089653,0.0442209005464344,0.183333333333333,0.101222419731439,44.8,4,4,0,0,45,6
G9_P2_case95.mat,2,0.0792897659117282,0.0268231476998159,0.134726908245479,0.0458686788749524,0.0261699658557276,0.0432272793909622,0.186666666666667,0.0792897659117282,44.8,4,4,0,0,45,6
G9_P2_case95.mat,3,0.0792904111234453,0.0237828419725414,0.202147309135612,0.0401808514895195,0.0236049830772816,0.0444194118390316,0.186666666666667,0.0792904111234453,44.8,4,4,0,0,45,6
G9_P2_case95.mat,4,0.0749325860222867,0.0206200753899939,-0.0167739407108894,0.0372595361483671,0.0201848523020679,0.0411556846403601,0.185833333333333,0.0749325860222867,44.8,4,4,0,0,45,6
G9_P2_case95.mat,5,0.141295664661345,0.0228024877053548,-0.499584389463218,0.0406409743673837,0.0218281912713482,0.0794902550774558,0.186666666666667,0.141295664661345,44.8,4,4,0,0,45,6
G9_P2_case95.mat,6,0.206241211090981,0.0252886042515424,-0.0966503828595457,0.0441845370567279,0.0241447812797127,0.117446176590242,0.186666666666667,0.206241211090981,44.8,4,4,0,0,45,6
G9_P2_case95.mat,7,0.158241974168522,0.0254520122773069,-0.0285043589350522,0.0444253401782481,0.0243815015838312,0.0823948848173964,0.18,0.158241974168522,44.8,4,4,0,0,45,6
G9_P2_case95.mat,8,0.105183400394806,0.0202378585917755,0.155868021404549,0.038555943911196,0.0184794934208744,0.0535143501580097,0.183333333333333,0.105183400394806,44.8,4,4,0,0,45,6
G9_P2_case95.mat,9,0.120227817162036,0.009679871876132,0.0235284609721976,0.0224475107018505,0.00402645035984436,0.0547894484318934,0.180833333333333,0.120227817162036,44.8,4,4,0,0,45,6
G9_P2_case95.mat,10,0.0942802776162641,0.0228485420393128,0.000945068125756843,0.0387663822799868,0.0224917289660519,0.0369659874724182,0.1825,0.0942802776162641,44.8,4,4,0,0,45,6
G9_P2_case95.mat,11,0.0686124771535203,0.0237197319803878,-0.00118246959943674,0.0411097046024318,0.0228593985768181,0.0378485345526211,0.181666666666667,0.0686124771535203,44.8,4,4,0,0,45,6
G9_P2_case95.mat,12,0.0886005126208645,0.0250466406753632,-0.220338007843404,0.0421375525162251,0.0245548396958075,0.0446758324867235,0.176666666666667,0.0886005126208645,44.8,4,4,0,0,45,6
G9_P2_case95.mat,13,0.20479028839316,0.0225196312947168,0.0113257675741385,0.0400602387866512,0.0219608845870376,0.113339711639675,0.186666666666667,0.20479028839316,44.8,4,4,0,0,45,6
G9_P2_case95.mat,14,0.178655220923256,0.0224277150240481,-0.0745861646961484,0.0402504015781752,0.0221698385155246,0.0991457373093805,0.185833333333333,0.178655220923256,44.8,4,4,0,0,45,6
G9_P2_case95.mat,15,0.112621773482304,0.0225708161928496,-0.00777132212818995,0.0399761599180439,0.0221481998219143,0.0638531400578379,0.186666666666667,0.112621773482304,44.8,4,4,0,0,45,6
G9_P2_case95.mat,16,0.105161746516157,0.0182408238086502,-0.0108083432715583,0.0318647445539011,0.0175658471045988,0.0597074153078141,0.186666666666667,0.105161746516157,44.8,4,4,0,0,45,6
G9_P2_case95.mat,17,0.111156376771515,0.0210780876692334,0.0202215408784477,0.036580891332426,0.0208949023127375,0.0631329430017648,0.186666666666667,0.111156376771515,44.8,4,4,0,0,45,6
G9_P2_case95.mat,18,0.10312385156776,0.0240790652401438,0.0338396288996644,0.0427512624403294,0.023135797853761,0.0567199443220297,0.186666666666667,0.10312385156776,44.8,4,4,0,0,45,6
G9_P2_case95.mat,19,0.0918002700897272,0.0235202123908137,0.130399563187325,0.0407244668847646,0.0233537425698538,0.0518122614909302,0.186666666666667,0.0918002700897272,44.8,4,4,0,0,45,6
G9_P2_case96.mat,1,0.188746262111381,0.185457264146139,0.102576392266698,0.325273102388137,0.178262939690086,0.0700904238362982,0.1425,0.188746262111381,44.8,0,0,1,4,45,6
G9_P2_case96.mat,2,0.16087877927229,0.187052573820813,-0.0476007412027522,0.323238083726109,0.181313348286709,0.0524468864407168,0.106666666666667,0.16087877927229,44.8,0,0,1,4,45,6
G9_P2_case96.mat,3,0.166696120760742,0.192153656515473,0.164051438875908,0.335069121437395,0.18463340127044,0.0555198799319499,0.108333333333333,0.166696120760742,44.8,0,0,1,4,45,6
G9_P2_case96.mat,4,0.164199772684748,0.197620807453078,-0.0720958902495654,0.34208820713584,0.190397257714419,0.0467386172963355,0.0983333333333333,0.164199772684748,44.8,0,0,1,4,45,6
G9_P2_case96.mat,5,0.290205665053067,0.202268866298705,-0.217903329132954,0.345599760387929,0.196365189103429,0.141750036014741,0.17,0.290205665053067,44.8,0,0,1,4,45,6
G9_P2_case96.mat,6,0.369219895075671,0.196073215990183,-0.071808968309509,0.340112087878479,0.189619828552243,0.19774164572854,0.183333333333333,0.369219895075671,44.8,0,0,1,4,45,6
G9_P2_case96.mat,7,0.290358076820762,0.200235654517782,-0.0313764809281563,0.347533976916104,0.192771872222392,0.139487644808736,0.161666666666667,0.290358076820762,44.8,0,0,1,4,45,6
G9_P2_case96.mat,8,0.153519044588125,0.191620689633925,-0.182387242822579,0.330197041208185,0.185573198749606,0.0354750142414959,0.0583333333333333,0.153519044588125,44.8,0,0,1,4,45,6
G9_P2_case96.mat,9,0.198047053606706,0.194787139866321,-0.0388828252805662,0.333986279310995,0.189557771523328,0.0488544104621957,0.0841666666666667,0.198047053606706,44.4,0,0,1,4,45,6
G9_P2_case96.mat,10,0.154282536609021,0.190158848158873,0.273667226777858,0.329993194023626,0.18377458222378,0.0327782235666216,0.0325,0.154282536609021,44.8,0,0,1,4,45,6
G9_P2_case96.mat,11,0.148158964114187,0.193569425851157,0.00286715062155125,0.333544890890124,0.186986999592364,0.0285485367277956,0.01,0.148158964114187,44.8,0,0,1,4,45,6
G9_P2_case96.mat,12,0.212694768219126,0.195059121185944,-0.0606466403946726,0.336988905115946,0.189160048059305,0.0855018562961315,0.118333333333333,0.212694768219126,44.8,0,0,1,4,45,6
G9_P2_case96.mat,13,0.367425364959214,0.192702950008585,0.0303700986131003,0.338472517910574,0.185100940667004,0.192948710637586,0.179166666666667,0.367425364959214,44.8,0,0,1,4,45,6
G9_P2_case96.mat,14,0.328987799446349,0.200568411704841,0.0484111340992309,0.345093698207049,0.195173154731999,0.168347437056496,0.176666666666667,0.328987799446349,44.8,0,0,1,4,45,6
G9_P2_case96.mat,15,0.208017910328627,0.197535236904314,0.101001977176832,0.34230886823276,0.191656875862548,0.081951342464783,0.1375,0.208017910328627,44.8,0,0,1,4,45,6
G9_P2_case96.mat,16,0.162001416235707,0.192428036462113,0.246955518174154,0.33418479332106,0.184536172512965,0.0517679707614467,0.101666666666667,0.162001416235707,44.8,0,0,1,4,45,6
G9_P2_case96.mat,17,0.178367827646291,0.195477982314098,0.0633663762749866,0.339552368895596,0.187133259412992,0.0643450325152485,0.124166666666667,0.178367827646291,44.8,0,0,1,4,45,6
G9_P2_case96.mat,18,0.1601548784715,0.195207458373622,0.116292798302833,0.335961310842107,0.190151530361741,0.0449529935561139,0.0875,0.1601548784715,44.8,0,0,1,4,45,6
G9_P3_case91.mat,1,0.196990139299827,0.205969459596574,0.0738232449483267,0.351960897234037,0.205399472478759,0.045949194549774,0.0916666666666667,0.196990139299827,45.2,0,0,0,0,45,2
G9_P3_case91.mat,2,0.184131964610585,0.199322480970257,0.171421670481443,0.355829052179795,0.189522487974384,0.0334232409667661,0.0741666666666667,0.184131964610585,45.2,0,0,0,0,45,2
G9_P3_case91.mat,3,0.172848458276611,0.173188441918313,-0.129299150730298,0.31720944180625,0.168074785261724,0.0401712675655688,0.0783333333333333,0.172848458276611,45.2,0,0,0,0,45,2
G9_P3_case91.mat,4,0.191157249815206,0.193522236404799,-0.0471845550750659,0.350430056621723,0.186907472016408,0.0368924677651744,0.0933333333333333,0.191157249815206,45.2,0,0,0,0,45,2
G9_P3_case91.mat,5,0.218447345607641,0.189106305154238,0.0447438795400884,0.32824695025166,0.182812860772581,0.0831206046103666,0.140833333333333,0.218447345607641,45.2,0,0,0,0,45,2
G9_P3_case91.mat,6,0.219593916893147,0.193345760822426,0.063043093072178,0.318221110646597,0.189961525099575,0.0837540599048533,0.150833333333333,0.219593916893147,45.2,0,0,0,0,45,2
G9_P3_case91.mat,7,0.221109972197322,0.187982803736912,-0.122365793339441,0.323714496843603,0.182433335762674,0.0858463486728741,0.156666666666667,0.221109972197322,45.2,0,0,0,0,45,2
G9_P3_case91.mat,8,0.216575573127673,0.191496373887434,-0.261062084152973,0.339480516579927,0.18608479692513,0.074621531399965,0.145,0.216575573127673,45.2,0,0,0,0,45,2
G9_P3_case91.mat,9,0.215256310960648,0.203247999871285,0.137902691611253,0.338636772088358,0.200237374345306,0.0705242638526561,0.14,0.215256310960648,45.2,0,0,0,0,45,2
G9_P3_case91.mat,10,0.198835395637925,0.173195264707408,0.112236540232031,0.302920963303982,0.164280612413745,0.0657017909989451,0.1375,0.198835395637925,45.2,0,0,0,0,45,2
G9_P3_case91.mat,11,0.199058517841692,0.193225719751551,-0.138875255094653,0.331451469760254,0.193021925302399,0.0634682328024551,0.133333333333333,0.199058517841692,45.2,0,0,0,0,45,2
G9_P3_case91.mat,12,0.20201535233508,0.186620979440907,-0.0681294435386298,0.334724033079031,0.174842016512132,0.0630067738209933,0.1225,0.20201535233508,45.2,0,0,0,0,45,2
G9_P3_case91.mat,13,0.209102171879733,0.185427784919374,0.0623312354504045,0.311058204978372,0.186287236475749,0.0626843506754049,0.129166666666667,0.209102171879733,45.2,0,0,0,0,45,2
G9_P3_case91.mat,14,0.201282763425031,0.183714401193884,-0.19529564374553,0.319822439538986,0.175401501158056,0.0589720446298239,0.143333333333333,0.201282763425031,45.2,0,0,0,0,45,2
G9_P3_case91.mat,15,0.183467257978268,0.165220366368583,-0.0913216077138115,0.281077226798312,0.161347997992056,0.0514795022206245,0.1225,0.183467257978268,45.2,0,0,0,0,45,2
G9_P3_case91.mat,16,0.180572818166568,0.181073661829772,0.25342960498539,0.314719573641012,0.164846342867977,0.0478120072605872,0.1225,0.180572818166568,45.2,0,0,0,0,45,2
G9_P3_case91.mat,17,0.167805227698885,0.155293513217856,0.260918411929217,0.276853689017238,0.147488238762341,0.0479454822942161,0.105,0.167805227698885,45.2,0,0,0,0,45,2
G9_P3_case91.mat,18,0.267177862025917,0.147807117485153,-0.272524605012979,0.255106767998204,0.145765305564118,0.0449175514451041,0.105,0.267177862025917,45.2,0,0,0,0,45,2
G9_P3_case95.mat,1,0.181505596570195,0.138851389475544,0.27618382612012,0.241923299050243,0.131885992485857,0.0588023983406167,0.148333333333333,0.181505596570195,44.8,4,4,0,0,45,6
G9_P3_case95.mat,2,0.185437943629502,0.153813520101947,0.034988327195504,0.273646202566053,0.145715673985033,0.0596338303892326,0.1575,0.185437943629502,44.8,4,4,0,0,45,6
G9_P3_case95.mat,3,0.190945780219856,0.144390744484795,-0.0325177481164557,0.251956144552841,0.137782235182222,0.064625467932083,0.160833333333333,0.190945780219856,44.8,4,4,0,0,45,6
G9_P3_case95.mat,4,0.183751661040458,0.134770204833446,0.210781550224246,0.240015384648121,0.125436886553788,0.0581967519275881,0.155833333333333,0.183751661040458,44.8,4,4,0,0,45,6
G9_P3_case95.mat,5,0.182444307571582,0.148090541358627,-0.0329920864463339,0.258016314848842,0.141905836013603,0.0567370011458947,0.153333333333333,0.182444307571582,44.8,4,4,0,0,45,6
G9_P3_case95.mat,6,0.142314126539677,0.118548136912265,0.205263878632815,0.20454953276822,0.117455792246178,0.037043443950887,0.14,0.142314126539677,44.8,4,4,0,0,45,6
G9_P3_case95.mat,7,0.156089120223231,0.10896106305881,-0.248535169403039,0.188668798543555,0.10608161811445,0.0444694543327335,0.13,0.156089120223231,44.8,4,4,0,0,45,6
G9_P3_case95.mat,8,0.177062440704544,0.117482988634793,-0.0675726758894915,0.203021999189338,0.110094328332185,0.0649274229044779,0.1725,0.177062440704544,44.8,4,4,0,0,45,6
G9_P3_case95.mat,9,0.19922507766928,0.0969875319816069,0.0708106892216981,0.176454734630559,0.0873734063942849,0.0715419977387926,0.174166666666667,0.19922507766928,44.8,4,4,0,0,45,6
G9_P3_case95.mat,10,0.229897878088742,0.11159176940146,-0.106737662001746,0.198145154993165,0.103973434540005,0.0671686728200554,0.144166666666667,0.229897878088742,44.8,4,4,0,0,45,6
G9_P3_case95.mat,11,0.165388112445845,0.115401490252083,0.147834139599303,0.19202726107699,0.111261755427517,0.0526589264263178,0.156666666666667,0.165388112445845,44.8,4,4,0,0,45,6
G9_P3_case95.mat,12,0.138955497310825,0.10861131708459,0.169158731937172,0.187246210060182,0.105044777139775,0.0479173975795966,0.1575,0.138955497310825,44.8,4,4,0,0,45,6
G9_P3_case95.mat,13,0.138272800684296,0.114915541339194,0.0202341838074009,0.195374089488591,0.114381253735045,0.0193691595952965,0.095,0.138272800684296,45.2,4,4,0,0,45,6
G9_P3_case95.mat,14,0.239554448607525,0.102914982908028,-0.0515095494176708,0.179813792287223,0.100176529780376,0.0432953831173269,0.110833333333333,0.239554448607525,44.8,4,4,0,0,45,6
G9_P3_case95.mat,15,0.173932751127345,0.111238176041541,-0.101522527091054,0.191628292853229,0.104983060288905,0.0533589055606024,0.15,0.173932751127345,44.8,4,4,0,0,45,6
G9_P3_case95.mat,16,0.16081217819482,0.114491997814689,0.0085598435675672,0.187948863350225,0.118098679250423,0.057041511012015,0.160833333333333,0.16081217819482,44.8,4,4,0,0,45,6
G9_P3_case95.mat,17,0.179290371628425,0.115332540003401,0.00825969390701757,0.212482936492828,0.109340298374459,0.0611169186258928,0.154166666666667,0.179290371628425,44.8,4,4,0,0,45,6
G9_P3_case95.mat,18,0.229466114260947,0.104710875510569,-0.120586530413101,0.184324796072474,0.103810043492818,0.0639798111040103,0.135833333333333,0.229466114260947,44.8,4,4,0,0,45,6
G9_P3_case96.mat,1,0.257745314792677,0.345018111612653,0.124940656831139,0.595033676324169,0.334819979572386,0.0351953693252074,0.000833333333333333,0.257745314792677,44.8,0,0,1,4,45,6
G9_P3_case96.mat,2,0.25433625348367,0.345196884442341,-0.0814347927800947,0.600037106382742,0.334874511440206,0.0293839870463608,0.005,0.25433625348367,44.8,0,0,1,4,45,6
G9_P3_case96.mat,3,0.246153911224711,0.338905430176608,-0.0130777006403323,0.585327171364693,0.32696438731784,0.0293053158063456,0,0.246153911224711,44.8,0,0,1,4,45,6
G9_P3_case96.mat,4,0.250018836399942,0.341131083367381,-0.00732529925773334,0.592395338532185,0.326734164484435,0.0284261174917869,0,0.250018836399942,44.8,0,0,1,4,45,6
G9_P3_case96.mat,5,0.249714105675858,0.343113213912096,-0.00144451290213819,0.593838425590311,0.332703697469124,0.027215280093228,0,0.249714105675858,44.8,0,0,1,4,45,6
G9_P3_case96.mat,6,0.242787538009905,0.340562724863015,0.0288047955106035,0.589498578837241,0.329726334882178,0.0191397722950814,0,0.242787538009905,44.8,0,0,1,4,45,6
G9_P3_case96.mat,7,0.272467101576648,0.359680797611656,-0.0151244709874417,0.616388127322666,0.350538538451132,0.0147270171470824,0.01,0.272467101576648,44.8,0,0,1,4,45,6
G9_P3_case96.mat,8,0.260301808012793,0.35864817000656,-0.0146911847347103,0.62337988882312,0.346333495780095,0.0297483442730316,0,0.260301808012793,44.8,0,0,1,4,45,6
G9_P3_case96.mat,9,0.267540293836334,0.351575287386248,0.0131732201791799,0.607441580328471,0.33978974409252,0.0454983544994139,0.0283333333333333,0.267540293836334,44.8,0,0,1,4,45,6
G9_P3_case96.mat,10,0.278562300863022,0.366324225413601,0.025161780891884,0.63077130929021,0.355233683968694,0.042723880100472,0.025,0.278562300863022,44.8,0,0,1,4,45,6
G9_P3_case96.mat,11,0.262546045047265,0.354781717253297,-0.0285048805007774,0.623522243713715,0.33969012471413,0.0272628528271018,0.00166666666666667,0.262546045047265,44.8,0,0,1,4,45,6
G9_P3_case96.mat,12,0.256807571384702,0.352375343292564,-0.0234998253908843,0.61955913095371,0.339049744459858,0.0260890705212384,0.00166666666666667,0.256807571384702,44.8,0,0,1,4,45,6
G9_P3_case96.mat,13,0.251190669546778,0.356832891234172,-0.0144684847794254,0.617772782730278,0.345674971648449,0.00874619952877259,0,0.251190669546778,45.2,0,0,1,4,45,6
G9_P3_case96.mat,14,0.25358409045777,0.356846096709857,-0.00805408569496315,0.621781374124954,0.345461949068754,0.0157429231279665,0,0.25358409045777,44.8,0,0,1,4,45,6
G9_P3_case96.mat,15,0.263116631149748,0.366854534634423,-0.019305589579487,0.634169336403363,0.356820831649075,0.0294570321019873,0,0.263116631149748,44.8,0,0,1,4,45,6
G9_P3_case96.mat,16,0.264972562054364,0.367722148003751,0.0467797873332136,0.637377201854348,0.353926977405086,0.0283527278997096,0,0.264972562054364,44.8,0,0,1,4,45,6
G9_P3_case96.mat,17,0.257385813917363,0.352822238483666,-0.0276172000262376,0.613167803735289,0.34084220784214,0.0297430406687076,0,0.257385813917363,44.8,0,0,1,4,45,6
G9_P3_case96.mat,18,0.271337432221931,0.359016256582026,-0.0378346837778576,0.62505449921018,0.347818739283951,0.0305731581257505,0.00833333333333333,0.271337432221931,44.8,0,0,1,4,45,6
G9_P3_case96.mat,19,0.25944725743466,0.35697554377069,0.0249769949665543,0.617164183238898,0.34494560378919,0.0322076887177185,0,0.25944725743466,44.8,0,0,1,4,45,6
G9_P4_case91.mat,1,0.174262108773105,0.191254062064148,-0.0603059772111032,0.334599393605662,0.182026951768589,0.0514882290550199,0.103333333333333,0.174262108773105,45.2,0,0,0,0,45,2
G9_P4_case91.mat,2,0.169459439402716,0.192945139396193,0.0587460513395527,0.334062509770407,0.186891990668902,0.0512745635095669,0.12,0.169459439402716,45.2,0,0,0,0,45,2
G9_P4_case91.mat,3,0.164186164643118,0.190500613626614,-0.0463167730262235,0.333557011360591,0.183481734698874,0.048766579281236,0.103333333333333,0.164186164643118,45.2,0,0,0,0,45,2
G9_P4_case91.mat,4,0.181167478724362,0.19614837861292,0.0143615641100558,0.338768683468812,0.190134127103652,0.0577689783778502,0.124166666666667,0.181167478724362,45.2,0,0,0,0,45,2
G9_P4_case91.mat,5,0.234865614715749,0.193440715978473,0.162586508059878,0.335256296453009,0.186857703570607,0.106356385602902,0.17,0.234865614715749,45.2,0,0,0,0,45,2
G9_P4_case91.mat,6,0.21262328022743,0.198615259440484,-0.136647822149321,0.341911382981888,0.191865084313695,0.0806320134685281,0.155,0.21262328022743,45.2,0,0,0,0,45,2
G9_P4_case91.mat,7,0.182139859817957,0.199822590418737,0.239428115515297,0.343456861458476,0.194866169443902,0.0543824161922317,0.134166666666667,0.182139859817957,45.2,0,0,0,0,45,2
G9_P4_case91.mat,8,0.193649567861584,0.196121917945213,0.229409156964905,0.340058539213704,0.190761722279969,0.069172898171051,0.145833333333333,0.193649567861584,45.2,0,0,0,0,45,2
G9_P4_case91.mat,9,0.195402844024407,0.192889063064882,0.208279890705593,0.332559391257058,0.186643070068741,0.068820593251078,0.151666666666667,0.195402844024407,45.2,0,0,0,0,45,2
G9_P4_case91.mat,10,0.195707598397672,0.196995871786406,-0.108683961382058,0.346823869432766,0.187264835015093,0.0694348348865031,0.145,0.195707598397672,45.2,0,0,0,0,45,2
G9_P4_case91.mat,11,0.186559114725054,0.199771001989025,-0.0440562403543202,0.347129388501051,0.19288646021677,0.0653138094305448,0.134166666666667,0.186559114725054,45.2,0,0,0,0,45,2
G9_P4_case91.mat,12,0.183603123852355,0.197237647241286,0.154637011066151,0.342472291496434,0.190395763932031,0.0631598503300688,0.139166666666667,0.183603123852355,45.2,0,0,0,0,45,2
G9_P4_case91.mat,13,0.184779037843003,0.20020044793264,-0.0723153494359913,0.345015771426395,0.194373688536423,0.0646234993481895,0.14,0.184779037843003,45.2,0,0,0,0,45,2
G9_P4_case91.mat,14,0.198149608932068,0.205336158080308,-0.151993310038119,0.354909067087294,0.199505829926842,0.0676208706143134,0.135,0.198149608932068,45.2,0,0,0,0,45,2
G9_P4_case91.mat,15,0.195535556646296,0.204113554387085,0.20998695089236,0.35658662039894,0.196971180310251,0.0639110875754828,0.134166666666667,0.195535556646296,45.2,0,0,0,0,45,2
G9_P4_case91.mat,16,0.1895401638748,0.200405160935008,0.210861047270949,0.34968144256208,0.192590786302264,0.0651734806792418,0.134166666666667,0.1895401638748,45.2,0,0,0,0,45,2
G9_P4_case91.mat,17,0.186932923003825,0.195306086559788,0.239235522984532,0.338334116746029,0.187955945139325,0.0661368858760902,0.138333333333333,0.186932923003825,45.2,0,0,0,0,45,2
G9_P4_case91.mat,18,0.197087436555522,0.202748885989108,-0.198382773859212,0.352777965397865,0.197191197919529,0.0671098676807395,0.141666666666667,0.197087436555522,45.2,0,0,0,0,45,2
G9_P4_case95.mat,1,0.13876012545522,0.18016676678154,0.183407223832019,0.309335741107559,0.176385538735948,0.0290743685479768,0.035,0.13876012545522,44.4,4,4,0,0,45,6
G9_P4_case95.mat,2,0.130359458289347,0.174413711131753,0.0327266999523983,0.301424083440229,0.168634468526094,0.0259432201737583,0.00666666666666667,0.130359458289347,44.4,4,4,0,0,45,6
G9_P4_case95.mat,3,0.132942816535967,0.176193336001448,0.0394354345748026,0.305984166513111,0.170685444031992,0.0269349800605132,0.02,0.132942816535967,44.4,4,4,0,0,45,6
G9_P4_case95.mat,4,0.135082670636753,0.179212049451575,-0.0460072954739235,0.310812048842741,0.173501717444164,0.0269047358323286,0.02,0.135082670636753,44.4,4,4,0,0,45,6
G9_P4_case95.mat,5,0.148996292827255,0.186464024280314,0.0557002975502377,0.322803218166681,0.180558257425405,0.0375089652251982,0.045,0.148996292827255,44.4,4,4,0,0,45,6
G9_P4_case95.mat,6,0.176504326494838,0.176152984984323,0.140289924139132,0.305014671539741,0.170058513022961,0.0615316828011066,0.133333333333333,0.176504326494838,44.4,4,4,0,0,45,6
G9_P4_case95.mat,7,0.179399658194982,0.185884139857952,0.144816203516337,0.320953715292151,0.181889314697769,0.0469213931351735,0.0966666666666667,0.179399658194982,44.4,4,4,0,0,45,6
G9_P4_case95.mat,8,0.184729972559114,0.17972747196566,-0.165493244770959,0.313761514516757,0.172653471323939,0.0679726551052443,0.11,0.184729972559114,31.2,4,4,0,0,45,6
G9_P4_case95.mat,9,0.220864219241388,0.173217653411618,-0.0654518562184657,0.303271630138445,0.164072848012337,0.0449136356061552,0.106666666666667,0.220864219241388,31.2,4,4,0,0,45,6
G9_P4_case95.mat,10,0.169669883683343,0.180213630312195,0.186321094370015,0.311012721970322,0.174982514686639,0.0423171665881025,0.105,0.169669883683343,31.2,4,4,0,0,45,6
G9_P4_case95.mat,11,0.161283949359503,0.18187432715535,-0.0502808449347166,0.316154087774149,0.176646393683456,0.0426318240498788,0.0916666666666667,0.161283949359503,31.2,4,4,0,0,45,6
G9_P4_case95.mat,12,0.160699986161176,0.182605193851527,-0.198840559028018,0.316847064844067,0.177073889381621,0.0418115174439521,0.0733333333333333,0.160699986161176,31.2,4,4,0,0,45,6
G9_P4_case95.mat,13,0.169934967104661,0.18150952457953,0.174135876165223,0.316278403619983,0.176550484214793,0.047421513869217,0.09,0.169934967104661,44.4,4,4,0,0,45,6
G9_P4_case95.mat,14,0.159709707785938,0.179414960628511,0.161192137350688,0.311021016345285,0.172381098926902,0.0488722397369578,0.0891666666666667,0.159709707785938,44.4,4,4,0,0,45,6
G9_P4_case95.mat,15,0.143257671253983,0.180603614490429,0.207585596939623,0.311101407808264,0.175655358499335,0.0361906681043866,0.0533333333333333,0.143257671253983,44.4,4,4,0,0,45,6
G9_P4_case95.mat,16,0.142804045569816,0.17701875533048,-0.0334832348046866,0.308908616116712,0.171290124857764,0.0379124488876681,0.0558333333333333,0.142804045569816,44.4,4,4,0,0,45,6
G9_P4_case95.mat,17,0.146459901224872,0.179715727573381,0.0904103074004914,0.310073991010052,0.175240559516031,0.0407384830141108,0.0666666666666667,0.146459901224872,44.4,4,4,0,0,45,6
G9_P4_case95.mat,18,0.147171476371293,0.180029737748482,0.24179549158295,0.31198046428367,0.173972038308917,0.0401374509651393,0.0616666666666667,0.147171476371293,44.4,4,4,0,0,45,6
G9_P4_case95.mat,19,0.146651353619412,0.18195132163312,-0.0761746972708451,0.315414161104328,0.176172239710806,0.0386384006473765,0.0533333333333333,0.146651353619412,44.4,4,4,0,0,45,6
G9_P4_case96.mat,1,0.17092320002496,0.00951733911606461,0.0671252795968388,0.019562600681245,0.00479859462375996,0.0797646469870528,0.179166666666667,0.17092320002496,44.4,0,0,1,4,45,6
G9_P4_case96.mat,2,0.120679618608753,0.00334555350894693,0.00689378693803767,0.00855988218496711,0.00384613400178145,0.0565568975878494,0.165,0.120679618608753,44.4,0,0,1,4,45,6
G9_P4_case96.mat,3,0.129900319227595,0.008981498753921,-0.094581180497949,0.0166649476601207,0.00818032918140897,0.0616983805957774,0.166666666666667,0.129900319227595,44.4,0,0,1,4,45,6
G9_P4_case96.mat,4,0.119470716147341,0.00999560798749465,-0.0171680562691247,0.0182113746571653,0.0105407475361618,0.0593031754867244,0.179166666666667,0.119470716147341,44.4,0,0,1,4,45,6
G9_P4_case96.mat,5,0.190708813039814,0.00259947803877525,0.110994805564334,0.00953231087929835,0.00145220275960103,0.093906636863624,0.185,0.190708813039814,44.4,0,0,1,4,45,6
G9_P4_case96.mat,6,0.294849361651937,0.00721525216632385,-0.0614008186948892,0.017694684184612,0.00783232102248905,0.153323117648532,0.181666666666667,0.294849361651937,44.4,0,0,1,4,45,6
G9_P4_case96.mat,7,0.266489953241998,0.00843775032373473,0.119423903280715,0.0217589268750007,0.0069238020988882,0.110748737491177,0.145833333333333,0.266489953241998,44.4,0,0,1,4,45,6
G9_P4_case96.mat,8,0.32264439835328,0.0108196537566599,-0.0631875360759176,0.0217179987267079,0.00837174033858881,0.154587282323329,0.1075,0.32264439835328,31.2,0,0,1,4,45,6
G9_P4_case96.mat,9,0.296886850339266,0.0122073274484177,-0.0213699368190218,0.0219299876122067,0.0133801518667778,0.110662510219316,0.126666666666667,0.296886850339266,31.2,0,0,1,4,45,6
G9_P4_case96.mat,10,0.198424433084158,0.00406668001475533,-0.0328159463751202,0.0102383573260912,0.00394681966438144,0.0882638986733088,0.1675,0.198424433084158,44.4,0,0,1,4,45,6
G9_P4_case96.mat,11,0.265577967944517,0.00705845387308129,0.0808879592904368,0.016433059041426,0.0083104390311964,0.110716348544948,0.131666666666667,0.265577967944517,31.2,0,0,1,4,45,6
G9_P4_case96.mat,12,0.229720468514448,0.00978237546827647,0.266196444622261,0.0215668774562795,0.00769928359451342,0.085660677951182,0.125,0.229720468514448,31.2,0,0,1,4,45,6
G9_P4_case96.mat,13,0.216079135733135,0.00916688326531597,-0.0861483626046596,0.0191243409936497,0.00931600744367909,0.102168107725191,0.163333333333333,0.216079135733135,44.4,0,0,1,4,45,6
G9_P4_case96.mat,14,0.223275759078471,0.0193508113430518,-0.182781344361699,0.0348915939304243,0.0190557285439711,0.117683406284742,0.184166666666667,0.223275759078471,44.4,0,0,1,4,45,6
G9_P4_case96.mat,15,0.147913958320223,0.00472519581675169,0.0158983001189126,0.00930813936825536,0.00336989274645615,0.0725243446580569,0.183333333333333,0.147913958320223,44.4,0,0,1,4,45,6
G9_P4_case96.mat,16,0.127765545051859,0.0130686538994722,0.0195936212069975,0.0224063352201162,0.0145900068256714,0.0666016130707834,0.183333333333333,0.127765545051859,44.4,0,0,1,4,45,6
G9_P4_case96.mat,17,0.16448723284877,0.00344621321891928,0.0911368924863142,0.00934972305747501,0.00259287040253639,0.0752816624374484,0.171666666666667,0.16448723284877,44.4,0,0,1,4,45,6
G9_P4_case96.mat,18,0.1875213605024,0.0101906970923103,0.0716452143904184,0.0180430411516695,0.0128761891365313,0.0768827325839113,0.1525,0.1875213605024,44.4,0,0,1,4,45,6
G9_P4_case96.mat,19,0.169887090802995,0.0317900584557176,0.0334041030423652,0.0606111042489691,0.0258271301215233,0.0715073103529382,0.14,0.169887090802995,44.4,0,0,1,4,45,6
